[0.000000] (-) TimerEvent: {}
[0.000450] (TF_study) JobQueued: {'identifier': 'TF_study', 'dependencies': OrderedDict()}
[0.000719] (face_detect) JobQueued: {'identifier': 'face_detect', 'dependencies': OrderedDict()}
[0.000804] (msg_interfaces) JobQueued: {'identifier': 'msg_interfaces', 'dependencies': OrderedDict()}
[0.000962] (pc_stuts) JobQueued: {'identifier': 'pc_stuts', 'dependencies': OrderedDict([('msg_interfaces', '/home/xc2204/ros2_new_study/src/install/msg_interfaces')])}
[0.001026] (test_pkg) JobQueued: {'identifier': 'test_pkg', 'dependencies': OrderedDict([('msg_interfaces', '/home/xc2204/ros2_new_study/src/install/msg_interfaces')])}
[0.001061] (msg_interfaces) JobStarted: {'identifier': 'msg_interfaces'}
[0.010098] (TF_study) JobStarted: {'identifier': 'TF_study'}
[0.016984] (face_detect) JobStarted: {'identifier': 'face_detect'}
[0.023837] (msg_interfaces) JobProgress: {'identifier': 'msg_interfaces', 'progress': 'cmake'}
[0.025503] (msg_interfaces) Command: {'cmd': ['/usr/bin/cmake', '/home/xc2204/ros2_new_study/src/msg_interfaces', '-DCMAKE_INSTALL_PREFIX=/home/xc2204/ros2_new_study/src/install/msg_interfaces'], 'cwd': '/home/xc2204/ros2_new_study/src/build/msg_interfaces', 'env': OrderedDict([('PYTHON_BASIC_REPL', '1'), ('LESSOPEN', '| /usr/bin/lesspipe %s'), ('USER', 'xc2204'), ('GIT_ASKPASS', '/home/xc2204/.vscode-server/bin/f6cfa2ea2403534de03f069bdf160d06451ed282/extensions/git/dist/askpass.sh'), ('SHLVL', '1'), ('RCUTILS_CONSOLE_OUTPUT_FORMAT', '[{function_name}:{line_number}]: {message}'), ('LD_LIBRARY_PATH', '/home/xc2204/ros2_new_study/install/msg_interfaces/lib:/usr/lib/x86_64-linux-gnu/gazebo-11/plugins:/opt/ros/humble/opt/rviz_ogre_vendor/lib:/opt/ros/humble/lib/x86_64-linux-gnu:/opt/ros/humble/lib'), ('MOTD_SHOWN', 'update-motd'), ('HOME', '/home/xc2204'), ('OLDPWD', '/home/xc2204/ros2_new_study'), ('TERM_PROGRAM_VERSION', '1.121.0'), ('VSCODE_IPC_HOOK_CLI', '/run/user/1000/vscode-ipc-818c1935-63c3-4c9f-95b7-9cbedf9bdddd.sock'), ('ROS_PYTHON_VERSION', '3'), ('VSCODE_GIT_ASKPASS_MAIN', '/home/xc2204/.vscode-server/bin/f6cfa2ea2403534de03f069bdf160d06451ed282/extensions/git/dist/askpass-main.js'), ('VSCODE_GIT_ASKPASS_NODE', '/home/xc2204/.vscode-server/bin/f6cfa2ea2403534de03f069bdf160d06451ed282/node'), ('PYDEVD_DISABLE_FILE_VALIDATION', '1'), ('BUNDLED_DEBUGPY_PATH', '/home/xc2204/.vscode-server/extensions/ms-python.debugpy-2026.6.0-linux-x64/bundled/libs/debugpy'), ('VSCODE_PYTHON_AUTOACTIVATE_GUARD', '1'), ('DBUS_SESSION_BUS_ADDRESS', 'unix:path=/run/user/1000/bus'), ('COLORTERM', 'truecolor'), ('WSL_DISTRO_NAME', 'Ubuntu-22.04'), ('WAYLAND_DISPLAY', 'wayland-0'), ('COLCON_PREFIX_PATH', '/home/xc2204/ros2_new_study/install'), ('ROS_DISTRO', 'humble'), ('LOGNAME', 'xc2204'), ('NAME', 'DESKTOP-LOL67EV'), ('WSL_INTEROP', '/run/WSL/86394_interop'), ('PULSE_SERVER', 'unix:/mnt/wslg/PulseServer'), ('_', '/usr/bin/colcon'), ('ROS_VERSION', '2'), ('TERM', 'xterm-256color'), ('ROS_LOCALHOST_ONLY', '0'), ('PATH', '/home/xc2204/.local/bin:/home/xc2204/.vscode-server/data/User/globalStorage/github.copilot-chat/debugCommand:/home/xc2204/.vscode-server/data/User/globalStorage/github.copilot-chat/copilotCli:/home/xc2204/.vscode-server/bin/f6cfa2ea2403534de03f069bdf160d06451ed282/bin/remote-cli:/home/xc2204/.local/bin:/home/xc2204/.local/bin:/opt/ros/humble/bin:/usr/local/sbin:/usr/local/bin:/usr/sbin:/usr/bin:/sbin:/bin:/usr/games:/usr/local/games:/usr/lib/wsl/lib:/mnt/c/app/vmware station/bin/:/mnt/c/app/python3.13.2/Scripts/:/mnt/c/app/python3.13.2/:/mnt/c/WINDOWS/system32:/mnt/c/WINDOWS:/mnt/c/WINDOWS/System32/Wbem:/mnt/c/WINDOWS/System32/WindowsPowerShell/v1.0/:/mnt/c/WINDOWS/System32/OpenSSH/:/mnt/c/Users/Administrator/AppData/Local/Microsoft/WindowsApps:/mnt/c/Recovery/OEM/Backup/:/mnt/c/Program Files/dotnet/:/mnt/c/Program Files (x86)/NVIDIA Corporation/PhysX/Common:/mnt/c/Windows Kits/10/Windows Performance Toolkit/:/mnt/c/WINDOWS/system32:/mnt/c/WINDOWS:/mnt/c/WINDOWS/System32/Wbem:/mnt/c/WINDOWS/System32/WindowsPowerShell/v1.0/:/mnt/c/WINDOWS/System32/OpenSSH/:/mnt/c/app/MySQL/MySQL/MySQL Server 8.0/bin:/mnt/c/Program Files/nvm:/mnt/c/nvm4w/nodejs:/mnt/c/ProgramData/chocolatey/bin:/mnt/c/Program Files/nvm/v16.18.0:/mnt/c/app/web_study/Java11.0.30/bin:/mnt/c/Program Files (x86)/Microsoft SQL Server/160/Tools/Binn/:/mnt/c/Program Files/Microsoft SQL Server/160/Tools/Binn/:/mnt/c/Program Files/Microsoft SQL Server/Client SDK/ODBC/170/Tools/Binn/:/mnt/c/Program Files/Microsoft SQL Server/160/DTS/Binn/:/mnt/c/Program Files (x86)/Windows Kits/8.1/Windows Performance Toolkit/:/mnt/c/Program Files/NVIDIA Corporation/NVIDIA App/NvDLISR:/mnt/c/app/git/git/Git/cmd:/mnt/c/app/git/git/Git/mingw64/bin:/mnt/c/app/git/git/Git/usr/bin:/mnt/d/app/Matlab/matlab/runtime/win64:/mnt/d/app/Matlab/matlab/bin:/mnt/c/Program Files/Docker/Docker/resources/bin:/mnt/c/Program Files (x86)/Go/bin:/mnt/c/app/MySQL/MySQL/MySQL Shell 8.0/bin/:/mnt/c/Users/xc/AppData/Local/Microsoft/WindowsApps:/mnt/c/app/vscode/Microsoft VS Code/bin:/mnt/c/app/idea/IntelliJ IDEA Community Edition 2025.1.1.1/bin:/mnt/c/Program Files/nvm:/mnt/c/nvm4w/nodejs:/mnt/b/app/anaconda:/mnt/b/app/anaconda/Scripts:/mnt/b/app/anaconda/Library/bin:/mnt/b/opencv/opencv/build/x64/vc16/bin:/mnt/c/Users/xc/.dotnet/tools:/mnt/c/Users/xc/AppData/Local/Programs/Ollama:/mnt/c/Users/xc/.local/bin/:/mnt/c/Users/xc/go/bin:/snap/bin:/home/xc2204/.vscode-server/extensions/ms-python.debugpy-2026.6.0-linux-x64/bundled/scripts/noConfigScripts'), ('XDG_RUNTIME_DIR', '/run/user/1000/'), ('DISPLAY', ':0'), ('VSCODE_DEBUGPY_ADAPTER_ENDPOINTS', '/home/xc2204/.vscode-server/extensions/ms-python.debugpy-2026.6.0-linux-x64/.noConfigDebugAdapterEndpoints/endpoint-fe672440baee17d7.txt'), ('LANG', 'C.UTF-8'), ('PYTHONSTARTUP', '/home/xc2204/.vscode-server/data/User/workspaceStorage/edf733d14958791d67cbdcdbb8519592/ms-python.python/pythonrc.py'), ('LS_COLORS', 'rs=0:di=01;34:ln=01;36:mh=00:pi=40;33:so=01;35:do=01;35:bd=40;33;01:cd=40;33;01:or=40;31;01:mi=00:su=37;41:sg=30;43:ca=30;41:tw=30;42:ow=34;42:st=37;44:ex=01;32:*.tar=01;31:*.tgz=01;31:*.arc=01;31:*.arj=01;31:*.taz=01;31:*.lha=01;31:*.lz4=01;31:*.lzh=01;31:*.lzma=01;31:*.tlz=01;31:*.txz=01;31:*.tzo=01;31:*.t7z=01;31:*.zip=01;31:*.z=01;31:*.dz=01;31:*.gz=01;31:*.lrz=01;31:*.lz=01;31:*.lzo=01;31:*.xz=01;31:*.zst=01;31:*.tzst=01;31:*.bz2=01;31:*.bz=01;31:*.tbz=01;31:*.tbz2=01;31:*.tz=01;31:*.deb=01;31:*.rpm=01;31:*.jar=01;31:*.war=01;31:*.ear=01;31:*.sar=01;31:*.rar=01;31:*.alz=01;31:*.ace=01;31:*.zoo=01;31:*.cpio=01;31:*.7z=01;31:*.rz=01;31:*.cab=01;31:*.wim=01;31:*.swm=01;31:*.dwm=01;31:*.esd=01;31:*.jpg=01;35:*.jpeg=01;35:*.mjpg=01;35:*.mjpeg=01;35:*.gif=01;35:*.bmp=01;35:*.pbm=01;35:*.pgm=01;35:*.ppm=01;35:*.tga=01;35:*.xbm=01;35:*.xpm=01;35:*.tif=01;35:*.tiff=01;35:*.png=01;35:*.svg=01;35:*.svgz=01;35:*.mng=01;35:*.pcx=01;35:*.mov=01;35:*.mpg=01;35:*.mpeg=01;35:*.m2v=01;35:*.mkv=01;35:*.webm=01;35:*.webp=01;35:*.ogm=01;35:*.mp4=01;35:*.m4v=01;35:*.mp4v=01;35:*.vob=01;35:*.qt=01;35:*.nuv=01;35:*.wmv=01;35:*.asf=01;35:*.rm=01;35:*.rmvb=01;35:*.flc=01;35:*.avi=01;35:*.fli=01;35:*.flv=01;35:*.gl=01;35:*.dl=01;35:*.xcf=01;35:*.xwd=01;35:*.yuv=01;35:*.cgm=01;35:*.emf=01;35:*.ogv=01;35:*.ogx=01;35:*.aac=00;36:*.au=00;36:*.flac=00;36:*.m4a=00;36:*.mid=00;36:*.midi=00;36:*.mka=00;36:*.mp3=00;36:*.mpc=00;36:*.ogg=00;36:*.ra=00;36:*.wav=00;36:*.oga=00;36:*.opus=00;36:*.spx=00;36:*.xspf=00;36:'), ('VSCODE_GIT_IPC_HANDLE', '/run/user/1000/vscode-git-0900024275.sock'), ('TERM_PROGRAM', 'vscode'), ('AMENT_PREFIX_PATH', '/home/xc2204/ros2_new_study/install/test_pkg:/home/xc2204/ros2_new_study/install/pc_stuts:/home/xc2204/ros2_new_study/install/msg_interfaces:/home/xc2204/ros2_new_study/install/face_detect:/opt/ros/humble'), ('SHELL', '/bin/bash'), ('LESSCLOSE', '/usr/bin/lesspipe %s %s'), ('VSCODE_GIT_ASKPASS_EXTRA_ARGS', ''), ('PWD', '/home/xc2204/ros2_new_study/src/build/msg_interfaces'), ('XDG_DATA_DIRS', '/usr/local/share:/usr/share:/var/lib/snapd/desktop'), ('PYTHONPATH', '/home/xc2204/ros2_new_study/install/test_pkg/lib/python3.10/site-packages:/home/xc2204/ros2_new_study/install/pc_stuts/lib/python3.10/site-packages:/home/xc2204/ros2_new_study/install/msg_interfaces/local/lib/python3.10/dist-packages:/home/xc2204/ros2_new_study/install/face_detect/lib/python3.10/site-packages:/opt/ros/humble/lib/python3.10/site-packages:/opt/ros/humble/local/lib/python3.10/dist-packages'), ('COLCON', '1'), ('WSL2_GUI_APPS_ENABLED', '1'), ('HOSTTYPE', 'x86_64'), ('CMAKE_PREFIX_PATH', '/home/xc2204/ros2_new_study/install/msg_interfaces:/home/xc2204/ros2_new_study/install/test_pkg:/home/xc2204/ros2_new_study/install/pc_stuts:/home/xc2204/ros2_new_study/install/face_detect:/opt/ros/humble'), ('WSLENV', 'VSCODE_WSL_EXT_LOCATION/up')]), 'shell': False}
[0.099720] (-) TimerEvent: {}
[0.200246] (-) TimerEvent: {}
[0.300807] (-) TimerEvent: {}
[0.346309] (msg_interfaces) StdoutLine: {'line': b'-- The C compiler identification is GNU 11.4.0\n'}
[0.401524] (-) TimerEvent: {}
[0.503614] (-) TimerEvent: {}
[0.605039] (-) TimerEvent: {}
[0.705482] (-) TimerEvent: {}
[0.807510] (-) TimerEvent: {}
[0.875507] (face_detect) Command: {'cmd': ['/usr/bin/python3', '-W', 'ignore:setup.py install is deprecated', '-W', 'ignore:easy_install command is deprecated', 'setup.py', 'egg_info', '--egg-base', '../build/face_detect', 'build', '--build-base', '/home/xc2204/ros2_new_study/src/build/face_detect/build', 'install', '--record', '/home/xc2204/ros2_new_study/src/build/face_detect/install.log', '--single-version-externally-managed', 'install_data'], 'cwd': '/home/xc2204/ros2_new_study/src/face_detect', 'env': {'PYTHON_BASIC_REPL': '1', 'LESSOPEN': '| /usr/bin/lesspipe %s', 'USER': 'xc2204', 'GIT_ASKPASS': '/home/xc2204/.vscode-server/bin/f6cfa2ea2403534de03f069bdf160d06451ed282/extensions/git/dist/askpass.sh', 'SHLVL': '1', 'RCUTILS_CONSOLE_OUTPUT_FORMAT': '[{function_name}:{line_number}]: {message}', 'LD_LIBRARY_PATH': '/home/xc2204/ros2_new_study/install/msg_interfaces/lib:/usr/lib/x86_64-linux-gnu/gazebo-11/plugins:/opt/ros/humble/opt/rviz_ogre_vendor/lib:/opt/ros/humble/lib/x86_64-linux-gnu:/opt/ros/humble/lib', 'MOTD_SHOWN': 'update-motd', 'HOME': '/home/xc2204', 'OLDPWD': '/home/xc2204/ros2_new_study', 'TERM_PROGRAM_VERSION': '1.121.0', 'VSCODE_IPC_HOOK_CLI': '/run/user/1000/vscode-ipc-818c1935-63c3-4c9f-95b7-9cbedf9bdddd.sock', 'ROS_PYTHON_VERSION': '3', 'VSCODE_GIT_ASKPASS_MAIN': '/home/xc2204/.vscode-server/bin/f6cfa2ea2403534de03f069bdf160d06451ed282/extensions/git/dist/askpass-main.js', 'VSCODE_GIT_ASKPASS_NODE': '/home/xc2204/.vscode-server/bin/f6cfa2ea2403534de03f069bdf160d06451ed282/node', 'PYDEVD_DISABLE_FILE_VALIDATION': '1', 'BUNDLED_DEBUGPY_PATH': '/home/xc2204/.vscode-server/extensions/ms-python.debugpy-2026.6.0-linux-x64/bundled/libs/debugpy', 'VSCODE_PYTHON_AUTOACTIVATE_GUARD': '1', 'DBUS_SESSION_BUS_ADDRESS': 'unix:path=/run/user/1000/bus', 'COLORTERM': 'truecolor', 'WSL_DISTRO_NAME': 'Ubuntu-22.04', 'WAYLAND_DISPLAY': 'wayland-0', 'COLCON_PREFIX_PATH': '/home/xc2204/ros2_new_study/install', 'ROS_DISTRO': 'humble', 'LOGNAME': 'xc2204', 'NAME': 'DESKTOP-LOL67EV', 'WSL_INTEROP': '/run/WSL/86394_interop', 'PULSE_SERVER': 'unix:/mnt/wslg/PulseServer', '_': '/usr/bin/colcon', 'ROS_VERSION': '2', 'TERM': 'xterm-256color', 'ROS_LOCALHOST_ONLY': '0', 'PATH': '/home/xc2204/.local/bin:/home/xc2204/.vscode-server/data/User/globalStorage/github.copilot-chat/debugCommand:/home/xc2204/.vscode-server/data/User/globalStorage/github.copilot-chat/copilotCli:/home/xc2204/.vscode-server/bin/f6cfa2ea2403534de03f069bdf160d06451ed282/bin/remote-cli:/home/xc2204/.local/bin:/home/xc2204/.local/bin:/opt/ros/humble/bin:/usr/local/sbin:/usr/local/bin:/usr/sbin:/usr/bin:/sbin:/bin:/usr/games:/usr/local/games:/usr/lib/wsl/lib:/mnt/c/app/vmware station/bin/:/mnt/c/app/python3.13.2/Scripts/:/mnt/c/app/python3.13.2/:/mnt/c/WINDOWS/system32:/mnt/c/WINDOWS:/mnt/c/WINDOWS/System32/Wbem:/mnt/c/WINDOWS/System32/WindowsPowerShell/v1.0/:/mnt/c/WINDOWS/System32/OpenSSH/:/mnt/c/Users/Administrator/AppData/Local/Microsoft/WindowsApps:/mnt/c/Recovery/OEM/Backup/:/mnt/c/Program Files/dotnet/:/mnt/c/Program Files (x86)/NVIDIA Corporation/PhysX/Common:/mnt/c/Windows Kits/10/Windows Performance Toolkit/:/mnt/c/WINDOWS/system32:/mnt/c/WINDOWS:/mnt/c/WINDOWS/System32/Wbem:/mnt/c/WINDOWS/System32/WindowsPowerShell/v1.0/:/mnt/c/WINDOWS/System32/OpenSSH/:/mnt/c/app/MySQL/MySQL/MySQL Server 8.0/bin:/mnt/c/Program Files/nvm:/mnt/c/nvm4w/nodejs:/mnt/c/ProgramData/chocolatey/bin:/mnt/c/Program Files/nvm/v16.18.0:/mnt/c/app/web_study/Java11.0.30/bin:/mnt/c/Program Files (x86)/Microsoft SQL Server/160/Tools/Binn/:/mnt/c/Program Files/Microsoft SQL Server/160/Tools/Binn/:/mnt/c/Program Files/Microsoft SQL Server/Client SDK/ODBC/170/Tools/Binn/:/mnt/c/Program Files/Microsoft SQL Server/160/DTS/Binn/:/mnt/c/Program Files (x86)/Windows Kits/8.1/Windows Performance Toolkit/:/mnt/c/Program Files/NVIDIA Corporation/NVIDIA App/NvDLISR:/mnt/c/app/git/git/Git/cmd:/mnt/c/app/git/git/Git/mingw64/bin:/mnt/c/app/git/git/Git/usr/bin:/mnt/d/app/Matlab/matlab/runtime/win64:/mnt/d/app/Matlab/matlab/bin:/mnt/c/Program Files/Docker/Docker/resources/bin:/mnt/c/Program Files (x86)/Go/bin:/mnt/c/app/MySQL/MySQL/MySQL Shell 8.0/bin/:/mnt/c/Users/xc/AppData/Local/Microsoft/WindowsApps:/mnt/c/app/vscode/Microsoft VS Code/bin:/mnt/c/app/idea/IntelliJ IDEA Community Edition 2025.1.1.1/bin:/mnt/c/Program Files/nvm:/mnt/c/nvm4w/nodejs:/mnt/b/app/anaconda:/mnt/b/app/anaconda/Scripts:/mnt/b/app/anaconda/Library/bin:/mnt/b/opencv/opencv/build/x64/vc16/bin:/mnt/c/Users/xc/.dotnet/tools:/mnt/c/Users/xc/AppData/Local/Programs/Ollama:/mnt/c/Users/xc/.local/bin/:/mnt/c/Users/xc/go/bin:/snap/bin:/home/xc2204/.vscode-server/extensions/ms-python.debugpy-2026.6.0-linux-x64/bundled/scripts/noConfigScripts', 'XDG_RUNTIME_DIR': '/run/user/1000/', 'DISPLAY': ':0', 'VSCODE_DEBUGPY_ADAPTER_ENDPOINTS': '/home/xc2204/.vscode-server/extensions/ms-python.debugpy-2026.6.0-linux-x64/.noConfigDebugAdapterEndpoints/endpoint-fe672440baee17d7.txt', 'LANG': 'C.UTF-8', 'PYTHONSTARTUP': '/home/xc2204/.vscode-server/data/User/workspaceStorage/edf733d14958791d67cbdcdbb8519592/ms-python.python/pythonrc.py', 'LS_COLORS': 'rs=0:di=01;34:ln=01;36:mh=00:pi=40;33:so=01;35:do=01;35:bd=40;33;01:cd=40;33;01:or=40;31;01:mi=00:su=37;41:sg=30;43:ca=30;41:tw=30;42:ow=34;42:st=37;44:ex=01;32:*.tar=01;31:*.tgz=01;31:*.arc=01;31:*.arj=01;31:*.taz=01;31:*.lha=01;31:*.lz4=01;31:*.lzh=01;31:*.lzma=01;31:*.tlz=01;31:*.txz=01;31:*.tzo=01;31:*.t7z=01;31:*.zip=01;31:*.z=01;31:*.dz=01;31:*.gz=01;31:*.lrz=01;31:*.lz=01;31:*.lzo=01;31:*.xz=01;31:*.zst=01;31:*.tzst=01;31:*.bz2=01;31:*.bz=01;31:*.tbz=01;31:*.tbz2=01;31:*.tz=01;31:*.deb=01;31:*.rpm=01;31:*.jar=01;31:*.war=01;31:*.ear=01;31:*.sar=01;31:*.rar=01;31:*.alz=01;31:*.ace=01;31:*.zoo=01;31:*.cpio=01;31:*.7z=01;31:*.rz=01;31:*.cab=01;31:*.wim=01;31:*.swm=01;31:*.dwm=01;31:*.esd=01;31:*.jpg=01;35:*.jpeg=01;35:*.mjpg=01;35:*.mjpeg=01;35:*.gif=01;35:*.bmp=01;35:*.pbm=01;35:*.pgm=01;35:*.ppm=01;35:*.tga=01;35:*.xbm=01;35:*.xpm=01;35:*.tif=01;35:*.tiff=01;35:*.png=01;35:*.svg=01;35:*.svgz=01;35:*.mng=01;35:*.pcx=01;35:*.mov=01;35:*.mpg=01;35:*.mpeg=01;35:*.m2v=01;35:*.mkv=01;35:*.webm=01;35:*.webp=01;35:*.ogm=01;35:*.mp4=01;35:*.m4v=01;35:*.mp4v=01;35:*.vob=01;35:*.qt=01;35:*.nuv=01;35:*.wmv=01;35:*.asf=01;35:*.rm=01;35:*.rmvb=01;35:*.flc=01;35:*.avi=01;35:*.fli=01;35:*.flv=01;35:*.gl=01;35:*.dl=01;35:*.xcf=01;35:*.xwd=01;35:*.yuv=01;35:*.cgm=01;35:*.emf=01;35:*.ogv=01;35:*.ogx=01;35:*.aac=00;36:*.au=00;36:*.flac=00;36:*.m4a=00;36:*.mid=00;36:*.midi=00;36:*.mka=00;36:*.mp3=00;36:*.mpc=00;36:*.ogg=00;36:*.ra=00;36:*.wav=00;36:*.oga=00;36:*.opus=00;36:*.spx=00;36:*.xspf=00;36:', 'VSCODE_GIT_IPC_HANDLE': '/run/user/1000/vscode-git-0900024275.sock', 'TERM_PROGRAM': 'vscode', 'AMENT_PREFIX_PATH': '/home/xc2204/ros2_new_study/install/test_pkg:/home/xc2204/ros2_new_study/install/pc_stuts:/home/xc2204/ros2_new_study/install/msg_interfaces:/home/xc2204/ros2_new_study/install/face_detect:/opt/ros/humble', 'SHELL': '/bin/bash', 'LESSCLOSE': '/usr/bin/lesspipe %s %s', 'VSCODE_GIT_ASKPASS_EXTRA_ARGS': '', 'PWD': '/home/xc2204/ros2_new_study/src/build/face_detect', 'XDG_DATA_DIRS': '/usr/local/share:/usr/share:/var/lib/snapd/desktop', 'PYTHONPATH': '/home/xc2204/ros2_new_study/src/build/face_detect/prefix_override:/usr/lib/python3/dist-packages/colcon_core/task/python/colcon_distutils_commands:/home/xc2204/ros2_new_study/src/install/face_detect/lib/python3.10/site-packages:/home/xc2204/ros2_new_study/install/test_pkg/lib/python3.10/site-packages:/home/xc2204/ros2_new_study/install/pc_stuts/lib/python3.10/site-packages:/home/xc2204/ros2_new_study/install/msg_interfaces/local/lib/python3.10/dist-packages:/home/xc2204/ros2_new_study/install/face_detect/lib/python3.10/site-packages:/opt/ros/humble/lib/python3.10/site-packages:/opt/ros/humble/local/lib/python3.10/dist-packages', 'COLCON': '1', 'WSL2_GUI_APPS_ENABLED': '1', 'HOSTTYPE': 'x86_64', 'CMAKE_PREFIX_PATH': '/home/xc2204/ros2_new_study/install/msg_interfaces', 'WSLENV': 'VSCODE_WSL_EXT_LOCATION/up'}, 'shell': False}
[0.880074] (TF_study) Command: {'cmd': ['/usr/bin/python3', '-W', 'ignore:setup.py install is deprecated', '-W', 'ignore:easy_install command is deprecated', 'setup.py', 'egg_info', '--egg-base', '../build/TF_study', 'build', '--build-base', '/home/xc2204/ros2_new_study/src/build/TF_study/build', 'install', '--record', '/home/xc2204/ros2_new_study/src/build/TF_study/install.log', '--single-version-externally-managed', 'install_data'], 'cwd': '/home/xc2204/ros2_new_study/src/TF_study', 'env': {'PYTHON_BASIC_REPL': '1', 'LESSOPEN': '| /usr/bin/lesspipe %s', 'USER': 'xc2204', 'GIT_ASKPASS': '/home/xc2204/.vscode-server/bin/f6cfa2ea2403534de03f069bdf160d06451ed282/extensions/git/dist/askpass.sh', 'SHLVL': '1', 'RCUTILS_CONSOLE_OUTPUT_FORMAT': '[{function_name}:{line_number}]: {message}', 'LD_LIBRARY_PATH': '/home/xc2204/ros2_new_study/install/msg_interfaces/lib:/usr/lib/x86_64-linux-gnu/gazebo-11/plugins:/opt/ros/humble/opt/rviz_ogre_vendor/lib:/opt/ros/humble/lib/x86_64-linux-gnu:/opt/ros/humble/lib', 'MOTD_SHOWN': 'update-motd', 'HOME': '/home/xc2204', 'OLDPWD': '/home/xc2204/ros2_new_study', 'TERM_PROGRAM_VERSION': '1.121.0', 'VSCODE_IPC_HOOK_CLI': '/run/user/1000/vscode-ipc-818c1935-63c3-4c9f-95b7-9cbedf9bdddd.sock', 'ROS_PYTHON_VERSION': '3', 'VSCODE_GIT_ASKPASS_MAIN': '/home/xc2204/.vscode-server/bin/f6cfa2ea2403534de03f069bdf160d06451ed282/extensions/git/dist/askpass-main.js', 'VSCODE_GIT_ASKPASS_NODE': '/home/xc2204/.vscode-server/bin/f6cfa2ea2403534de03f069bdf160d06451ed282/node', 'PYDEVD_DISABLE_FILE_VALIDATION': '1', 'BUNDLED_DEBUGPY_PATH': '/home/xc2204/.vscode-server/extensions/ms-python.debugpy-2026.6.0-linux-x64/bundled/libs/debugpy', 'VSCODE_PYTHON_AUTOACTIVATE_GUARD': '1', 'DBUS_SESSION_BUS_ADDRESS': 'unix:path=/run/user/1000/bus', 'COLORTERM': 'truecolor', 'WSL_DISTRO_NAME': 'Ubuntu-22.04', 'WAYLAND_DISPLAY': 'wayland-0', 'COLCON_PREFIX_PATH': '/home/xc2204/ros2_new_study/install', 'ROS_DISTRO': 'humble', 'LOGNAME': 'xc2204', 'NAME': 'DESKTOP-LOL67EV', 'WSL_INTEROP': '/run/WSL/86394_interop', 'PULSE_SERVER': 'unix:/mnt/wslg/PulseServer', '_': '/usr/bin/colcon', 'ROS_VERSION': '2', 'TERM': 'xterm-256color', 'ROS_LOCALHOST_ONLY': '0', 'PATH': '/home/xc2204/.local/bin:/home/xc2204/.vscode-server/data/User/globalStorage/github.copilot-chat/debugCommand:/home/xc2204/.vscode-server/data/User/globalStorage/github.copilot-chat/copilotCli:/home/xc2204/.vscode-server/bin/f6cfa2ea2403534de03f069bdf160d06451ed282/bin/remote-cli:/home/xc2204/.local/bin:/home/xc2204/.local/bin:/opt/ros/humble/bin:/usr/local/sbin:/usr/local/bin:/usr/sbin:/usr/bin:/sbin:/bin:/usr/games:/usr/local/games:/usr/lib/wsl/lib:/mnt/c/app/vmware station/bin/:/mnt/c/app/python3.13.2/Scripts/:/mnt/c/app/python3.13.2/:/mnt/c/WINDOWS/system32:/mnt/c/WINDOWS:/mnt/c/WINDOWS/System32/Wbem:/mnt/c/WINDOWS/System32/WindowsPowerShell/v1.0/:/mnt/c/WINDOWS/System32/OpenSSH/:/mnt/c/Users/Administrator/AppData/Local/Microsoft/WindowsApps:/mnt/c/Recovery/OEM/Backup/:/mnt/c/Program Files/dotnet/:/mnt/c/Program Files (x86)/NVIDIA Corporation/PhysX/Common:/mnt/c/Windows Kits/10/Windows Performance Toolkit/:/mnt/c/WINDOWS/system32:/mnt/c/WINDOWS:/mnt/c/WINDOWS/System32/Wbem:/mnt/c/WINDOWS/System32/WindowsPowerShell/v1.0/:/mnt/c/WINDOWS/System32/OpenSSH/:/mnt/c/app/MySQL/MySQL/MySQL Server 8.0/bin:/mnt/c/Program Files/nvm:/mnt/c/nvm4w/nodejs:/mnt/c/ProgramData/chocolatey/bin:/mnt/c/Program Files/nvm/v16.18.0:/mnt/c/app/web_study/Java11.0.30/bin:/mnt/c/Program Files (x86)/Microsoft SQL Server/160/Tools/Binn/:/mnt/c/Program Files/Microsoft SQL Server/160/Tools/Binn/:/mnt/c/Program Files/Microsoft SQL Server/Client SDK/ODBC/170/Tools/Binn/:/mnt/c/Program Files/Microsoft SQL Server/160/DTS/Binn/:/mnt/c/Program Files (x86)/Windows Kits/8.1/Windows Performance Toolkit/:/mnt/c/Program Files/NVIDIA Corporation/NVIDIA App/NvDLISR:/mnt/c/app/git/git/Git/cmd:/mnt/c/app/git/git/Git/mingw64/bin:/mnt/c/app/git/git/Git/usr/bin:/mnt/d/app/Matlab/matlab/runtime/win64:/mnt/d/app/Matlab/matlab/bin:/mnt/c/Program Files/Docker/Docker/resources/bin:/mnt/c/Program Files (x86)/Go/bin:/mnt/c/app/MySQL/MySQL/MySQL Shell 8.0/bin/:/mnt/c/Users/xc/AppData/Local/Microsoft/WindowsApps:/mnt/c/app/vscode/Microsoft VS Code/bin:/mnt/c/app/idea/IntelliJ IDEA Community Edition 2025.1.1.1/bin:/mnt/c/Program Files/nvm:/mnt/c/nvm4w/nodejs:/mnt/b/app/anaconda:/mnt/b/app/anaconda/Scripts:/mnt/b/app/anaconda/Library/bin:/mnt/b/opencv/opencv/build/x64/vc16/bin:/mnt/c/Users/xc/.dotnet/tools:/mnt/c/Users/xc/AppData/Local/Programs/Ollama:/mnt/c/Users/xc/.local/bin/:/mnt/c/Users/xc/go/bin:/snap/bin:/home/xc2204/.vscode-server/extensions/ms-python.debugpy-2026.6.0-linux-x64/bundled/scripts/noConfigScripts', 'XDG_RUNTIME_DIR': '/run/user/1000/', 'DISPLAY': ':0', 'VSCODE_DEBUGPY_ADAPTER_ENDPOINTS': '/home/xc2204/.vscode-server/extensions/ms-python.debugpy-2026.6.0-linux-x64/.noConfigDebugAdapterEndpoints/endpoint-fe672440baee17d7.txt', 'LANG': 'C.UTF-8', 'PYTHONSTARTUP': '/home/xc2204/.vscode-server/data/User/workspaceStorage/edf733d14958791d67cbdcdbb8519592/ms-python.python/pythonrc.py', 'LS_COLORS': 'rs=0:di=01;34:ln=01;36:mh=00:pi=40;33:so=01;35:do=01;35:bd=40;33;01:cd=40;33;01:or=40;31;01:mi=00:su=37;41:sg=30;43:ca=30;41:tw=30;42:ow=34;42:st=37;44:ex=01;32:*.tar=01;31:*.tgz=01;31:*.arc=01;31:*.arj=01;31:*.taz=01;31:*.lha=01;31:*.lz4=01;31:*.lzh=01;31:*.lzma=01;31:*.tlz=01;31:*.txz=01;31:*.tzo=01;31:*.t7z=01;31:*.zip=01;31:*.z=01;31:*.dz=01;31:*.gz=01;31:*.lrz=01;31:*.lz=01;31:*.lzo=01;31:*.xz=01;31:*.zst=01;31:*.tzst=01;31:*.bz2=01;31:*.bz=01;31:*.tbz=01;31:*.tbz2=01;31:*.tz=01;31:*.deb=01;31:*.rpm=01;31:*.jar=01;31:*.war=01;31:*.ear=01;31:*.sar=01;31:*.rar=01;31:*.alz=01;31:*.ace=01;31:*.zoo=01;31:*.cpio=01;31:*.7z=01;31:*.rz=01;31:*.cab=01;31:*.wim=01;31:*.swm=01;31:*.dwm=01;31:*.esd=01;31:*.jpg=01;35:*.jpeg=01;35:*.mjpg=01;35:*.mjpeg=01;35:*.gif=01;35:*.bmp=01;35:*.pbm=01;35:*.pgm=01;35:*.ppm=01;35:*.tga=01;35:*.xbm=01;35:*.xpm=01;35:*.tif=01;35:*.tiff=01;35:*.png=01;35:*.svg=01;35:*.svgz=01;35:*.mng=01;35:*.pcx=01;35:*.mov=01;35:*.mpg=01;35:*.mpeg=01;35:*.m2v=01;35:*.mkv=01;35:*.webm=01;35:*.webp=01;35:*.ogm=01;35:*.mp4=01;35:*.m4v=01;35:*.mp4v=01;35:*.vob=01;35:*.qt=01;35:*.nuv=01;35:*.wmv=01;35:*.asf=01;35:*.rm=01;35:*.rmvb=01;35:*.flc=01;35:*.avi=01;35:*.fli=01;35:*.flv=01;35:*.gl=01;35:*.dl=01;35:*.xcf=01;35:*.xwd=01;35:*.yuv=01;35:*.cgm=01;35:*.emf=01;35:*.ogv=01;35:*.ogx=01;35:*.aac=00;36:*.au=00;36:*.flac=00;36:*.m4a=00;36:*.mid=00;36:*.midi=00;36:*.mka=00;36:*.mp3=00;36:*.mpc=00;36:*.ogg=00;36:*.ra=00;36:*.wav=00;36:*.oga=00;36:*.opus=00;36:*.spx=00;36:*.xspf=00;36:', 'VSCODE_GIT_IPC_HANDLE': '/run/user/1000/vscode-git-0900024275.sock', 'TERM_PROGRAM': 'vscode', 'AMENT_PREFIX_PATH': '/home/xc2204/ros2_new_study/install/test_pkg:/home/xc2204/ros2_new_study/install/pc_stuts:/home/xc2204/ros2_new_study/install/msg_interfaces:/home/xc2204/ros2_new_study/install/face_detect:/opt/ros/humble', 'SHELL': '/bin/bash', 'LESSCLOSE': '/usr/bin/lesspipe %s %s', 'VSCODE_GIT_ASKPASS_EXTRA_ARGS': '', 'PWD': '/home/xc2204/ros2_new_study/src/build/TF_study', 'XDG_DATA_DIRS': '/usr/local/share:/usr/share:/var/lib/snapd/desktop', 'PYTHONPATH': '/home/xc2204/ros2_new_study/src/build/TF_study/prefix_override:/usr/lib/python3/dist-packages/colcon_core/task/python/colcon_distutils_commands:/home/xc2204/ros2_new_study/src/install/TF_study/lib/python3.10/site-packages:/home/xc2204/ros2_new_study/install/test_pkg/lib/python3.10/site-packages:/home/xc2204/ros2_new_study/install/pc_stuts/lib/python3.10/site-packages:/home/xc2204/ros2_new_study/install/msg_interfaces/local/lib/python3.10/dist-packages:/home/xc2204/ros2_new_study/install/face_detect/lib/python3.10/site-packages:/opt/ros/humble/lib/python3.10/site-packages:/opt/ros/humble/local/lib/python3.10/dist-packages', 'COLCON': '1', 'WSL2_GUI_APPS_ENABLED': '1', 'HOSTTYPE': 'x86_64', 'CMAKE_PREFIX_PATH': '/home/xc2204/ros2_new_study/install/msg_interfaces', 'WSLENV': 'VSCODE_WSL_EXT_LOCATION/up'}, 'shell': False}
[0.908465] (-) TimerEvent: {}
[1.010805] (-) TimerEvent: {}
[1.077076] (face_detect) StdoutLine: {'line': b'running egg_info\n'}
[1.077295] (TF_study) StdoutLine: {'line': b'running egg_info\n'}
[1.077532] (face_detect) StdoutLine: {'line': b'creating ../build/face_detect/face_detect.egg-info\n'}
[1.077736] (TF_study) StdoutLine: {'line': b'creating ../build/TF_study/TF_study.egg-info\n'}
[1.078002] (face_detect) StdoutLine: {'line': b'writing ../build/face_detect/face_detect.egg-info/PKG-INFO\n'}
[1.078118] (TF_study) StdoutLine: {'line': b'writing ../build/TF_study/TF_study.egg-info/PKG-INFO\n'}
[1.078295] (face_detect) StdoutLine: {'line': b'writing dependency_links to ../build/face_detect/face_detect.egg-info/dependency_links.txt\n'}
[1.078696] (face_detect) StdoutLine: {'line': b'writing entry points to ../build/face_detect/face_detect.egg-info/entry_points.txt\n'}
[1.079104] (face_detect) StdoutLine: {'line': b'writing requirements to ../build/face_detect/face_detect.egg-info/requires.txt\n'}
[1.079312] (face_detect) StdoutLine: {'line': b'writing top-level names to ../build/face_detect/face_detect.egg-info/top_level.txt\n'}
[1.079361] (TF_study) StdoutLine: {'line': b'writing dependency_links to ../build/TF_study/TF_study.egg-info/dependency_links.txt\n'}
[1.079399] (TF_study) StdoutLine: {'line': b'writing entry points to ../build/TF_study/TF_study.egg-info/entry_points.txt\n'}
[1.079434] (TF_study) StdoutLine: {'line': b'writing requirements to ../build/TF_study/TF_study.egg-info/requires.txt\n'}
[1.079468] (TF_study) StdoutLine: {'line': b'writing top-level names to ../build/TF_study/TF_study.egg-info/top_level.txt\n'}
[1.079501] (face_detect) StdoutLine: {'line': b"writing manifest file '../build/face_detect/face_detect.egg-info/SOURCES.txt'\n"}
[1.079534] (TF_study) StdoutLine: {'line': b"writing manifest file '../build/TF_study/TF_study.egg-info/SOURCES.txt'\n"}
[1.080365] (face_detect) StdoutLine: {'line': b"reading manifest file '../build/face_detect/face_detect.egg-info/SOURCES.txt'\n"}
[1.080657] (TF_study) StdoutLine: {'line': b"reading manifest file '../build/TF_study/TF_study.egg-info/SOURCES.txt'\n"}
[1.080964] (TF_study) StdoutLine: {'line': b"adding license file 'LICENSE'\n"}
[1.081074] (face_detect) StdoutLine: {'line': b"writing manifest file '../build/face_detect/face_detect.egg-info/SOURCES.txt'\n"}
[1.081114] (face_detect) StdoutLine: {'line': b'running build\n'}
[1.081149] (face_detect) StdoutLine: {'line': b'running build_py\n'}
[1.081293] (face_detect) StdoutLine: {'line': b'creating /home/xc2204/ros2_new_study/src/build/face_detect/build\n'}
[1.081499] (face_detect) StdoutLine: {'line': b'creating /home/xc2204/ros2_new_study/src/build/face_detect/build/lib\n'}
[1.081737] (TF_study) StdoutLine: {'line': b"writing manifest file '../build/TF_study/TF_study.egg-info/SOURCES.txt'\n"}
[1.082039] (face_detect) StdoutLine: {'line': b'creating /home/xc2204/ros2_new_study/src/build/face_detect/build/lib/face_detect\n'}
[1.082331] (TF_study) StdoutLine: {'line': b'running build\n'}
[1.082485] (TF_study) StdoutLine: {'line': b'running build_py\n'}
[1.082690] (face_detect) StdoutLine: {'line': b'copying face_detect/srv_face_detect.py -> /home/xc2204/ros2_new_study/src/build/face_detect/build/lib/face_detect\n'}
[1.082909] (TF_study) StdoutLine: {'line': b'creating /home/xc2204/ros2_new_study/src/build/TF_study/build\n'}
[1.082959] (TF_study) StdoutLine: {'line': b'creating /home/xc2204/ros2_new_study/src/build/TF_study/build/lib\n'}
[1.083001] (face_detect) StdoutLine: {'line': b'copying face_detect/video_detect.py -> /home/xc2204/ros2_new_study/src/build/face_detect/build/lib/face_detect\n'}
[1.083106] (TF_study) StdoutLine: {'line': b'creating /home/xc2204/ros2_new_study/src/build/TF_study/build/lib/TF_study\n'}
[1.083213] (face_detect) StdoutLine: {'line': b'copying face_detect/client_face_detect.py -> /home/xc2204/ros2_new_study/src/build/face_detect/build/lib/face_detect\n'}
[1.083252] (face_detect) StdoutLine: {'line': b'copying face_detect/__init__.py -> /home/xc2204/ros2_new_study/src/build/face_detect/build/lib/face_detect\n'}
[1.083287] (TF_study) StdoutLine: {'line': b'copying TF_study/static_TF_broadcast.py -> /home/xc2204/ros2_new_study/src/build/TF_study/build/lib/TF_study\n'}
[1.083320] (TF_study) StdoutLine: {'line': b'copying TF_study/__init__.py -> /home/xc2204/ros2_new_study/src/build/TF_study/build/lib/TF_study\n'}
[1.083352] (TF_study) StdoutLine: {'line': b'running install\n'}
[1.083385] (face_detect) StdoutLine: {'line': b'running install\n'}
[1.083421] (face_detect) StdoutLine: {'line': b'running install_lib\n'}
[1.083455] (TF_study) StdoutLine: {'line': b'running install_lib\n'}
[1.083721] (face_detect) StdoutLine: {'line': b'creating /home/xc2204/ros2_new_study/src/install/face_detect/lib/python3.10/site-packages/face_detect\n'}
[1.083964] (TF_study) StdoutLine: {'line': b'creating /home/xc2204/ros2_new_study/src/install/TF_study/lib/python3.10/site-packages/TF_study\n'}
[1.084294] (face_detect) StdoutLine: {'line': b'copying /home/xc2204/ros2_new_study/src/build/face_detect/build/lib/face_detect/srv_face_detect.py -> /home/xc2204/ros2_new_study/src/install/face_detect/lib/python3.10/site-packages/face_detect\n'}
[1.084573] (face_detect) StdoutLine: {'line': b'copying /home/xc2204/ros2_new_study/src/build/face_detect/build/lib/face_detect/video_detect.py -> /home/xc2204/ros2_new_study/src/install/face_detect/lib/python3.10/site-packages/face_detect\n'}
[1.084835] (TF_study) StdoutLine: {'line': b'copying /home/xc2204/ros2_new_study/src/build/TF_study/build/lib/TF_study/static_TF_broadcast.py -> /home/xc2204/ros2_new_study/src/install/TF_study/lib/python3.10/site-packages/TF_study\n'}
[1.084943] (TF_study) StdoutLine: {'line': b'copying /home/xc2204/ros2_new_study/src/build/TF_study/build/lib/TF_study/__init__.py -> /home/xc2204/ros2_new_study/src/install/TF_study/lib/python3.10/site-packages/TF_study\n'}
[1.085140] (face_detect) StdoutLine: {'line': b'copying /home/xc2204/ros2_new_study/src/build/face_detect/build/lib/face_detect/client_face_detect.py -> /home/xc2204/ros2_new_study/src/install/face_detect/lib/python3.10/site-packages/face_detect\n'}
[1.085254] (face_detect) StdoutLine: {'line': b'copying /home/xc2204/ros2_new_study/src/build/face_detect/build/lib/face_detect/__init__.py -> /home/xc2204/ros2_new_study/src/install/face_detect/lib/python3.10/site-packages/face_detect\n'}
[1.085319] (face_detect) StdoutLine: {'line': b'byte-compiling /home/xc2204/ros2_new_study/src/install/face_detect/lib/python3.10/site-packages/face_detect/srv_face_detect.py to srv_face_detect.cpython-310.pyc\n'}
[1.085357] (TF_study) StdoutLine: {'line': b'byte-compiling /home/xc2204/ros2_new_study/src/install/TF_study/lib/python3.10/site-packages/TF_study/static_TF_broadcast.py to static_TF_broadcast.cpython-310.pyc\n'}
[1.085518] (TF_study) StdoutLine: {'line': b'byte-compiling /home/xc2204/ros2_new_study/src/install/TF_study/lib/python3.10/site-packages/TF_study/__init__.py to __init__.cpython-310.pyc\n'}
[1.085675] (TF_study) StdoutLine: {'line': b'running install_data\n'}
[1.085864] (TF_study) StdoutLine: {'line': b'creating /home/xc2204/ros2_new_study/src/install/TF_study/share/ament_index\n'}
[1.086072] (TF_study) StdoutLine: {'line': b'creating /home/xc2204/ros2_new_study/src/install/TF_study/share/ament_index/resource_index\n'}
[1.086286] (TF_study) StdoutLine: {'line': b'creating /home/xc2204/ros2_new_study/src/install/TF_study/share/ament_index/resource_index/packages\n'}
[1.086358] (face_detect) StdoutLine: {'line': b'byte-compiling /home/xc2204/ros2_new_study/src/install/face_detect/lib/python3.10/site-packages/face_detect/video_detect.py to video_detect.cpython-310.pyc\n'}
[1.086572] (TF_study) StdoutLine: {'line': b'copying resource/TF_study -> /home/xc2204/ros2_new_study/src/install/TF_study/share/ament_index/resource_index/packages\n'}
[1.086739] (TF_study) StdoutLine: {'line': b'copying package.xml -> /home/xc2204/ros2_new_study/src/install/TF_study/share/TF_study\n'}
[1.086806] (TF_study) StdoutLine: {'line': b'running install_egg_info\n'}
[1.088248] (face_detect) StdoutLine: {'line': b'byte-compiling /home/xc2204/ros2_new_study/src/install/face_detect/lib/python3.10/site-packages/face_detect/client_face_detect.py to client_face_detect.cpython-310.pyc\n'}
[1.088584] (TF_study) StdoutLine: {'line': b'Copying ../build/TF_study/TF_study.egg-info to /home/xc2204/ros2_new_study/src/install/TF_study/lib/python3.10/site-packages/TF_study-0.0.0-py3.10.egg-info\n'}
[1.088768] (face_detect) StdoutLine: {'line': b'byte-compiling /home/xc2204/ros2_new_study/src/install/face_detect/lib/python3.10/site-packages/face_detect/__init__.py to __init__.cpython-310.pyc\n'}
[1.088897] (face_detect) StdoutLine: {'line': b'running install_data\n'}
[1.089131] (face_detect) StdoutLine: {'line': b'creating /home/xc2204/ros2_new_study/src/install/face_detect/share/ament_index\n'}
[1.089359] (face_detect) StdoutLine: {'line': b'creating /home/xc2204/ros2_new_study/src/install/face_detect/share/ament_index/resource_index\n'}
[1.089831] (face_detect) StdoutLine: {'line': b'creating /home/xc2204/ros2_new_study/src/install/face_detect/share/ament_index/resource_index/packages\n'}
[1.089976] (face_detect) StdoutLine: {'line': b'copying resource/face_detect -> /home/xc2204/ros2_new_study/src/install/face_detect/share/ament_index/resource_index/packages\n'}
[1.090054] (TF_study) StdoutLine: {'line': b'running install_scripts\n'}
[1.090097] (face_detect) StdoutLine: {'line': b'copying package.xml -> /home/xc2204/ros2_new_study/src/install/face_detect/share/face_detect\n'}
[1.090314] (face_detect) StdoutLine: {'line': b'creating /home/xc2204/ros2_new_study/src/install/face_detect/share/face_detect/resource\n'}
[1.090511] (face_detect) StdoutLine: {'line': b'copying resource/image.png -> /home/xc2204/ros2_new_study/src/install/face_detect/share/face_detect/resource\n'}
[1.092571] (face_detect) StdoutLine: {'line': b'copying resource/image_face.png -> /home/xc2204/ros2_new_study/src/install/face_detect/share/face_detect/resource\n'}
[1.094280] (face_detect) StdoutLine: {'line': b'creating /home/xc2204/ros2_new_study/src/install/face_detect/share/face_detect/launch\n'}
[1.094511] (face_detect) StdoutLine: {'line': b'copying launch/face.launch.py -> /home/xc2204/ros2_new_study/src/install/face_detect/share/face_detect/launch\n'}
[1.094709] (face_detect) StdoutLine: {'line': b'running install_egg_info\n'}
[1.096380] (face_detect) StdoutLine: {'line': b'Copying ../build/face_detect/face_detect.egg-info to /home/xc2204/ros2_new_study/src/install/face_detect/lib/python3.10/site-packages/face_detect-0.0.0-py3.10.egg-info\n'}
[1.097209] (face_detect) StdoutLine: {'line': b'running install_scripts\n'}
[1.107824] (TF_study) StdoutLine: {'line': b'Installing static_tf_broadcaster script to /home/xc2204/ros2_new_study/src/install/TF_study/lib/TF_study\n'}
[1.108310] (TF_study) StdoutLine: {'line': b"writing list of installed files to '/home/xc2204/ros2_new_study/src/build/TF_study/install.log'\n"}
[1.111114] (-) TimerEvent: {}
[1.115386] (face_detect) StdoutLine: {'line': b'Installing client_face_detect script to /home/xc2204/ros2_new_study/src/install/face_detect/lib/face_detect\n'}
[1.115728] (face_detect) StdoutLine: {'line': b'Installing srv_face_detect script to /home/xc2204/ros2_new_study/src/install/face_detect/lib/face_detect\n'}
[1.115935] (face_detect) StdoutLine: {'line': b'Installing video_detect script to /home/xc2204/ros2_new_study/src/install/face_detect/lib/face_detect\n'}
[1.116155] (face_detect) StdoutLine: {'line': b"writing list of installed files to '/home/xc2204/ros2_new_study/src/build/face_detect/install.log'\n"}
[1.133356] (TF_study) CommandEnded: {'returncode': 0}
[1.149415] (TF_study) JobEnded: {'identifier': 'TF_study', 'rc': 0}
[1.150915] (face_detect) CommandEnded: {'returncode': 0}
[1.156765] (face_detect) JobEnded: {'identifier': 'face_detect', 'rc': 0}
[1.213331] (-) TimerEvent: {}
[1.224343] (msg_interfaces) StdoutLine: {'line': b'-- The CXX compiler identification is GNU 11.4.0\n'}
[1.315764] (-) TimerEvent: {}
[1.416369] (-) TimerEvent: {}
[1.519400] (-) TimerEvent: {}
[1.622566] (-) TimerEvent: {}
[1.724701] (-) TimerEvent: {}
[1.782523] (msg_interfaces) StdoutLine: {'line': b'-- Detecting C compiler ABI info\n'}
[1.825122] (-) TimerEvent: {}
[1.927210] (-) TimerEvent: {}
[1.978344] (msg_interfaces) StdoutLine: {'line': b'-- Detecting C compiler ABI info - done\n'}
[1.983170] (msg_interfaces) StdoutLine: {'line': b'-- Check for working C compiler: /usr/bin/cc - skipped\n'}
[1.983807] (msg_interfaces) StdoutLine: {'line': b'-- Detecting C compile features\n'}
[1.984445] (msg_interfaces) StdoutLine: {'line': b'-- Detecting C compile features - done\n'}
[1.987935] (msg_interfaces) StdoutLine: {'line': b'-- Detecting CXX compiler ABI info\n'}
[2.027521] (-) TimerEvent: {}
[2.128079] (-) TimerEvent: {}
[2.194199] (msg_interfaces) StdoutLine: {'line': b'-- Detecting CXX compiler ABI info - done\n'}
[2.199470] (msg_interfaces) StdoutLine: {'line': b'-- Check for working CXX compiler: /usr/bin/c++ - skipped\n'}
[2.199679] (msg_interfaces) StdoutLine: {'line': b'-- Detecting CXX compile features\n'}
[2.199994] (msg_interfaces) StdoutLine: {'line': b'-- Detecting CXX compile features - done\n'}
[2.209962] (msg_interfaces) StdoutLine: {'line': b'-- Found ament_cmake: 1.3.14 (/opt/ros/humble/share/ament_cmake/cmake)\n'}
[2.229609] (-) TimerEvent: {}
[2.330120] (-) TimerEvent: {}
[2.343783] (msg_interfaces) StdoutLine: {'line': b'-- Found Python3: /usr/bin/python3 (found version "3.10.12") found components: Interpreter \n'}
[2.431866] (-) TimerEvent: {}
[2.442083] (msg_interfaces) StdoutLine: {'line': b'-- Found rosidl_default_generators: 1.2.1 (/opt/ros/humble/share/rosidl_default_generators/cmake)\n'}
[2.449485] (msg_interfaces) StdoutLine: {'line': b'-- Using all available rosidl_typesupport_c: rosidl_typesupport_fastrtps_c;rosidl_typesupport_introspection_c\n'}
[2.458945] (msg_interfaces) StdoutLine: {'line': b'-- Found rosidl_adapter: 3.1.8 (/opt/ros/humble/share/rosidl_adapter/cmake)\n'}
[2.533955] (-) TimerEvent: {}
[2.634364] (-) TimerEvent: {}
[2.715022] (msg_interfaces) StdoutLine: {'line': b'-- Using all available rosidl_typesupport_cpp: rosidl_typesupport_fastrtps_cpp;rosidl_typesupport_introspection_cpp\n'}
[2.736180] (-) TimerEvent: {}
[2.760816] (msg_interfaces) StdoutLine: {'line': b'-- Found builtin_interfaces: 1.2.2 (/opt/ros/humble/share/builtin_interfaces/cmake)\n'}
[2.778322] (msg_interfaces) StdoutLine: {'line': b'-- Found sensor_msgs: 4.9.1 (/opt/ros/humble/share/sensor_msgs/cmake)\n'}
[2.837392] (-) TimerEvent: {}
[2.940029] (-) TimerEvent: {}
[3.043063] (-) TimerEvent: {}
[3.082168] (msg_interfaces) StdoutLine: {'line': b'-- Found ament_cmake_ros: 0.10.0 (/opt/ros/humble/share/ament_cmake_ros/cmake)\n'}
[3.143281] (-) TimerEvent: {}
[3.243763] (-) TimerEvent: {}
[3.325404] (msg_interfaces) StdoutLine: {'line': b'-- Using all available rosidl_typesupport_c: rosidl_typesupport_fastrtps_c;rosidl_typesupport_introspection_c\n'}
[3.344746] (-) TimerEvent: {}
[3.445428] (-) TimerEvent: {}
[3.545994] (-) TimerEvent: {}
[3.643267] (msg_interfaces) StdoutLine: {'line': b'-- Using all available rosidl_typesupport_cpp: rosidl_typesupport_fastrtps_cpp;rosidl_typesupport_introspection_cpp\n'}
[3.646405] (-) TimerEvent: {}
[3.746988] (-) TimerEvent: {}
[3.847448] (-) TimerEvent: {}
[3.885744] (msg_interfaces) StdoutLine: {'line': b'-- Found PythonInterp: /usr/bin/python3 (found suitable version "3.10.12", minimum required is "3.6") \n'}
[3.888368] (msg_interfaces) StdoutLine: {'line': b'-- Found python_cmake_module: 0.10.0 (/opt/ros/humble/share/python_cmake_module/cmake)\n'}
[3.947738] (-) TimerEvent: {}
[4.048445] (-) TimerEvent: {}
[4.149736] (-) TimerEvent: {}
[4.250107] (-) TimerEvent: {}
[4.358180] (-) TimerEvent: {}
[4.466596] (-) TimerEvent: {}
[4.549025] (msg_interfaces) StdoutLine: {'line': b'-- Found PythonLibs: /usr/lib/x86_64-linux-gnu/libpython3.10.so (found suitable version "3.10.12", minimum required is "3.5") \n'}
[4.549215] (msg_interfaces) StdoutLine: {'line': b'-- Using PYTHON_EXECUTABLE: /usr/bin/python3\n'}
[4.549265] (msg_interfaces) StdoutLine: {'line': b'-- Using PYTHON_INCLUDE_DIRS: /usr/include/python3.10\n'}
[4.549301] (msg_interfaces) StdoutLine: {'line': b'-- Using PYTHON_LIBRARIES: /usr/lib/x86_64-linux-gnu/libpython3.10.so\n'}
[4.565948] (msg_interfaces) StdoutLine: {'line': b'-- Found PythonExtra: .so  \n'}
[4.566764] (-) TimerEvent: {}
[4.675409] (-) TimerEvent: {}
[4.759329] (msg_interfaces) StdoutLine: {'line': b'-- Found ament_lint_auto: 0.12.15 (/opt/ros/humble/share/ament_lint_auto/cmake)\n'}
[4.776871] (-) TimerEvent: {}
[4.792090] (msg_interfaces) StdoutLine: {'line': b"-- Added test 'lint_cmake' to check CMake code style\n"}
[4.793564] (msg_interfaces) StdoutLine: {'line': b"-- Added test 'xmllint' to check XML markup files\n"}
[4.797050] (msg_interfaces) StdoutLine: {'line': b'-- Configuring done\n'}
[4.844334] (msg_interfaces) StdoutLine: {'line': b'-- Generating done\n'}
[4.857078] (msg_interfaces) StdoutLine: {'line': b'-- Build files have been written to: /home/xc2204/ros2_new_study/src/build/msg_interfaces\n'}
[4.865564] (msg_interfaces) CommandEnded: {'returncode': 0}
[4.866363] (msg_interfaces) JobProgress: {'identifier': 'msg_interfaces', 'progress': 'build'}
[4.867823] (msg_interfaces) Command: {'cmd': ['/usr/bin/cmake', '--build', '/home/xc2204/ros2_new_study/src/build/msg_interfaces', '--', '-j20', '-l20'], 'cwd': '/home/xc2204/ros2_new_study/src/build/msg_interfaces', 'env': OrderedDict([('PYTHON_BASIC_REPL', '1'), ('LESSOPEN', '| /usr/bin/lesspipe %s'), ('USER', 'xc2204'), ('GIT_ASKPASS', '/home/xc2204/.vscode-server/bin/f6cfa2ea2403534de03f069bdf160d06451ed282/extensions/git/dist/askpass.sh'), ('SHLVL', '1'), ('RCUTILS_CONSOLE_OUTPUT_FORMAT', '[{function_name}:{line_number}]: {message}'), ('LD_LIBRARY_PATH', '/home/xc2204/ros2_new_study/install/msg_interfaces/lib:/usr/lib/x86_64-linux-gnu/gazebo-11/plugins:/opt/ros/humble/opt/rviz_ogre_vendor/lib:/opt/ros/humble/lib/x86_64-linux-gnu:/opt/ros/humble/lib'), ('MOTD_SHOWN', 'update-motd'), ('HOME', '/home/xc2204'), ('OLDPWD', '/home/xc2204/ros2_new_study'), ('TERM_PROGRAM_VERSION', '1.121.0'), ('VSCODE_IPC_HOOK_CLI', '/run/user/1000/vscode-ipc-818c1935-63c3-4c9f-95b7-9cbedf9bdddd.sock'), ('ROS_PYTHON_VERSION', '3'), ('VSCODE_GIT_ASKPASS_MAIN', '/home/xc2204/.vscode-server/bin/f6cfa2ea2403534de03f069bdf160d06451ed282/extensions/git/dist/askpass-main.js'), ('VSCODE_GIT_ASKPASS_NODE', '/home/xc2204/.vscode-server/bin/f6cfa2ea2403534de03f069bdf160d06451ed282/node'), ('PYDEVD_DISABLE_FILE_VALIDATION', '1'), ('BUNDLED_DEBUGPY_PATH', '/home/xc2204/.vscode-server/extensions/ms-python.debugpy-2026.6.0-linux-x64/bundled/libs/debugpy'), ('VSCODE_PYTHON_AUTOACTIVATE_GUARD', '1'), ('DBUS_SESSION_BUS_ADDRESS', 'unix:path=/run/user/1000/bus'), ('COLORTERM', 'truecolor'), ('WSL_DISTRO_NAME', 'Ubuntu-22.04'), ('WAYLAND_DISPLAY', 'wayland-0'), ('COLCON_PREFIX_PATH', '/home/xc2204/ros2_new_study/install'), ('ROS_DISTRO', 'humble'), ('LOGNAME', 'xc2204'), ('NAME', 'DESKTOP-LOL67EV'), ('WSL_INTEROP', '/run/WSL/86394_interop'), ('PULSE_SERVER', 'unix:/mnt/wslg/PulseServer'), ('_', '/usr/bin/colcon'), ('ROS_VERSION', '2'), ('TERM', 'xterm-256color'), ('ROS_LOCALHOST_ONLY', '0'), ('PATH', '/home/xc2204/.local/bin:/home/xc2204/.vscode-server/data/User/globalStorage/github.copilot-chat/debugCommand:/home/xc2204/.vscode-server/data/User/globalStorage/github.copilot-chat/copilotCli:/home/xc2204/.vscode-server/bin/f6cfa2ea2403534de03f069bdf160d06451ed282/bin/remote-cli:/home/xc2204/.local/bin:/home/xc2204/.local/bin:/opt/ros/humble/bin:/usr/local/sbin:/usr/local/bin:/usr/sbin:/usr/bin:/sbin:/bin:/usr/games:/usr/local/games:/usr/lib/wsl/lib:/mnt/c/app/vmware station/bin/:/mnt/c/app/python3.13.2/Scripts/:/mnt/c/app/python3.13.2/:/mnt/c/WINDOWS/system32:/mnt/c/WINDOWS:/mnt/c/WINDOWS/System32/Wbem:/mnt/c/WINDOWS/System32/WindowsPowerShell/v1.0/:/mnt/c/WINDOWS/System32/OpenSSH/:/mnt/c/Users/Administrator/AppData/Local/Microsoft/WindowsApps:/mnt/c/Recovery/OEM/Backup/:/mnt/c/Program Files/dotnet/:/mnt/c/Program Files (x86)/NVIDIA Corporation/PhysX/Common:/mnt/c/Windows Kits/10/Windows Performance Toolkit/:/mnt/c/WINDOWS/system32:/mnt/c/WINDOWS:/mnt/c/WINDOWS/System32/Wbem:/mnt/c/WINDOWS/System32/WindowsPowerShell/v1.0/:/mnt/c/WINDOWS/System32/OpenSSH/:/mnt/c/app/MySQL/MySQL/MySQL Server 8.0/bin:/mnt/c/Program Files/nvm:/mnt/c/nvm4w/nodejs:/mnt/c/ProgramData/chocolatey/bin:/mnt/c/Program Files/nvm/v16.18.0:/mnt/c/app/web_study/Java11.0.30/bin:/mnt/c/Program Files (x86)/Microsoft SQL Server/160/Tools/Binn/:/mnt/c/Program Files/Microsoft SQL Server/160/Tools/Binn/:/mnt/c/Program Files/Microsoft SQL Server/Client SDK/ODBC/170/Tools/Binn/:/mnt/c/Program Files/Microsoft SQL Server/160/DTS/Binn/:/mnt/c/Program Files (x86)/Windows Kits/8.1/Windows Performance Toolkit/:/mnt/c/Program Files/NVIDIA Corporation/NVIDIA App/NvDLISR:/mnt/c/app/git/git/Git/cmd:/mnt/c/app/git/git/Git/mingw64/bin:/mnt/c/app/git/git/Git/usr/bin:/mnt/d/app/Matlab/matlab/runtime/win64:/mnt/d/app/Matlab/matlab/bin:/mnt/c/Program Files/Docker/Docker/resources/bin:/mnt/c/Program Files (x86)/Go/bin:/mnt/c/app/MySQL/MySQL/MySQL Shell 8.0/bin/:/mnt/c/Users/xc/AppData/Local/Microsoft/WindowsApps:/mnt/c/app/vscode/Microsoft VS Code/bin:/mnt/c/app/idea/IntelliJ IDEA Community Edition 2025.1.1.1/bin:/mnt/c/Program Files/nvm:/mnt/c/nvm4w/nodejs:/mnt/b/app/anaconda:/mnt/b/app/anaconda/Scripts:/mnt/b/app/anaconda/Library/bin:/mnt/b/opencv/opencv/build/x64/vc16/bin:/mnt/c/Users/xc/.dotnet/tools:/mnt/c/Users/xc/AppData/Local/Programs/Ollama:/mnt/c/Users/xc/.local/bin/:/mnt/c/Users/xc/go/bin:/snap/bin:/home/xc2204/.vscode-server/extensions/ms-python.debugpy-2026.6.0-linux-x64/bundled/scripts/noConfigScripts'), ('XDG_RUNTIME_DIR', '/run/user/1000/'), ('DISPLAY', ':0'), ('VSCODE_DEBUGPY_ADAPTER_ENDPOINTS', '/home/xc2204/.vscode-server/extensions/ms-python.debugpy-2026.6.0-linux-x64/.noConfigDebugAdapterEndpoints/endpoint-fe672440baee17d7.txt'), ('LANG', 'C.UTF-8'), ('PYTHONSTARTUP', '/home/xc2204/.vscode-server/data/User/workspaceStorage/edf733d14958791d67cbdcdbb8519592/ms-python.python/pythonrc.py'), ('LS_COLORS', 'rs=0:di=01;34:ln=01;36:mh=00:pi=40;33:so=01;35:do=01;35:bd=40;33;01:cd=40;33;01:or=40;31;01:mi=00:su=37;41:sg=30;43:ca=30;41:tw=30;42:ow=34;42:st=37;44:ex=01;32:*.tar=01;31:*.tgz=01;31:*.arc=01;31:*.arj=01;31:*.taz=01;31:*.lha=01;31:*.lz4=01;31:*.lzh=01;31:*.lzma=01;31:*.tlz=01;31:*.txz=01;31:*.tzo=01;31:*.t7z=01;31:*.zip=01;31:*.z=01;31:*.dz=01;31:*.gz=01;31:*.lrz=01;31:*.lz=01;31:*.lzo=01;31:*.xz=01;31:*.zst=01;31:*.tzst=01;31:*.bz2=01;31:*.bz=01;31:*.tbz=01;31:*.tbz2=01;31:*.tz=01;31:*.deb=01;31:*.rpm=01;31:*.jar=01;31:*.war=01;31:*.ear=01;31:*.sar=01;31:*.rar=01;31:*.alz=01;31:*.ace=01;31:*.zoo=01;31:*.cpio=01;31:*.7z=01;31:*.rz=01;31:*.cab=01;31:*.wim=01;31:*.swm=01;31:*.dwm=01;31:*.esd=01;31:*.jpg=01;35:*.jpeg=01;35:*.mjpg=01;35:*.mjpeg=01;35:*.gif=01;35:*.bmp=01;35:*.pbm=01;35:*.pgm=01;35:*.ppm=01;35:*.tga=01;35:*.xbm=01;35:*.xpm=01;35:*.tif=01;35:*.tiff=01;35:*.png=01;35:*.svg=01;35:*.svgz=01;35:*.mng=01;35:*.pcx=01;35:*.mov=01;35:*.mpg=01;35:*.mpeg=01;35:*.m2v=01;35:*.mkv=01;35:*.webm=01;35:*.webp=01;35:*.ogm=01;35:*.mp4=01;35:*.m4v=01;35:*.mp4v=01;35:*.vob=01;35:*.qt=01;35:*.nuv=01;35:*.wmv=01;35:*.asf=01;35:*.rm=01;35:*.rmvb=01;35:*.flc=01;35:*.avi=01;35:*.fli=01;35:*.flv=01;35:*.gl=01;35:*.dl=01;35:*.xcf=01;35:*.xwd=01;35:*.yuv=01;35:*.cgm=01;35:*.emf=01;35:*.ogv=01;35:*.ogx=01;35:*.aac=00;36:*.au=00;36:*.flac=00;36:*.m4a=00;36:*.mid=00;36:*.midi=00;36:*.mka=00;36:*.mp3=00;36:*.mpc=00;36:*.ogg=00;36:*.ra=00;36:*.wav=00;36:*.oga=00;36:*.opus=00;36:*.spx=00;36:*.xspf=00;36:'), ('VSCODE_GIT_IPC_HANDLE', '/run/user/1000/vscode-git-0900024275.sock'), ('TERM_PROGRAM', 'vscode'), ('AMENT_PREFIX_PATH', '/home/xc2204/ros2_new_study/install/test_pkg:/home/xc2204/ros2_new_study/install/pc_stuts:/home/xc2204/ros2_new_study/install/msg_interfaces:/home/xc2204/ros2_new_study/install/face_detect:/opt/ros/humble'), ('SHELL', '/bin/bash'), ('LESSCLOSE', '/usr/bin/lesspipe %s %s'), ('VSCODE_GIT_ASKPASS_EXTRA_ARGS', ''), ('PWD', '/home/xc2204/ros2_new_study/src/build/msg_interfaces'), ('XDG_DATA_DIRS', '/usr/local/share:/usr/share:/var/lib/snapd/desktop'), ('PYTHONPATH', '/home/xc2204/ros2_new_study/install/test_pkg/lib/python3.10/site-packages:/home/xc2204/ros2_new_study/install/pc_stuts/lib/python3.10/site-packages:/home/xc2204/ros2_new_study/install/msg_interfaces/local/lib/python3.10/dist-packages:/home/xc2204/ros2_new_study/install/face_detect/lib/python3.10/site-packages:/opt/ros/humble/lib/python3.10/site-packages:/opt/ros/humble/local/lib/python3.10/dist-packages'), ('COLCON', '1'), ('WSL2_GUI_APPS_ENABLED', '1'), ('HOSTTYPE', 'x86_64'), ('CMAKE_PREFIX_PATH', '/home/xc2204/ros2_new_study/install/msg_interfaces:/home/xc2204/ros2_new_study/install/test_pkg:/home/xc2204/ros2_new_study/install/pc_stuts:/home/xc2204/ros2_new_study/install/face_detect:/opt/ros/humble'), ('WSLENV', 'VSCODE_WSL_EXT_LOCATION/up')]), 'shell': False}
[4.877252] (-) TimerEvent: {}
[4.900204] (msg_interfaces) StdoutLine: {'line': b'[  2%] \x1b[34m\x1b[1mGenerating C code for ROS interfaces\x1b[0m\n'}
[4.908641] (msg_interfaces) StdoutLine: {'line': b'[  7%] \x1b[34m\x1b[1mGenerating Rust code for ROS interfaces\x1b[0m\n'}
[4.908856] (msg_interfaces) StdoutLine: {'line': b'[  7%] \x1b[34m\x1b[1mGenerating C++ code for ROS interfaces\x1b[0m\n'}
[4.916044] (msg_interfaces) StdoutLine: {'line': b'[  7%] Built target ament_cmake_python_copy_msg_interfaces\n'}
[4.982545] (-) TimerEvent: {}
[5.085316] (-) TimerEvent: {}
[5.173981] (msg_interfaces) StdoutLine: {'line': b'running egg_info\n'}
[5.174582] (msg_interfaces) StdoutLine: {'line': b'creating msg_interfaces.egg-info\n'}
[5.174977] (msg_interfaces) StdoutLine: {'line': b'writing msg_interfaces.egg-info/PKG-INFO\n'}
[5.175434] (msg_interfaces) StdoutLine: {'line': b'writing dependency_links to msg_interfaces.egg-info/dependency_links.txt\n'}
[5.175558] (msg_interfaces) StdoutLine: {'line': b'writing top-level names to msg_interfaces.egg-info/top_level.txt\n'}
[5.175877] (msg_interfaces) StdoutLine: {'line': b"writing manifest file 'msg_interfaces.egg-info/SOURCES.txt'\n"}
[5.178774] (msg_interfaces) StdoutLine: {'line': b"reading manifest file 'msg_interfaces.egg-info/SOURCES.txt'\n"}
[5.179386] (msg_interfaces) StdoutLine: {'line': b"writing manifest file 'msg_interfaces.egg-info/SOURCES.txt'\n"}
[5.185831] (-) TimerEvent: {}
[5.212664] (msg_interfaces) StdoutLine: {'line': b'[  7%] Built target ament_cmake_python_build_msg_interfaces_egg\n'}
[5.215815] (msg_interfaces) StdoutLine: {'line': b'[  7%] Built target msg_interfaces__rs\n'}
[5.268257] (msg_interfaces) StdoutLine: {'line': b'[  7%] Built target msg_interfaces__cpp\n'}
[5.272716] (msg_interfaces) StdoutLine: {'line': b'[ 10%] \x1b[32mBuilding C object CMakeFiles/msg_interfaces__rosidl_generator_c.dir/rosidl_generator_c/msg_interfaces/srv/detail/face_detector__functions.c.o\x1b[0m\n'}
[5.273065] (msg_interfaces) StdoutLine: {'line': b'[ 12%] \x1b[32mBuilding C object CMakeFiles/msg_interfaces__rosidl_generator_c.dir/rosidl_generator_c/msg_interfaces/msg/detail/system_status__functions.c.o\x1b[0m\n'}
[5.277493] (msg_interfaces) StdoutLine: {'line': b'[ 15%] \x1b[34m\x1b[1mGenerating C++ type support for eProsima Fast-RTPS\x1b[0m\n'}
[5.278675] (msg_interfaces) StdoutLine: {'line': b'[ 20%] \x1b[34m\x1b[1mGenerating C++ introspection for ROS interfaces\x1b[0m\n'}
[5.278929] (msg_interfaces) StdoutLine: {'line': b'[ 20%] \x1b[34m\x1b[1mGenerating C++ type support dispatch for ROS interfaces\x1b[0m\n'}
[5.286063] (-) TimerEvent: {}
[5.364147] (msg_interfaces) StdoutLine: {'line': b'[ 22%] \x1b[32m\x1b[1mLinking C shared library libmsg_interfaces__rosidl_generator_c.so\x1b[0m\n'}
[5.386315] (-) TimerEvent: {}
[5.491133] (-) TimerEvent: {}
[5.591927] (-) TimerEvent: {}
[5.631660] (msg_interfaces) StdoutLine: {'line': b'[ 27%] \x1b[32mBuilding CXX object CMakeFiles/msg_interfaces__rosidl_typesupport_cpp.dir/rosidl_typesupport_cpp/msg_interfaces/srv/face_detector__type_support.cpp.o\x1b[0m\n'}
[5.632092] (msg_interfaces) StdoutLine: {'line': b'[ 27%] \x1b[32mBuilding CXX object CMakeFiles/msg_interfaces__rosidl_typesupport_cpp.dir/rosidl_typesupport_cpp/msg_interfaces/msg/system_status__type_support.cpp.o\x1b[0m\n'}
[5.645276] (msg_interfaces) StdoutLine: {'line': b'[ 30%] \x1b[32mBuilding CXX object CMakeFiles/msg_interfaces__rosidl_typesupport_introspection_cpp.dir/rosidl_typesupport_introspection_cpp/msg_interfaces/msg/detail/system_status__type_support.cpp.o\x1b[0m\n'}
[5.646181] (msg_interfaces) StdoutLine: {'line': b'[ 32%] \x1b[32mBuilding CXX object CMakeFiles/msg_interfaces__rosidl_typesupport_introspection_cpp.dir/rosidl_typesupport_introspection_cpp/msg_interfaces/srv/detail/face_detector__type_support.cpp.o\x1b[0m\n'}
[5.679838] (msg_interfaces) StdoutLine: {'line': b'[ 35%] \x1b[32mBuilding CXX object CMakeFiles/msg_interfaces__rosidl_typesupport_fastrtps_cpp.dir/rosidl_typesupport_fastrtps_cpp/msg_interfaces/msg/detail/dds_fastrtps/system_status__type_support.cpp.o\x1b[0m\n'}
[5.680248] (msg_interfaces) StdoutLine: {'line': b'[ 35%] Built target msg_interfaces__rosidl_generator_c\n'}
[5.681049] (msg_interfaces) StdoutLine: {'line': b'[ 37%] \x1b[32mBuilding CXX object CMakeFiles/msg_interfaces__rosidl_typesupport_fastrtps_cpp.dir/rosidl_typesupport_fastrtps_cpp/msg_interfaces/srv/detail/dds_fastrtps/face_detector__type_support.cpp.o\x1b[0m\n'}
[5.692271] (-) TimerEvent: {}
[5.692832] (msg_interfaces) StdoutLine: {'line': b'[ 40%] \x1b[34m\x1b[1mGenerating C introspection for ROS interfaces\x1b[0m\n'}
[5.693203] (msg_interfaces) StdoutLine: {'line': b'[ 45%] \x1b[34m\x1b[1mGenerating C type support dispatch for ROS interfaces\x1b[0m\n'}
[5.693494] (msg_interfaces) StdoutLine: {'line': b'[ 45%] \x1b[34m\x1b[1mGenerating C type support for eProsima Fast-RTPS\x1b[0m\n'}
[5.792736] (-) TimerEvent: {}
[5.894023] (-) TimerEvent: {}
[5.995211] (-) TimerEvent: {}
[6.088553] (msg_interfaces) StdoutLine: {'line': b'[ 47%] \x1b[32m\x1b[1mLinking CXX shared library libmsg_interfaces__rosidl_typesupport_cpp.so\x1b[0m\n'}
[6.095528] (-) TimerEvent: {}
[6.148212] (msg_interfaces) StdoutLine: {'line': b'[ 50%] \x1b[32mBuilding CXX object CMakeFiles/msg_interfaces__rosidl_typesupport_c.dir/rosidl_typesupport_c/msg_interfaces/msg/system_status__type_support.cpp.o\x1b[0m\n'}
[6.151743] (msg_interfaces) StdoutLine: {'line': b'[ 52%] \x1b[32mBuilding CXX object CMakeFiles/msg_interfaces__rosidl_typesupport_c.dir/rosidl_typesupport_c/msg_interfaces/srv/face_detector__type_support.cpp.o\x1b[0m\n'}
[6.190031] (msg_interfaces) StdoutLine: {'line': b'[ 57%] \x1b[32m\x1b[1mLinking CXX shared library libmsg_interfaces__rosidl_typesupport_c.so\x1b[0m\n'}
[6.190603] (msg_interfaces) StdoutLine: {'line': b'[ 57%] \x1b[32mBuilding CXX object CMakeFiles/msg_interfaces__rosidl_typesupport_fastrtps_c.dir/rosidl_typesupport_fastrtps_c/msg_interfaces/msg/detail/system_status__type_support_c.cpp.o\x1b[0m\n'}
[6.190856] (msg_interfaces) StdoutLine: {'line': b'[ 60%] \x1b[32mBuilding CXX object CMakeFiles/msg_interfaces__rosidl_typesupport_fastrtps_c.dir/rosidl_typesupport_fastrtps_c/msg_interfaces/srv/detail/face_detector__type_support_c.cpp.o\x1b[0m\n'}
[6.195791] (-) TimerEvent: {}
[6.202080] (msg_interfaces) StdoutLine: {'line': b'[ 62%] \x1b[32mBuilding C object CMakeFiles/msg_interfaces__rosidl_typesupport_introspection_c.dir/rosidl_typesupport_introspection_c/msg_interfaces/msg/detail/system_status__type_support.c.o\x1b[0m\n'}
[6.202997] (msg_interfaces) StdoutLine: {'line': b'[ 65%] \x1b[32mBuilding C object CMakeFiles/msg_interfaces__rosidl_typesupport_introspection_c.dir/rosidl_typesupport_introspection_c/msg_interfaces/srv/detail/face_detector__type_support.c.o\x1b[0m\n'}
[6.265272] (msg_interfaces) StdoutLine: {'line': b'[ 67%] \x1b[32m\x1b[1mLinking C shared library libmsg_interfaces__rosidl_typesupport_introspection_c.so\x1b[0m\n'}
[6.296066] (-) TimerEvent: {}
[6.302189] (msg_interfaces) StdoutLine: {'line': b'[ 70%] \x1b[32m\x1b[1mLinking CXX shared library libmsg_interfaces__rosidl_typesupport_introspection_cpp.so\x1b[0m\n'}
[6.323807] (msg_interfaces) StdoutLine: {'line': b'[ 72%] \x1b[32m\x1b[1mLinking CXX shared library libmsg_interfaces__rosidl_typesupport_fastrtps_cpp.so\x1b[0m\n'}
[6.394517] (msg_interfaces) StdoutLine: {'line': b'[ 72%] Built target msg_interfaces__rosidl_typesupport_cpp\n'}
[6.396254] (-) TimerEvent: {}
[6.479584] (msg_interfaces) StdoutLine: {'line': b'[ 72%] Built target msg_interfaces__rosidl_typesupport_c\n'}
[6.496504] (-) TimerEvent: {}
[6.534889] (msg_interfaces) StdoutLine: {'line': b'[ 72%] Built target msg_interfaces__rosidl_typesupport_introspection_c\n'}
[6.536226] (msg_interfaces) StdoutLine: {'line': b'[ 75%] \x1b[32m\x1b[1mLinking CXX shared library libmsg_interfaces__rosidl_typesupport_fastrtps_c.so\x1b[0m\n'}
[6.595676] (msg_interfaces) StdoutLine: {'line': b'[ 75%] Built target msg_interfaces__rosidl_typesupport_introspection_cpp\n'}
[6.596664] (-) TimerEvent: {}
[6.623224] (msg_interfaces) StdoutLine: {'line': b'[ 75%] Built target msg_interfaces__rosidl_typesupport_fastrtps_cpp\n'}
[6.701127] (-) TimerEvent: {}
[6.755794] (msg_interfaces) StdoutLine: {'line': b'[ 75%] Built target msg_interfaces__rosidl_typesupport_fastrtps_c\n'}
[6.772738] (msg_interfaces) StdoutLine: {'line': b'[ 75%] Built target msg_interfaces\n'}
[6.789211] (msg_interfaces) StdoutLine: {'line': b'[ 77%] \x1b[34m\x1b[1mGenerating Python code for ROS interfaces\x1b[0m\n'}
[6.801474] (-) TimerEvent: {}
[6.907241] (-) TimerEvent: {}
[7.013492] (-) TimerEvent: {}
[7.117488] (-) TimerEvent: {}
[7.217997] (-) TimerEvent: {}
[7.218616] (msg_interfaces) StdoutLine: {'line': b'[ 77%] Built target msg_interfaces__py\n'}
[7.233304] (msg_interfaces) StdoutLine: {'line': b'[ 80%] \x1b[32mBuilding C object CMakeFiles/msg_interfaces__rosidl_generator_py.dir/rosidl_generator_py/msg_interfaces/srv/_face_detector_s.c.o\x1b[0m\n'}
[7.234658] (msg_interfaces) StdoutLine: {'line': b'[ 82%] \x1b[32mBuilding C object CMakeFiles/msg_interfaces__rosidl_generator_py.dir/rosidl_generator_py/msg_interfaces/msg/_system_status_s.c.o\x1b[0m\n'}
[7.319504] (-) TimerEvent: {}
[7.369901] (msg_interfaces) StdoutLine: {'line': b'[ 85%] \x1b[32m\x1b[1mLinking C shared library rosidl_generator_py/msg_interfaces/libmsg_interfaces__rosidl_generator_py.so\x1b[0m\n'}
[7.420163] (-) TimerEvent: {}
[7.520686] (-) TimerEvent: {}
[7.563877] (msg_interfaces) StdoutLine: {'line': b'[ 85%] Built target msg_interfaces__rosidl_generator_py\n'}
[7.580838] (msg_interfaces) StdoutLine: {'line': b'[ 92%] \x1b[32mBuilding C object CMakeFiles/msg_interfaces__rosidl_typesupport_c__pyext.dir/rosidl_generator_py/msg_interfaces/_msg_interfaces_s.ep.rosidl_typesupport_c.c.o\x1b[0m\n'}
[7.581067] (msg_interfaces) StdoutLine: {'line': b'[ 92%] \x1b[32mBuilding C object CMakeFiles/msg_interfaces__rosidl_typesupport_introspection_c__pyext.dir/rosidl_generator_py/msg_interfaces/_msg_interfaces_s.ep.rosidl_typesupport_introspection_c.c.o\x1b[0m\n'}
[7.581164] (msg_interfaces) StdoutLine: {'line': b'[ 92%] \x1b[32mBuilding C object CMakeFiles/msg_interfaces__rosidl_typesupport_fastrtps_c__pyext.dir/rosidl_generator_py/msg_interfaces/_msg_interfaces_s.ep.rosidl_typesupport_fastrtps_c.c.o\x1b[0m\n'}
[7.620930] (-) TimerEvent: {}
[7.667753] (msg_interfaces) StdoutLine: {'line': b'[ 95%] \x1b[32m\x1b[1mLinking C shared library rosidl_generator_py/msg_interfaces/msg_interfaces_s__rosidl_typesupport_introspection_c.cpython-310-x86_64-linux-gnu.so\x1b[0m\n'}
[7.669719] (msg_interfaces) StdoutLine: {'line': b'[ 97%] \x1b[32m\x1b[1mLinking C shared library rosidl_generator_py/msg_interfaces/msg_interfaces_s__rosidl_typesupport_c.cpython-310-x86_64-linux-gnu.so\x1b[0m\n'}
[7.671897] (msg_interfaces) StdoutLine: {'line': b'[100%] \x1b[32m\x1b[1mLinking C shared library rosidl_generator_py/msg_interfaces/msg_interfaces_s__rosidl_typesupport_fastrtps_c.cpython-310-x86_64-linux-gnu.so\x1b[0m\n'}
[7.721263] (-) TimerEvent: {}
[7.812076] (msg_interfaces) StdoutLine: {'line': b'[100%] Built target msg_interfaces__rosidl_typesupport_c__pyext\n'}
[7.812318] (msg_interfaces) StdoutLine: {'line': b'[100%] Built target msg_interfaces__rosidl_typesupport_introspection_c__pyext\n'}
[7.821670] (-) TimerEvent: {}
[7.877927] (msg_interfaces) StdoutLine: {'line': b'[100%] Built target msg_interfaces__rosidl_typesupport_fastrtps_c__pyext\n'}
[7.889689] (msg_interfaces) CommandEnded: {'returncode': 0}
[7.890769] (msg_interfaces) JobProgress: {'identifier': 'msg_interfaces', 'progress': 'install'}
[7.899731] (msg_interfaces) Command: {'cmd': ['/usr/bin/cmake', '--install', '/home/xc2204/ros2_new_study/src/build/msg_interfaces'], 'cwd': '/home/xc2204/ros2_new_study/src/build/msg_interfaces', 'env': OrderedDict([('PYTHON_BASIC_REPL', '1'), ('LESSOPEN', '| /usr/bin/lesspipe %s'), ('USER', 'xc2204'), ('GIT_ASKPASS', '/home/xc2204/.vscode-server/bin/f6cfa2ea2403534de03f069bdf160d06451ed282/extensions/git/dist/askpass.sh'), ('SHLVL', '1'), ('RCUTILS_CONSOLE_OUTPUT_FORMAT', '[{function_name}:{line_number}]: {message}'), ('LD_LIBRARY_PATH', '/home/xc2204/ros2_new_study/install/msg_interfaces/lib:/usr/lib/x86_64-linux-gnu/gazebo-11/plugins:/opt/ros/humble/opt/rviz_ogre_vendor/lib:/opt/ros/humble/lib/x86_64-linux-gnu:/opt/ros/humble/lib'), ('MOTD_SHOWN', 'update-motd'), ('HOME', '/home/xc2204'), ('OLDPWD', '/home/xc2204/ros2_new_study'), ('TERM_PROGRAM_VERSION', '1.121.0'), ('VSCODE_IPC_HOOK_CLI', '/run/user/1000/vscode-ipc-818c1935-63c3-4c9f-95b7-9cbedf9bdddd.sock'), ('ROS_PYTHON_VERSION', '3'), ('VSCODE_GIT_ASKPASS_MAIN', '/home/xc2204/.vscode-server/bin/f6cfa2ea2403534de03f069bdf160d06451ed282/extensions/git/dist/askpass-main.js'), ('VSCODE_GIT_ASKPASS_NODE', '/home/xc2204/.vscode-server/bin/f6cfa2ea2403534de03f069bdf160d06451ed282/node'), ('PYDEVD_DISABLE_FILE_VALIDATION', '1'), ('BUNDLED_DEBUGPY_PATH', '/home/xc2204/.vscode-server/extensions/ms-python.debugpy-2026.6.0-linux-x64/bundled/libs/debugpy'), ('VSCODE_PYTHON_AUTOACTIVATE_GUARD', '1'), ('DBUS_SESSION_BUS_ADDRESS', 'unix:path=/run/user/1000/bus'), ('COLORTERM', 'truecolor'), ('WSL_DISTRO_NAME', 'Ubuntu-22.04'), ('WAYLAND_DISPLAY', 'wayland-0'), ('COLCON_PREFIX_PATH', '/home/xc2204/ros2_new_study/install'), ('ROS_DISTRO', 'humble'), ('LOGNAME', 'xc2204'), ('NAME', 'DESKTOP-LOL67EV'), ('WSL_INTEROP', '/run/WSL/86394_interop'), ('PULSE_SERVER', 'unix:/mnt/wslg/PulseServer'), ('_', '/usr/bin/colcon'), ('ROS_VERSION', '2'), ('TERM', 'xterm-256color'), ('ROS_LOCALHOST_ONLY', '0'), ('PATH', '/home/xc2204/.local/bin:/home/xc2204/.vscode-server/data/User/globalStorage/github.copilot-chat/debugCommand:/home/xc2204/.vscode-server/data/User/globalStorage/github.copilot-chat/copilotCli:/home/xc2204/.vscode-server/bin/f6cfa2ea2403534de03f069bdf160d06451ed282/bin/remote-cli:/home/xc2204/.local/bin:/home/xc2204/.local/bin:/opt/ros/humble/bin:/usr/local/sbin:/usr/local/bin:/usr/sbin:/usr/bin:/sbin:/bin:/usr/games:/usr/local/games:/usr/lib/wsl/lib:/mnt/c/app/vmware station/bin/:/mnt/c/app/python3.13.2/Scripts/:/mnt/c/app/python3.13.2/:/mnt/c/WINDOWS/system32:/mnt/c/WINDOWS:/mnt/c/WINDOWS/System32/Wbem:/mnt/c/WINDOWS/System32/WindowsPowerShell/v1.0/:/mnt/c/WINDOWS/System32/OpenSSH/:/mnt/c/Users/Administrator/AppData/Local/Microsoft/WindowsApps:/mnt/c/Recovery/OEM/Backup/:/mnt/c/Program Files/dotnet/:/mnt/c/Program Files (x86)/NVIDIA Corporation/PhysX/Common:/mnt/c/Windows Kits/10/Windows Performance Toolkit/:/mnt/c/WINDOWS/system32:/mnt/c/WINDOWS:/mnt/c/WINDOWS/System32/Wbem:/mnt/c/WINDOWS/System32/WindowsPowerShell/v1.0/:/mnt/c/WINDOWS/System32/OpenSSH/:/mnt/c/app/MySQL/MySQL/MySQL Server 8.0/bin:/mnt/c/Program Files/nvm:/mnt/c/nvm4w/nodejs:/mnt/c/ProgramData/chocolatey/bin:/mnt/c/Program Files/nvm/v16.18.0:/mnt/c/app/web_study/Java11.0.30/bin:/mnt/c/Program Files (x86)/Microsoft SQL Server/160/Tools/Binn/:/mnt/c/Program Files/Microsoft SQL Server/160/Tools/Binn/:/mnt/c/Program Files/Microsoft SQL Server/Client SDK/ODBC/170/Tools/Binn/:/mnt/c/Program Files/Microsoft SQL Server/160/DTS/Binn/:/mnt/c/Program Files (x86)/Windows Kits/8.1/Windows Performance Toolkit/:/mnt/c/Program Files/NVIDIA Corporation/NVIDIA App/NvDLISR:/mnt/c/app/git/git/Git/cmd:/mnt/c/app/git/git/Git/mingw64/bin:/mnt/c/app/git/git/Git/usr/bin:/mnt/d/app/Matlab/matlab/runtime/win64:/mnt/d/app/Matlab/matlab/bin:/mnt/c/Program Files/Docker/Docker/resources/bin:/mnt/c/Program Files (x86)/Go/bin:/mnt/c/app/MySQL/MySQL/MySQL Shell 8.0/bin/:/mnt/c/Users/xc/AppData/Local/Microsoft/WindowsApps:/mnt/c/app/vscode/Microsoft VS Code/bin:/mnt/c/app/idea/IntelliJ IDEA Community Edition 2025.1.1.1/bin:/mnt/c/Program Files/nvm:/mnt/c/nvm4w/nodejs:/mnt/b/app/anaconda:/mnt/b/app/anaconda/Scripts:/mnt/b/app/anaconda/Library/bin:/mnt/b/opencv/opencv/build/x64/vc16/bin:/mnt/c/Users/xc/.dotnet/tools:/mnt/c/Users/xc/AppData/Local/Programs/Ollama:/mnt/c/Users/xc/.local/bin/:/mnt/c/Users/xc/go/bin:/snap/bin:/home/xc2204/.vscode-server/extensions/ms-python.debugpy-2026.6.0-linux-x64/bundled/scripts/noConfigScripts'), ('XDG_RUNTIME_DIR', '/run/user/1000/'), ('DISPLAY', ':0'), ('VSCODE_DEBUGPY_ADAPTER_ENDPOINTS', '/home/xc2204/.vscode-server/extensions/ms-python.debugpy-2026.6.0-linux-x64/.noConfigDebugAdapterEndpoints/endpoint-fe672440baee17d7.txt'), ('LANG', 'C.UTF-8'), ('PYTHONSTARTUP', '/home/xc2204/.vscode-server/data/User/workspaceStorage/edf733d14958791d67cbdcdbb8519592/ms-python.python/pythonrc.py'), ('LS_COLORS', 'rs=0:di=01;34:ln=01;36:mh=00:pi=40;33:so=01;35:do=01;35:bd=40;33;01:cd=40;33;01:or=40;31;01:mi=00:su=37;41:sg=30;43:ca=30;41:tw=30;42:ow=34;42:st=37;44:ex=01;32:*.tar=01;31:*.tgz=01;31:*.arc=01;31:*.arj=01;31:*.taz=01;31:*.lha=01;31:*.lz4=01;31:*.lzh=01;31:*.lzma=01;31:*.tlz=01;31:*.txz=01;31:*.tzo=01;31:*.t7z=01;31:*.zip=01;31:*.z=01;31:*.dz=01;31:*.gz=01;31:*.lrz=01;31:*.lz=01;31:*.lzo=01;31:*.xz=01;31:*.zst=01;31:*.tzst=01;31:*.bz2=01;31:*.bz=01;31:*.tbz=01;31:*.tbz2=01;31:*.tz=01;31:*.deb=01;31:*.rpm=01;31:*.jar=01;31:*.war=01;31:*.ear=01;31:*.sar=01;31:*.rar=01;31:*.alz=01;31:*.ace=01;31:*.zoo=01;31:*.cpio=01;31:*.7z=01;31:*.rz=01;31:*.cab=01;31:*.wim=01;31:*.swm=01;31:*.dwm=01;31:*.esd=01;31:*.jpg=01;35:*.jpeg=01;35:*.mjpg=01;35:*.mjpeg=01;35:*.gif=01;35:*.bmp=01;35:*.pbm=01;35:*.pgm=01;35:*.ppm=01;35:*.tga=01;35:*.xbm=01;35:*.xpm=01;35:*.tif=01;35:*.tiff=01;35:*.png=01;35:*.svg=01;35:*.svgz=01;35:*.mng=01;35:*.pcx=01;35:*.mov=01;35:*.mpg=01;35:*.mpeg=01;35:*.m2v=01;35:*.mkv=01;35:*.webm=01;35:*.webp=01;35:*.ogm=01;35:*.mp4=01;35:*.m4v=01;35:*.mp4v=01;35:*.vob=01;35:*.qt=01;35:*.nuv=01;35:*.wmv=01;35:*.asf=01;35:*.rm=01;35:*.rmvb=01;35:*.flc=01;35:*.avi=01;35:*.fli=01;35:*.flv=01;35:*.gl=01;35:*.dl=01;35:*.xcf=01;35:*.xwd=01;35:*.yuv=01;35:*.cgm=01;35:*.emf=01;35:*.ogv=01;35:*.ogx=01;35:*.aac=00;36:*.au=00;36:*.flac=00;36:*.m4a=00;36:*.mid=00;36:*.midi=00;36:*.mka=00;36:*.mp3=00;36:*.mpc=00;36:*.ogg=00;36:*.ra=00;36:*.wav=00;36:*.oga=00;36:*.opus=00;36:*.spx=00;36:*.xspf=00;36:'), ('VSCODE_GIT_IPC_HANDLE', '/run/user/1000/vscode-git-0900024275.sock'), ('TERM_PROGRAM', 'vscode'), ('AMENT_PREFIX_PATH', '/home/xc2204/ros2_new_study/install/test_pkg:/home/xc2204/ros2_new_study/install/pc_stuts:/home/xc2204/ros2_new_study/install/msg_interfaces:/home/xc2204/ros2_new_study/install/face_detect:/opt/ros/humble'), ('SHELL', '/bin/bash'), ('LESSCLOSE', '/usr/bin/lesspipe %s %s'), ('VSCODE_GIT_ASKPASS_EXTRA_ARGS', ''), ('PWD', '/home/xc2204/ros2_new_study/src/build/msg_interfaces'), ('XDG_DATA_DIRS', '/usr/local/share:/usr/share:/var/lib/snapd/desktop'), ('PYTHONPATH', '/home/xc2204/ros2_new_study/install/test_pkg/lib/python3.10/site-packages:/home/xc2204/ros2_new_study/install/pc_stuts/lib/python3.10/site-packages:/home/xc2204/ros2_new_study/install/msg_interfaces/local/lib/python3.10/dist-packages:/home/xc2204/ros2_new_study/install/face_detect/lib/python3.10/site-packages:/opt/ros/humble/lib/python3.10/site-packages:/opt/ros/humble/local/lib/python3.10/dist-packages'), ('COLCON', '1'), ('WSL2_GUI_APPS_ENABLED', '1'), ('HOSTTYPE', 'x86_64'), ('CMAKE_PREFIX_PATH', '/home/xc2204/ros2_new_study/install/msg_interfaces:/home/xc2204/ros2_new_study/install/test_pkg:/home/xc2204/ros2_new_study/install/pc_stuts:/home/xc2204/ros2_new_study/install/face_detect:/opt/ros/humble'), ('WSLENV', 'VSCODE_WSL_EXT_LOCATION/up')]), 'shell': False}
[7.906127] (msg_interfaces) StdoutLine: {'line': b'-- Install configuration: ""\n'}
[7.906818] (msg_interfaces) StdoutLine: {'line': b'-- Installing: /home/xc2204/ros2_new_study/src/install/msg_interfaces/share/ament_index/resource_index/rosidl_interfaces/msg_interfaces\n'}
[7.907101] (msg_interfaces) StdoutLine: {'line': b'-- Installing: /home/xc2204/ros2_new_study/src/install/msg_interfaces/include/msg_interfaces/msg_interfaces\n'}
[7.907540] (msg_interfaces) StdoutLine: {'line': b'-- Installing: /home/xc2204/ros2_new_study/src/install/msg_interfaces/include/msg_interfaces/msg_interfaces/msg\n'}
[7.907666] (msg_interfaces) StdoutLine: {'line': b'-- Installing: /home/xc2204/ros2_new_study/src/install/msg_interfaces/include/msg_interfaces/msg_interfaces/msg/rosidl_generator_c__visibility_control.h\n'}
[7.907761] (msg_interfaces) StdoutLine: {'line': b'-- Installing: /home/xc2204/ros2_new_study/src/install/msg_interfaces/include/msg_interfaces/msg_interfaces/msg/detail\n'}
[7.907930] (msg_interfaces) StdoutLine: {'line': b'-- Installing: /home/xc2204/ros2_new_study/src/install/msg_interfaces/include/msg_interfaces/msg_interfaces/msg/detail/system_status__functions.h\n'}
[7.908237] (msg_interfaces) StdoutLine: {'line': b'-- Installing: /home/xc2204/ros2_new_study/src/install/msg_interfaces/include/msg_interfaces/msg_interfaces/msg/detail/system_status__struct.h\n'}
[7.908430] (msg_interfaces) StdoutLine: {'line': b'-- Installing: /home/xc2204/ros2_new_study/src/install/msg_interfaces/include/msg_interfaces/msg_interfaces/msg/detail/system_status__type_support.h\n'}
[7.908556] (msg_interfaces) StdoutLine: {'line': b'-- Installing: /home/xc2204/ros2_new_study/src/install/msg_interfaces/include/msg_interfaces/msg_interfaces/msg/detail/system_status__functions.c\n'}
[7.908732] (msg_interfaces) StdoutLine: {'line': b'-- Installing: /home/xc2204/ros2_new_study/src/install/msg_interfaces/include/msg_interfaces/msg_interfaces/msg/system_status.h\n'}
[7.908880] (msg_interfaces) StdoutLine: {'line': b'-- Installing: /home/xc2204/ros2_new_study/src/install/msg_interfaces/include/msg_interfaces/msg_interfaces/srv\n'}
[7.908992] (msg_interfaces) StdoutLine: {'line': b'-- Installing: /home/xc2204/ros2_new_study/src/install/msg_interfaces/include/msg_interfaces/msg_interfaces/srv/face_detector.h\n'}
[7.909037] (msg_interfaces) StdoutLine: {'line': b'-- Installing: /home/xc2204/ros2_new_study/src/install/msg_interfaces/include/msg_interfaces/msg_interfaces/srv/detail\n'}
[7.909068] (msg_interfaces) StdoutLine: {'line': b'-- Installing: /home/xc2204/ros2_new_study/src/install/msg_interfaces/include/msg_interfaces/msg_interfaces/srv/detail/face_detector__functions.h\n'}
[7.909098] (msg_interfaces) StdoutLine: {'line': b'-- Installing: /home/xc2204/ros2_new_study/src/install/msg_interfaces/include/msg_interfaces/msg_interfaces/srv/detail/face_detector__struct.h\n'}
[7.909127] (msg_interfaces) StdoutLine: {'line': b'-- Installing: /home/xc2204/ros2_new_study/src/install/msg_interfaces/include/msg_interfaces/msg_interfaces/srv/detail/face_detector__functions.c\n'}
[7.909155] (msg_interfaces) StdoutLine: {'line': b'-- Installing: /home/xc2204/ros2_new_study/src/install/msg_interfaces/include/msg_interfaces/msg_interfaces/srv/detail/face_detector__type_support.h\n'}
[7.909423] (msg_interfaces) StdoutLine: {'line': b'-- Installing: /home/xc2204/ros2_new_study/src/install/msg_interfaces/share/msg_interfaces/environment/library_path.sh\n'}
[7.909583] (msg_interfaces) StdoutLine: {'line': b'-- Installing: /home/xc2204/ros2_new_study/src/install/msg_interfaces/share/msg_interfaces/environment/library_path.dsv\n'}
[7.909826] (msg_interfaces) StdoutLine: {'line': b'-- Installing: /home/xc2204/ros2_new_study/src/install/msg_interfaces/lib/libmsg_interfaces__rosidl_generator_c.so\n'}
[7.910325] (msg_interfaces) StdoutLine: {'line': b'-- Set runtime path of "/home/xc2204/ros2_new_study/src/install/msg_interfaces/lib/libmsg_interfaces__rosidl_generator_c.so" to ""\n'}
[7.910568] (msg_interfaces) StdoutLine: {'line': b'-- Up-to-date: /home/xc2204/ros2_new_study/src/install/msg_interfaces/include/msg_interfaces/msg_interfaces\n'}
[7.910674] (msg_interfaces) StdoutLine: {'line': b'-- Up-to-date: /home/xc2204/ros2_new_study/src/install/msg_interfaces/include/msg_interfaces/msg_interfaces/msg\n'}
[7.910715] (msg_interfaces) StdoutLine: {'line': b'-- Installing: /home/xc2204/ros2_new_study/src/install/msg_interfaces/include/msg_interfaces/msg_interfaces/msg/rosidl_typesupport_fastrtps_c__visibility_control.h\n'}
[7.910762] (msg_interfaces) StdoutLine: {'line': b'-- Up-to-date: /home/xc2204/ros2_new_study/src/install/msg_interfaces/include/msg_interfaces/msg_interfaces/msg/detail\n'}
[7.910838] (msg_interfaces) StdoutLine: {'line': b'-- Installing: /home/xc2204/ros2_new_study/src/install/msg_interfaces/include/msg_interfaces/msg_interfaces/msg/detail/system_status__rosidl_typesupport_fastrtps_c.h\n'}
[7.910980] (msg_interfaces) StdoutLine: {'line': b'-- Up-to-date: /home/xc2204/ros2_new_study/src/install/msg_interfaces/include/msg_interfaces/msg_interfaces/srv\n'}
[7.911030] (msg_interfaces) StdoutLine: {'line': b'-- Up-to-date: /home/xc2204/ros2_new_study/src/install/msg_interfaces/include/msg_interfaces/msg_interfaces/srv/detail\n'}
[7.911101] (msg_interfaces) StdoutLine: {'line': b'-- Installing: /home/xc2204/ros2_new_study/src/install/msg_interfaces/include/msg_interfaces/msg_interfaces/srv/detail/face_detector__rosidl_typesupport_fastrtps_c.h\n'}
[7.911140] (msg_interfaces) StdoutLine: {'line': b'-- Installing: /home/xc2204/ros2_new_study/src/install/msg_interfaces/lib/libmsg_interfaces__rosidl_typesupport_fastrtps_c.so\n'}
[7.911404] (msg_interfaces) StdoutLine: {'line': b'-- Set runtime path of "/home/xc2204/ros2_new_study/src/install/msg_interfaces/lib/libmsg_interfaces__rosidl_typesupport_fastrtps_c.so" to ""\n'}
[7.911532] (msg_interfaces) StdoutLine: {'line': b'-- Up-to-date: /home/xc2204/ros2_new_study/src/install/msg_interfaces/include/msg_interfaces/msg_interfaces\n'}
[7.911680] (msg_interfaces) StdoutLine: {'line': b'-- Up-to-date: /home/xc2204/ros2_new_study/src/install/msg_interfaces/include/msg_interfaces/msg_interfaces/msg\n'}
[7.911810] (msg_interfaces) StdoutLine: {'line': b'-- Installing: /home/xc2204/ros2_new_study/src/install/msg_interfaces/include/msg_interfaces/msg_interfaces/msg/rosidl_typesupport_introspection_c__visibility_control.h\n'}
[7.911919] (msg_interfaces) StdoutLine: {'line': b'-- Up-to-date: /home/xc2204/ros2_new_study/src/install/msg_interfaces/include/msg_interfaces/msg_interfaces/msg/detail\n'}
[7.912027] (msg_interfaces) StdoutLine: {'line': b'-- Installing: /home/xc2204/ros2_new_study/src/install/msg_interfaces/include/msg_interfaces/msg_interfaces/msg/detail/system_status__type_support.c\n'}
[7.912120] (msg_interfaces) StdoutLine: {'line': b'-- Installing: /home/xc2204/ros2_new_study/src/install/msg_interfaces/include/msg_interfaces/msg_interfaces/msg/detail/system_status__rosidl_typesupport_introspection_c.h\n'}
[7.912331] (msg_interfaces) StdoutLine: {'line': b'-- Up-to-date: /home/xc2204/ros2_new_study/src/install/msg_interfaces/include/msg_interfaces/msg_interfaces/srv\n'}
[7.912481] (msg_interfaces) StdoutLine: {'line': b'-- Up-to-date: /home/xc2204/ros2_new_study/src/install/msg_interfaces/include/msg_interfaces/msg_interfaces/srv/detail\n'}
[7.912556] (msg_interfaces) StdoutLine: {'line': b'-- Installing: /home/xc2204/ros2_new_study/src/install/msg_interfaces/include/msg_interfaces/msg_interfaces/srv/detail/face_detector__rosidl_typesupport_introspection_c.h\n'}
[7.912598] (msg_interfaces) StdoutLine: {'line': b'-- Installing: /home/xc2204/ros2_new_study/src/install/msg_interfaces/include/msg_interfaces/msg_interfaces/srv/detail/face_detector__type_support.c\n'}
[7.912663] (msg_interfaces) StdoutLine: {'line': b'-- Installing: /home/xc2204/ros2_new_study/src/install/msg_interfaces/lib/libmsg_interfaces__rosidl_typesupport_introspection_c.so\n'}
[7.912959] (msg_interfaces) StdoutLine: {'line': b'-- Set runtime path of "/home/xc2204/ros2_new_study/src/install/msg_interfaces/lib/libmsg_interfaces__rosidl_typesupport_introspection_c.so" to ""\n'}
[7.913222] (msg_interfaces) StdoutLine: {'line': b'-- Installing: /home/xc2204/ros2_new_study/src/install/msg_interfaces/lib/libmsg_interfaces__rosidl_typesupport_c.so\n'}
[7.913305] (msg_interfaces) StdoutLine: {'line': b'-- Set runtime path of "/home/xc2204/ros2_new_study/src/install/msg_interfaces/lib/libmsg_interfaces__rosidl_typesupport_c.so" to ""\n'}
[7.913345] (msg_interfaces) StdoutLine: {'line': b'-- Up-to-date: /home/xc2204/ros2_new_study/src/install/msg_interfaces/include/msg_interfaces/msg_interfaces\n'}
[7.913381] (msg_interfaces) StdoutLine: {'line': b'-- Up-to-date: /home/xc2204/ros2_new_study/src/install/msg_interfaces/include/msg_interfaces/msg_interfaces/msg\n'}
[7.913416] (msg_interfaces) StdoutLine: {'line': b'-- Up-to-date: /home/xc2204/ros2_new_study/src/install/msg_interfaces/include/msg_interfaces/msg_interfaces/msg/detail\n'}
[7.913449] (msg_interfaces) StdoutLine: {'line': b'-- Installing: /home/xc2204/ros2_new_study/src/install/msg_interfaces/include/msg_interfaces/msg_interfaces/msg/detail/system_status__traits.hpp\n'}
[7.913517] (msg_interfaces) StdoutLine: {'line': b'-- Installing: /home/xc2204/ros2_new_study/src/install/msg_interfaces/include/msg_interfaces/msg_interfaces/msg/detail/system_status__struct.hpp\n'}
[7.913783] (msg_interfaces) StdoutLine: {'line': b'-- Installing: /home/xc2204/ros2_new_study/src/install/msg_interfaces/include/msg_interfaces/msg_interfaces/msg/detail/system_status__type_support.hpp\n'}
[7.913936] (msg_interfaces) StdoutLine: {'line': b'-- Installing: /home/xc2204/ros2_new_study/src/install/msg_interfaces/include/msg_interfaces/msg_interfaces/msg/detail/system_status__builder.hpp\n'}
[7.914151] (msg_interfaces) StdoutLine: {'line': b'-- Installing: /home/xc2204/ros2_new_study/src/install/msg_interfaces/include/msg_interfaces/msg_interfaces/msg/rosidl_generator_cpp__visibility_control.hpp\n'}
[7.914336] (msg_interfaces) StdoutLine: {'line': b'-- Installing: /home/xc2204/ros2_new_study/src/install/msg_interfaces/include/msg_interfaces/msg_interfaces/msg/system_status.hpp\n'}
[7.914408] (msg_interfaces) StdoutLine: {'line': b'-- Up-to-date: /home/xc2204/ros2_new_study/src/install/msg_interfaces/include/msg_interfaces/msg_interfaces/srv\n'}
[7.914588] (msg_interfaces) StdoutLine: {'line': b'-- Up-to-date: /home/xc2204/ros2_new_study/src/install/msg_interfaces/include/msg_interfaces/msg_interfaces/srv/detail\n'}
[7.914630] (msg_interfaces) StdoutLine: {'line': b'-- Installing: /home/xc2204/ros2_new_study/src/install/msg_interfaces/include/msg_interfaces/msg_interfaces/srv/detail/face_detector__traits.hpp\n'}
[7.914823] (msg_interfaces) StdoutLine: {'line': b'-- Installing: /home/xc2204/ros2_new_study/src/install/msg_interfaces/include/msg_interfaces/msg_interfaces/srv/detail/face_detector__builder.hpp\n'}
[7.914905] (msg_interfaces) StdoutLine: {'line': b'-- Installing: /home/xc2204/ros2_new_study/src/install/msg_interfaces/include/msg_interfaces/msg_interfaces/srv/detail/face_detector__type_support.hpp\n'}
[7.915015] (msg_interfaces) StdoutLine: {'line': b'-- Installing: /home/xc2204/ros2_new_study/src/install/msg_interfaces/include/msg_interfaces/msg_interfaces/srv/detail/face_detector__struct.hpp\n'}
[7.915120] (msg_interfaces) StdoutLine: {'line': b'-- Installing: /home/xc2204/ros2_new_study/src/install/msg_interfaces/include/msg_interfaces/msg_interfaces/srv/face_detector.hpp\n'}
[7.915223] (msg_interfaces) StdoutLine: {'line': b'-- Up-to-date: /home/xc2204/ros2_new_study/src/install/msg_interfaces/include/msg_interfaces/msg_interfaces\n'}
[7.915285] (msg_interfaces) StdoutLine: {'line': b'-- Up-to-date: /home/xc2204/ros2_new_study/src/install/msg_interfaces/include/msg_interfaces/msg_interfaces/msg\n'}
[7.915502] (msg_interfaces) StdoutLine: {'line': b'-- Installing: /home/xc2204/ros2_new_study/src/install/msg_interfaces/include/msg_interfaces/msg_interfaces/msg/rosidl_typesupport_fastrtps_cpp__visibility_control.h\n'}
[7.915763] (msg_interfaces) StdoutLine: {'line': b'-- Up-to-date: /home/xc2204/ros2_new_study/src/install/msg_interfaces/include/msg_interfaces/msg_interfaces/msg/detail\n'}
[7.916097] (msg_interfaces) StdoutLine: {'line': b'-- Installing: /home/xc2204/ros2_new_study/src/install/msg_interfaces/include/msg_interfaces/msg_interfaces/msg/detail/system_status__rosidl_typesupport_fastrtps_cpp.hpp\n'}
[7.916354] (msg_interfaces) StdoutLine: {'line': b'-- Installing: /home/xc2204/ros2_new_study/src/install/msg_interfaces/include/msg_interfaces/msg_interfaces/msg/detail/dds_fastrtps\n'}
[7.916583] (msg_interfaces) StdoutLine: {'line': b'-- Up-to-date: /home/xc2204/ros2_new_study/src/install/msg_interfaces/include/msg_interfaces/msg_interfaces/srv\n'}
[7.916674] (msg_interfaces) StdoutLine: {'line': b'-- Up-to-date: /home/xc2204/ros2_new_study/src/install/msg_interfaces/include/msg_interfaces/msg_interfaces/srv/detail\n'}
[7.916737] (msg_interfaces) StdoutLine: {'line': b'-- Installing: /home/xc2204/ros2_new_study/src/install/msg_interfaces/include/msg_interfaces/msg_interfaces/srv/detail/dds_fastrtps\n'}
[7.916922] (msg_interfaces) StdoutLine: {'line': b'-- Installing: /home/xc2204/ros2_new_study/src/install/msg_interfaces/include/msg_interfaces/msg_interfaces/srv/detail/face_detector__rosidl_typesupport_fastrtps_cpp.hpp\n'}
[7.917115] (msg_interfaces) StdoutLine: {'line': b'-- Installing: /home/xc2204/ros2_new_study/src/install/msg_interfaces/lib/libmsg_interfaces__rosidl_typesupport_fastrtps_cpp.so\n'}
[7.917259] (msg_interfaces) StdoutLine: {'line': b'-- Set runtime path of "/home/xc2204/ros2_new_study/src/install/msg_interfaces/lib/libmsg_interfaces__rosidl_typesupport_fastrtps_cpp.so" to ""\n'}
[7.917298] (msg_interfaces) StdoutLine: {'line': b'-- Up-to-date: /home/xc2204/ros2_new_study/src/install/msg_interfaces/include/msg_interfaces/msg_interfaces\n'}
[7.917410] (msg_interfaces) StdoutLine: {'line': b'-- Up-to-date: /home/xc2204/ros2_new_study/src/install/msg_interfaces/include/msg_interfaces/msg_interfaces/msg\n'}
[7.917453] (msg_interfaces) StdoutLine: {'line': b'-- Up-to-date: /home/xc2204/ros2_new_study/src/install/msg_interfaces/include/msg_interfaces/msg_interfaces/msg/detail\n'}
[7.917488] (msg_interfaces) StdoutLine: {'line': b'-- Installing: /home/xc2204/ros2_new_study/src/install/msg_interfaces/include/msg_interfaces/msg_interfaces/msg/detail/system_status__type_support.cpp\n'}
[7.917600] (msg_interfaces) StdoutLine: {'line': b'-- Installing: /home/xc2204/ros2_new_study/src/install/msg_interfaces/include/msg_interfaces/msg_interfaces/msg/detail/system_status__rosidl_typesupport_introspection_cpp.hpp\n'}
[7.917904] (msg_interfaces) StdoutLine: {'line': b'-- Up-to-date: /home/xc2204/ros2_new_study/src/install/msg_interfaces/include/msg_interfaces/msg_interfaces/srv\n'}
[7.917981] (msg_interfaces) StdoutLine: {'line': b'-- Up-to-date: /home/xc2204/ros2_new_study/src/install/msg_interfaces/include/msg_interfaces/msg_interfaces/srv/detail\n'}
[7.918018] (msg_interfaces) StdoutLine: {'line': b'-- Installing: /home/xc2204/ros2_new_study/src/install/msg_interfaces/include/msg_interfaces/msg_interfaces/srv/detail/face_detector__type_support.cpp\n'}
[7.918053] (msg_interfaces) StdoutLine: {'line': b'-- Installing: /home/xc2204/ros2_new_study/src/install/msg_interfaces/include/msg_interfaces/msg_interfaces/srv/detail/face_detector__rosidl_typesupport_introspection_cpp.hpp\n'}
[7.918086] (msg_interfaces) StdoutLine: {'line': b'-- Installing: /home/xc2204/ros2_new_study/src/install/msg_interfaces/lib/libmsg_interfaces__rosidl_typesupport_introspection_cpp.so\n'}
[7.918118] (msg_interfaces) StdoutLine: {'line': b'-- Set runtime path of "/home/xc2204/ros2_new_study/src/install/msg_interfaces/lib/libmsg_interfaces__rosidl_typesupport_introspection_cpp.so" to ""\n'}
[7.918150] (msg_interfaces) StdoutLine: {'line': b'-- Installing: /home/xc2204/ros2_new_study/src/install/msg_interfaces/lib/libmsg_interfaces__rosidl_typesupport_cpp.so\n'}
[7.918194] (msg_interfaces) StdoutLine: {'line': b'-- Set runtime path of "/home/xc2204/ros2_new_study/src/install/msg_interfaces/lib/libmsg_interfaces__rosidl_typesupport_cpp.so" to ""\n'}
[7.918225] (msg_interfaces) StdoutLine: {'line': b'-- Installing: /home/xc2204/ros2_new_study/src/install/msg_interfaces/share/msg_interfaces/environment/pythonpath.sh\n'}
[7.918256] (msg_interfaces) StdoutLine: {'line': b'-- Installing: /home/xc2204/ros2_new_study/src/install/msg_interfaces/share/msg_interfaces/environment/pythonpath.dsv\n'}
[7.918285] (msg_interfaces) StdoutLine: {'line': b'-- Installing: /home/xc2204/ros2_new_study/src/install/msg_interfaces/local/lib/python3.10/dist-packages/msg_interfaces-0.0.0-py3.10.egg-info\n'}
[7.918510] (msg_interfaces) StdoutLine: {'line': b'-- Installing: /home/xc2204/ros2_new_study/src/install/msg_interfaces/local/lib/python3.10/dist-packages/msg_interfaces-0.0.0-py3.10.egg-info/top_level.txt\n'}
[7.918686] (msg_interfaces) StdoutLine: {'line': b'-- Installing: /home/xc2204/ros2_new_study/src/install/msg_interfaces/local/lib/python3.10/dist-packages/msg_interfaces-0.0.0-py3.10.egg-info/SOURCES.txt\n'}
[7.918950] (msg_interfaces) StdoutLine: {'line': b'-- Installing: /home/xc2204/ros2_new_study/src/install/msg_interfaces/local/lib/python3.10/dist-packages/msg_interfaces-0.0.0-py3.10.egg-info/dependency_links.txt\n'}
[7.919134] (msg_interfaces) StdoutLine: {'line': b'-- Installing: /home/xc2204/ros2_new_study/src/install/msg_interfaces/local/lib/python3.10/dist-packages/msg_interfaces-0.0.0-py3.10.egg-info/PKG-INFO\n'}
[7.919265] (msg_interfaces) StdoutLine: {'line': b'-- Installing: /home/xc2204/ros2_new_study/src/install/msg_interfaces/local/lib/python3.10/dist-packages/msg_interfaces\n'}
[7.919479] (msg_interfaces) StdoutLine: {'line': b'-- Installing: /home/xc2204/ros2_new_study/src/install/msg_interfaces/local/lib/python3.10/dist-packages/msg_interfaces/_msg_interfaces_s.ep.rosidl_typesupport_c.c\n'}
[7.919574] (msg_interfaces) StdoutLine: {'line': b'-- Installing: /home/xc2204/ros2_new_study/src/install/msg_interfaces/local/lib/python3.10/dist-packages/msg_interfaces/msg\n'}
[7.919730] (msg_interfaces) StdoutLine: {'line': b'-- Installing: /home/xc2204/ros2_new_study/src/install/msg_interfaces/local/lib/python3.10/dist-packages/msg_interfaces/msg/_system_status.py\n'}
[7.919879] (msg_interfaces) StdoutLine: {'line': b'-- Installing: /home/xc2204/ros2_new_study/src/install/msg_interfaces/local/lib/python3.10/dist-packages/msg_interfaces/msg/_system_status_s.c\n'}
[7.920081] (msg_interfaces) StdoutLine: {'line': b'-- Installing: /home/xc2204/ros2_new_study/src/install/msg_interfaces/local/lib/python3.10/dist-packages/msg_interfaces/msg/__init__.py\n'}
[7.920177] (msg_interfaces) StdoutLine: {'line': b'-- Installing: /home/xc2204/ros2_new_study/src/install/msg_interfaces/local/lib/python3.10/dist-packages/msg_interfaces/libmsg_interfaces__rosidl_generator_py.so\n'}
[7.920218] (msg_interfaces) StdoutLine: {'line': b'-- Installing: /home/xc2204/ros2_new_study/src/install/msg_interfaces/local/lib/python3.10/dist-packages/msg_interfaces/_msg_interfaces_s.ep.rosidl_typesupport_fastrtps_c.c\n'}
[7.920252] (msg_interfaces) StdoutLine: {'line': b'-- Installing: /home/xc2204/ros2_new_study/src/install/msg_interfaces/local/lib/python3.10/dist-packages/msg_interfaces/srv\n'}
[7.920324] (msg_interfaces) StdoutLine: {'line': b'-- Installing: /home/xc2204/ros2_new_study/src/install/msg_interfaces/local/lib/python3.10/dist-packages/msg_interfaces/srv/_face_detector.py\n'}
[7.920478] (msg_interfaces) StdoutLine: {'line': b'-- Installing: /home/xc2204/ros2_new_study/src/install/msg_interfaces/local/lib/python3.10/dist-packages/msg_interfaces/srv/_face_detector_s.c\n'}
[7.920578] (msg_interfaces) StdoutLine: {'line': b'-- Installing: /home/xc2204/ros2_new_study/src/install/msg_interfaces/local/lib/python3.10/dist-packages/msg_interfaces/srv/__init__.py\n'}
[7.920755] (msg_interfaces) StdoutLine: {'line': b'-- Installing: /home/xc2204/ros2_new_study/src/install/msg_interfaces/local/lib/python3.10/dist-packages/msg_interfaces/_msg_interfaces_s.ep.rosidl_typesupport_introspection_c.c\n'}
[7.920816] (msg_interfaces) StdoutLine: {'line': b'-- Installing: /home/xc2204/ros2_new_study/src/install/msg_interfaces/local/lib/python3.10/dist-packages/msg_interfaces/msg_interfaces_s__rosidl_typesupport_fastrtps_c.cpython-310-x86_64-linux-gnu.so\n'}
[7.920854] (msg_interfaces) StdoutLine: {'line': b'-- Installing: /home/xc2204/ros2_new_study/src/install/msg_interfaces/local/lib/python3.10/dist-packages/msg_interfaces/msg_interfaces_s__rosidl_typesupport_c.cpython-310-x86_64-linux-gnu.so\n'}
[7.920990] (msg_interfaces) StdoutLine: {'line': b'-- Installing: /home/xc2204/ros2_new_study/src/install/msg_interfaces/local/lib/python3.10/dist-packages/msg_interfaces/msg_interfaces_s__rosidl_typesupport_introspection_c.cpython-310-x86_64-linux-gnu.so\n'}
[7.921142] (msg_interfaces) StdoutLine: {'line': b'-- Installing: /home/xc2204/ros2_new_study/src/install/msg_interfaces/local/lib/python3.10/dist-packages/msg_interfaces/__init__.py\n'}
[7.921896] (-) TimerEvent: {}
[7.957815] (msg_interfaces) StdoutLine: {'line': b"Listing '/home/xc2204/ros2_new_study/src/install/msg_interfaces/local/lib/python3.10/dist-packages/msg_interfaces'...\n"}
[7.958067] (msg_interfaces) StdoutLine: {'line': b"Compiling '/home/xc2204/ros2_new_study/src/install/msg_interfaces/local/lib/python3.10/dist-packages/msg_interfaces/__init__.py'...\n"}
[7.958144] (msg_interfaces) StdoutLine: {'line': b"Listing '/home/xc2204/ros2_new_study/src/install/msg_interfaces/local/lib/python3.10/dist-packages/msg_interfaces/msg'...\n"}
[7.958237] (msg_interfaces) StdoutLine: {'line': b"Compiling '/home/xc2204/ros2_new_study/src/install/msg_interfaces/local/lib/python3.10/dist-packages/msg_interfaces/msg/__init__.py'...\n"}
[7.958279] (msg_interfaces) StdoutLine: {'line': b"Compiling '/home/xc2204/ros2_new_study/src/install/msg_interfaces/local/lib/python3.10/dist-packages/msg_interfaces/msg/_system_status.py'...\n"}
[7.958315] (msg_interfaces) StdoutLine: {'line': b"Listing '/home/xc2204/ros2_new_study/src/install/msg_interfaces/local/lib/python3.10/dist-packages/msg_interfaces/srv'...\n"}
[7.958347] (msg_interfaces) StdoutLine: {'line': b"Compiling '/home/xc2204/ros2_new_study/src/install/msg_interfaces/local/lib/python3.10/dist-packages/msg_interfaces/srv/__init__.py'...\n"}
[7.958379] (msg_interfaces) StdoutLine: {'line': b"Compiling '/home/xc2204/ros2_new_study/src/install/msg_interfaces/local/lib/python3.10/dist-packages/msg_interfaces/srv/_face_detector.py'...\n"}
[7.961926] (msg_interfaces) StdoutLine: {'line': b'-- Installing: /home/xc2204/ros2_new_study/src/install/msg_interfaces/local/lib/python3.10/dist-packages/msg_interfaces/msg_interfaces_s__rosidl_typesupport_fastrtps_c.cpython-310-x86_64-linux-gnu.so\n'}
[7.962267] (msg_interfaces) StdoutLine: {'line': b'-- Set runtime path of "/home/xc2204/ros2_new_study/src/install/msg_interfaces/local/lib/python3.10/dist-packages/msg_interfaces/msg_interfaces_s__rosidl_typesupport_fastrtps_c.cpython-310-x86_64-linux-gnu.so" to ""\n'}
[7.962487] (msg_interfaces) StdoutLine: {'line': b'-- Installing: /home/xc2204/ros2_new_study/src/install/msg_interfaces/local/lib/python3.10/dist-packages/msg_interfaces/msg_interfaces_s__rosidl_typesupport_introspection_c.cpython-310-x86_64-linux-gnu.so\n'}
[7.962656] (msg_interfaces) StdoutLine: {'line': b'-- Set runtime path of "/home/xc2204/ros2_new_study/src/install/msg_interfaces/local/lib/python3.10/dist-packages/msg_interfaces/msg_interfaces_s__rosidl_typesupport_introspection_c.cpython-310-x86_64-linux-gnu.so" to ""\n'}
[7.962817] (msg_interfaces) StdoutLine: {'line': b'-- Installing: /home/xc2204/ros2_new_study/src/install/msg_interfaces/local/lib/python3.10/dist-packages/msg_interfaces/msg_interfaces_s__rosidl_typesupport_c.cpython-310-x86_64-linux-gnu.so\n'}
[7.962964] (msg_interfaces) StdoutLine: {'line': b'-- Set runtime path of "/home/xc2204/ros2_new_study/src/install/msg_interfaces/local/lib/python3.10/dist-packages/msg_interfaces/msg_interfaces_s__rosidl_typesupport_c.cpython-310-x86_64-linux-gnu.so" to ""\n'}
[7.963072] (msg_interfaces) StdoutLine: {'line': b'-- Installing: /home/xc2204/ros2_new_study/src/install/msg_interfaces/lib/libmsg_interfaces__rosidl_generator_py.so\n'}
[7.963273] (msg_interfaces) StdoutLine: {'line': b'-- Set runtime path of "/home/xc2204/ros2_new_study/src/install/msg_interfaces/lib/libmsg_interfaces__rosidl_generator_py.so" to ""\n'}
[7.963765] (msg_interfaces) StdoutLine: {'line': b'-- Installing: /home/xc2204/ros2_new_study/src/install/msg_interfaces/share/ament_index/resource_index/rust_packages/msg_interfaces\n'}
[7.963952] (msg_interfaces) StdoutLine: {'line': b'-- Installing: /home/xc2204/ros2_new_study/src/install/msg_interfaces/share/msg_interfaces/rust\n'}
[7.964081] (msg_interfaces) StdoutLine: {'line': b'-- Installing: /home/xc2204/ros2_new_study/src/install/msg_interfaces/share/msg_interfaces/rust/build.rs\n'}
[7.964259] (msg_interfaces) StdoutLine: {'line': b'-- Installing: /home/xc2204/ros2_new_study/src/install/msg_interfaces/share/msg_interfaces/rust/src\n'}
[7.964440] (msg_interfaces) StdoutLine: {'line': b'-- Installing: /home/xc2204/ros2_new_study/src/install/msg_interfaces/share/msg_interfaces/rust/src/srv.rs\n'}
[7.964733] (msg_interfaces) StdoutLine: {'line': b'-- Installing: /home/xc2204/ros2_new_study/src/install/msg_interfaces/share/msg_interfaces/rust/src/msg\n'}
[7.964796] (msg_interfaces) StdoutLine: {'line': b'-- Installing: /home/xc2204/ros2_new_study/src/install/msg_interfaces/share/msg_interfaces/rust/src/msg/rmw.rs\n'}
[7.964906] (msg_interfaces) StdoutLine: {'line': b'-- Installing: /home/xc2204/ros2_new_study/src/install/msg_interfaces/share/msg_interfaces/rust/src/lib.rs\n'}
[7.965134] (msg_interfaces) StdoutLine: {'line': b'-- Installing: /home/xc2204/ros2_new_study/src/install/msg_interfaces/share/msg_interfaces/rust/src/srv\n'}
[7.965305] (msg_interfaces) StdoutLine: {'line': b'-- Installing: /home/xc2204/ros2_new_study/src/install/msg_interfaces/share/msg_interfaces/rust/src/srv/rmw.rs\n'}
[7.965368] (msg_interfaces) StdoutLine: {'line': b'-- Installing: /home/xc2204/ros2_new_study/src/install/msg_interfaces/share/msg_interfaces/rust/src/msg.rs\n'}
[7.965403] (msg_interfaces) StdoutLine: {'line': b'-- Installing: /home/xc2204/ros2_new_study/src/install/msg_interfaces/share/msg_interfaces/rust/Cargo.toml\n'}
[7.965608] (msg_interfaces) StdoutLine: {'line': b'-- Installing: /home/xc2204/ros2_new_study/src/install/msg_interfaces/share/msg_interfaces/msg/SystemStatus.idl\n'}
[7.966018] (msg_interfaces) StdoutLine: {'line': b'-- Installing: /home/xc2204/ros2_new_study/src/install/msg_interfaces/share/msg_interfaces/srv/FaceDetector.idl\n'}
[7.966233] (msg_interfaces) StdoutLine: {'line': b'-- Installing: /home/xc2204/ros2_new_study/src/install/msg_interfaces/share/msg_interfaces/msg/SystemStatus.msg\n'}
[7.966367] (msg_interfaces) StdoutLine: {'line': b'-- Installing: /home/xc2204/ros2_new_study/src/install/msg_interfaces/share/msg_interfaces/srv/FaceDetector.srv\n'}
[7.966532] (msg_interfaces) StdoutLine: {'line': b'-- Installing: /home/xc2204/ros2_new_study/src/install/msg_interfaces/share/msg_interfaces/srv/FaceDetector_Request.msg\n'}
[7.966676] (msg_interfaces) StdoutLine: {'line': b'-- Installing: /home/xc2204/ros2_new_study/src/install/msg_interfaces/share/msg_interfaces/srv/FaceDetector_Response.msg\n'}
[7.966719] (msg_interfaces) StdoutLine: {'line': b'-- Installing: /home/xc2204/ros2_new_study/src/install/msg_interfaces/share/ament_index/resource_index/package_run_dependencies/msg_interfaces\n'}
[7.967073] (msg_interfaces) StdoutLine: {'line': b'-- Installing: /home/xc2204/ros2_new_study/src/install/msg_interfaces/share/ament_index/resource_index/parent_prefix_path/msg_interfaces\n'}
[7.967239] (msg_interfaces) StdoutLine: {'line': b'-- Installing: /home/xc2204/ros2_new_study/src/install/msg_interfaces/share/msg_interfaces/environment/ament_prefix_path.sh\n'}
[7.967378] (msg_interfaces) StdoutLine: {'line': b'-- Installing: /home/xc2204/ros2_new_study/src/install/msg_interfaces/share/msg_interfaces/environment/ament_prefix_path.dsv\n'}
[7.967552] (msg_interfaces) StdoutLine: {'line': b'-- Installing: /home/xc2204/ros2_new_study/src/install/msg_interfaces/share/msg_interfaces/environment/path.sh\n'}
[7.967731] (msg_interfaces) StdoutLine: {'line': b'-- Installing: /home/xc2204/ros2_new_study/src/install/msg_interfaces/share/msg_interfaces/environment/path.dsv\n'}
[7.967797] (msg_interfaces) StdoutLine: {'line': b'-- Installing: /home/xc2204/ros2_new_study/src/install/msg_interfaces/share/msg_interfaces/local_setup.bash\n'}
[7.967899] (msg_interfaces) StdoutLine: {'line': b'-- Installing: /home/xc2204/ros2_new_study/src/install/msg_interfaces/share/msg_interfaces/local_setup.sh\n'}
[7.967989] (msg_interfaces) StdoutLine: {'line': b'-- Installing: /home/xc2204/ros2_new_study/src/install/msg_interfaces/share/msg_interfaces/local_setup.zsh\n'}
[7.968116] (msg_interfaces) StdoutLine: {'line': b'-- Installing: /home/xc2204/ros2_new_study/src/install/msg_interfaces/share/msg_interfaces/local_setup.dsv\n'}
[7.968246] (msg_interfaces) StdoutLine: {'line': b'-- Installing: /home/xc2204/ros2_new_study/src/install/msg_interfaces/share/msg_interfaces/package.dsv\n'}
[7.968623] (msg_interfaces) StdoutLine: {'line': b'-- Installing: /home/xc2204/ros2_new_study/src/install/msg_interfaces/share/ament_index/resource_index/packages/msg_interfaces\n'}
[7.969043] (msg_interfaces) StdoutLine: {'line': b'-- Installing: /home/xc2204/ros2_new_study/src/install/msg_interfaces/share/msg_interfaces/cmake/export_msg_interfaces__rosidl_generator_cExport.cmake\n'}
[7.969192] (msg_interfaces) StdoutLine: {'line': b'-- Installing: /home/xc2204/ros2_new_study/src/install/msg_interfaces/share/msg_interfaces/cmake/export_msg_interfaces__rosidl_generator_cExport-noconfig.cmake\n'}
[7.969320] (msg_interfaces) StdoutLine: {'line': b'-- Installing: /home/xc2204/ros2_new_study/src/install/msg_interfaces/share/msg_interfaces/cmake/export_msg_interfaces__rosidl_typesupport_fastrtps_cExport.cmake\n'}
[7.969510] (msg_interfaces) StdoutLine: {'line': b'-- Installing: /home/xc2204/ros2_new_study/src/install/msg_interfaces/share/msg_interfaces/cmake/export_msg_interfaces__rosidl_typesupport_fastrtps_cExport-noconfig.cmake\n'}
[7.969816] (msg_interfaces) StdoutLine: {'line': b'-- Installing: /home/xc2204/ros2_new_study/src/install/msg_interfaces/share/msg_interfaces/cmake/msg_interfaces__rosidl_typesupport_introspection_cExport.cmake\n'}
[7.970016] (msg_interfaces) StdoutLine: {'line': b'-- Installing: /home/xc2204/ros2_new_study/src/install/msg_interfaces/share/msg_interfaces/cmake/msg_interfaces__rosidl_typesupport_introspection_cExport-noconfig.cmake\n'}
[7.970202] (msg_interfaces) StdoutLine: {'line': b'-- Installing: /home/xc2204/ros2_new_study/src/install/msg_interfaces/share/msg_interfaces/cmake/msg_interfaces__rosidl_typesupport_cExport.cmake\n'}
[7.970269] (msg_interfaces) StdoutLine: {'line': b'-- Installing: /home/xc2204/ros2_new_study/src/install/msg_interfaces/share/msg_interfaces/cmake/msg_interfaces__rosidl_typesupport_cExport-noconfig.cmake\n'}
[7.970398] (msg_interfaces) StdoutLine: {'line': b'-- Installing: /home/xc2204/ros2_new_study/src/install/msg_interfaces/share/msg_interfaces/cmake/export_msg_interfaces__rosidl_generator_cppExport.cmake\n'}
[7.970438] (msg_interfaces) StdoutLine: {'line': b'-- Installing: /home/xc2204/ros2_new_study/src/install/msg_interfaces/share/msg_interfaces/cmake/export_msg_interfaces__rosidl_typesupport_fastrtps_cppExport.cmake\n'}
[7.970472] (msg_interfaces) StdoutLine: {'line': b'-- Installing: /home/xc2204/ros2_new_study/src/install/msg_interfaces/share/msg_interfaces/cmake/export_msg_interfaces__rosidl_typesupport_fastrtps_cppExport-noconfig.cmake\n'}
[7.970605] (msg_interfaces) StdoutLine: {'line': b'-- Installing: /home/xc2204/ros2_new_study/src/install/msg_interfaces/share/msg_interfaces/cmake/msg_interfaces__rosidl_typesupport_introspection_cppExport.cmake\n'}
[7.970835] (msg_interfaces) StdoutLine: {'line': b'-- Installing: /home/xc2204/ros2_new_study/src/install/msg_interfaces/share/msg_interfaces/cmake/msg_interfaces__rosidl_typesupport_introspection_cppExport-noconfig.cmake\n'}
[7.970932] (msg_interfaces) StdoutLine: {'line': b'-- Installing: /home/xc2204/ros2_new_study/src/install/msg_interfaces/share/msg_interfaces/cmake/msg_interfaces__rosidl_typesupport_cppExport.cmake\n'}
[7.971083] (msg_interfaces) StdoutLine: {'line': b'-- Installing: /home/xc2204/ros2_new_study/src/install/msg_interfaces/share/msg_interfaces/cmake/msg_interfaces__rosidl_typesupport_cppExport-noconfig.cmake\n'}
[7.971145] (msg_interfaces) StdoutLine: {'line': b'-- Installing: /home/xc2204/ros2_new_study/src/install/msg_interfaces/share/msg_interfaces/cmake/export_msg_interfaces__rosidl_generator_pyExport.cmake\n'}
[7.971181] (msg_interfaces) StdoutLine: {'line': b'-- Installing: /home/xc2204/ros2_new_study/src/install/msg_interfaces/share/msg_interfaces/cmake/export_msg_interfaces__rosidl_generator_pyExport-noconfig.cmake\n'}
[7.971217] (msg_interfaces) StdoutLine: {'line': b'-- Installing: /home/xc2204/ros2_new_study/src/install/msg_interfaces/share/msg_interfaces/cmake/rosidl_cmake-extras.cmake\n'}
[7.971302] (msg_interfaces) StdoutLine: {'line': b'-- Installing: /home/xc2204/ros2_new_study/src/install/msg_interfaces/share/msg_interfaces/cmake/ament_cmake_export_dependencies-extras.cmake\n'}
[7.971437] (msg_interfaces) StdoutLine: {'line': b'-- Installing: /home/xc2204/ros2_new_study/src/install/msg_interfaces/share/msg_interfaces/cmake/ament_cmake_export_include_directories-extras.cmake\n'}
[7.971561] (msg_interfaces) StdoutLine: {'line': b'-- Installing: /home/xc2204/ros2_new_study/src/install/msg_interfaces/share/msg_interfaces/cmake/ament_cmake_export_libraries-extras.cmake\n'}
[7.971668] (msg_interfaces) StdoutLine: {'line': b'-- Installing: /home/xc2204/ros2_new_study/src/install/msg_interfaces/share/msg_interfaces/cmake/ament_cmake_export_targets-extras.cmake\n'}
[7.971820] (msg_interfaces) StdoutLine: {'line': b'-- Installing: /home/xc2204/ros2_new_study/src/install/msg_interfaces/share/msg_interfaces/cmake/rosidl_cmake_export_typesupport_targets-extras.cmake\n'}
[7.971871] (msg_interfaces) StdoutLine: {'line': b'-- Installing: /home/xc2204/ros2_new_study/src/install/msg_interfaces/share/msg_interfaces/cmake/rosidl_cmake_export_typesupport_libraries-extras.cmake\n'}
[7.972042] (msg_interfaces) StdoutLine: {'line': b'-- Installing: /home/xc2204/ros2_new_study/src/install/msg_interfaces/share/msg_interfaces/cmake/msg_interfacesConfig.cmake\n'}
[7.972244] (msg_interfaces) StdoutLine: {'line': b'-- Installing: /home/xc2204/ros2_new_study/src/install/msg_interfaces/share/msg_interfaces/cmake/msg_interfacesConfig-version.cmake\n'}
[7.972307] (msg_interfaces) StdoutLine: {'line': b'-- Installing: /home/xc2204/ros2_new_study/src/install/msg_interfaces/share/msg_interfaces/package.xml\n'}
[7.974382] (msg_interfaces) CommandEnded: {'returncode': 0}
[7.991281] (msg_interfaces) JobEnded: {'identifier': 'msg_interfaces', 'rc': 0}
[7.992471] (pc_stuts) JobStarted: {'identifier': 'pc_stuts'}
[7.997587] (test_pkg) JobStarted: {'identifier': 'test_pkg'}
[8.022289] (-) TimerEvent: {}
[8.123196] (-) TimerEvent: {}
[8.224139] (-) TimerEvent: {}
[8.330412] (-) TimerEvent: {}
[8.434811] (-) TimerEvent: {}
[8.535271] (-) TimerEvent: {}
[8.638535] (-) TimerEvent: {}
[8.738990] (-) TimerEvent: {}
[8.842742] (-) TimerEvent: {}
[8.847793] (pc_stuts) Command: {'cmd': ['/usr/bin/python3', '-W', 'ignore:setup.py install is deprecated', '-W', 'ignore:easy_install command is deprecated', 'setup.py', 'egg_info', '--egg-base', '../build/pc_stuts', 'build', '--build-base', '/home/xc2204/ros2_new_study/src/build/pc_stuts/build', 'install', '--record', '/home/xc2204/ros2_new_study/src/build/pc_stuts/install.log', '--single-version-externally-managed', 'install_data'], 'cwd': '/home/xc2204/ros2_new_study/src/pc_stuts', 'env': {'PYTHON_BASIC_REPL': '1', 'LESSOPEN': '| /usr/bin/lesspipe %s', 'USER': 'xc2204', 'GIT_ASKPASS': '/home/xc2204/.vscode-server/bin/f6cfa2ea2403534de03f069bdf160d06451ed282/extensions/git/dist/askpass.sh', 'SHLVL': '1', 'RCUTILS_CONSOLE_OUTPUT_FORMAT': '[{function_name}:{line_number}]: {message}', 'LD_LIBRARY_PATH': '/home/xc2204/ros2_new_study/src/install/msg_interfaces/lib:/home/xc2204/ros2_new_study/install/msg_interfaces/lib:/usr/lib/x86_64-linux-gnu/gazebo-11/plugins:/opt/ros/humble/opt/rviz_ogre_vendor/lib:/opt/ros/humble/lib/x86_64-linux-gnu:/opt/ros/humble/lib', 'MOTD_SHOWN': 'update-motd', 'HOME': '/home/xc2204', 'OLDPWD': '/home/xc2204/ros2_new_study', 'TERM_PROGRAM_VERSION': '1.121.0', 'VSCODE_IPC_HOOK_CLI': '/run/user/1000/vscode-ipc-818c1935-63c3-4c9f-95b7-9cbedf9bdddd.sock', 'ROS_PYTHON_VERSION': '3', 'VSCODE_GIT_ASKPASS_MAIN': '/home/xc2204/.vscode-server/bin/f6cfa2ea2403534de03f069bdf160d06451ed282/extensions/git/dist/askpass-main.js', 'VSCODE_GIT_ASKPASS_NODE': '/home/xc2204/.vscode-server/bin/f6cfa2ea2403534de03f069bdf160d06451ed282/node', 'PYDEVD_DISABLE_FILE_VALIDATION': '1', 'BUNDLED_DEBUGPY_PATH': '/home/xc2204/.vscode-server/extensions/ms-python.debugpy-2026.6.0-linux-x64/bundled/libs/debugpy', 'VSCODE_PYTHON_AUTOACTIVATE_GUARD': '1', 'DBUS_SESSION_BUS_ADDRESS': 'unix:path=/run/user/1000/bus', 'COLORTERM': 'truecolor', 'WSL_DISTRO_NAME': 'Ubuntu-22.04', 'WAYLAND_DISPLAY': 'wayland-0', 'COLCON_PREFIX_PATH': '/home/xc2204/ros2_new_study/install', 'ROS_DISTRO': 'humble', 'LOGNAME': 'xc2204', 'NAME': 'DESKTOP-LOL67EV', 'WSL_INTEROP': '/run/WSL/86394_interop', 'PULSE_SERVER': 'unix:/mnt/wslg/PulseServer', '_': '/usr/bin/colcon', 'ROS_VERSION': '2', 'TERM': 'xterm-256color', 'ROS_LOCALHOST_ONLY': '0', 'PATH': '/home/xc2204/.local/bin:/home/xc2204/.vscode-server/data/User/globalStorage/github.copilot-chat/debugCommand:/home/xc2204/.vscode-server/data/User/globalStorage/github.copilot-chat/copilotCli:/home/xc2204/.vscode-server/bin/f6cfa2ea2403534de03f069bdf160d06451ed282/bin/remote-cli:/home/xc2204/.local/bin:/home/xc2204/.local/bin:/opt/ros/humble/bin:/usr/local/sbin:/usr/local/bin:/usr/sbin:/usr/bin:/sbin:/bin:/usr/games:/usr/local/games:/usr/lib/wsl/lib:/mnt/c/app/vmware station/bin/:/mnt/c/app/python3.13.2/Scripts/:/mnt/c/app/python3.13.2/:/mnt/c/WINDOWS/system32:/mnt/c/WINDOWS:/mnt/c/WINDOWS/System32/Wbem:/mnt/c/WINDOWS/System32/WindowsPowerShell/v1.0/:/mnt/c/WINDOWS/System32/OpenSSH/:/mnt/c/Users/Administrator/AppData/Local/Microsoft/WindowsApps:/mnt/c/Recovery/OEM/Backup/:/mnt/c/Program Files/dotnet/:/mnt/c/Program Files (x86)/NVIDIA Corporation/PhysX/Common:/mnt/c/Windows Kits/10/Windows Performance Toolkit/:/mnt/c/WINDOWS/system32:/mnt/c/WINDOWS:/mnt/c/WINDOWS/System32/Wbem:/mnt/c/WINDOWS/System32/WindowsPowerShell/v1.0/:/mnt/c/WINDOWS/System32/OpenSSH/:/mnt/c/app/MySQL/MySQL/MySQL Server 8.0/bin:/mnt/c/Program Files/nvm:/mnt/c/nvm4w/nodejs:/mnt/c/ProgramData/chocolatey/bin:/mnt/c/Program Files/nvm/v16.18.0:/mnt/c/app/web_study/Java11.0.30/bin:/mnt/c/Program Files (x86)/Microsoft SQL Server/160/Tools/Binn/:/mnt/c/Program Files/Microsoft SQL Server/160/Tools/Binn/:/mnt/c/Program Files/Microsoft SQL Server/Client SDK/ODBC/170/Tools/Binn/:/mnt/c/Program Files/Microsoft SQL Server/160/DTS/Binn/:/mnt/c/Program Files (x86)/Windows Kits/8.1/Windows Performance Toolkit/:/mnt/c/Program Files/NVIDIA Corporation/NVIDIA App/NvDLISR:/mnt/c/app/git/git/Git/cmd:/mnt/c/app/git/git/Git/mingw64/bin:/mnt/c/app/git/git/Git/usr/bin:/mnt/d/app/Matlab/matlab/runtime/win64:/mnt/d/app/Matlab/matlab/bin:/mnt/c/Program Files/Docker/Docker/resources/bin:/mnt/c/Program Files (x86)/Go/bin:/mnt/c/app/MySQL/MySQL/MySQL Shell 8.0/bin/:/mnt/c/Users/xc/AppData/Local/Microsoft/WindowsApps:/mnt/c/app/vscode/Microsoft VS Code/bin:/mnt/c/app/idea/IntelliJ IDEA Community Edition 2025.1.1.1/bin:/mnt/c/Program Files/nvm:/mnt/c/nvm4w/nodejs:/mnt/b/app/anaconda:/mnt/b/app/anaconda/Scripts:/mnt/b/app/anaconda/Library/bin:/mnt/b/opencv/opencv/build/x64/vc16/bin:/mnt/c/Users/xc/.dotnet/tools:/mnt/c/Users/xc/AppData/Local/Programs/Ollama:/mnt/c/Users/xc/.local/bin/:/mnt/c/Users/xc/go/bin:/snap/bin:/home/xc2204/.vscode-server/extensions/ms-python.debugpy-2026.6.0-linux-x64/bundled/scripts/noConfigScripts', 'XDG_RUNTIME_DIR': '/run/user/1000/', 'DISPLAY': ':0', 'VSCODE_DEBUGPY_ADAPTER_ENDPOINTS': '/home/xc2204/.vscode-server/extensions/ms-python.debugpy-2026.6.0-linux-x64/.noConfigDebugAdapterEndpoints/endpoint-fe672440baee17d7.txt', 'LANG': 'C.UTF-8', 'PYTHONSTARTUP': '/home/xc2204/.vscode-server/data/User/workspaceStorage/edf733d14958791d67cbdcdbb8519592/ms-python.python/pythonrc.py', 'LS_COLORS': 'rs=0:di=01;34:ln=01;36:mh=00:pi=40;33:so=01;35:do=01;35:bd=40;33;01:cd=40;33;01:or=40;31;01:mi=00:su=37;41:sg=30;43:ca=30;41:tw=30;42:ow=34;42:st=37;44:ex=01;32:*.tar=01;31:*.tgz=01;31:*.arc=01;31:*.arj=01;31:*.taz=01;31:*.lha=01;31:*.lz4=01;31:*.lzh=01;31:*.lzma=01;31:*.tlz=01;31:*.txz=01;31:*.tzo=01;31:*.t7z=01;31:*.zip=01;31:*.z=01;31:*.dz=01;31:*.gz=01;31:*.lrz=01;31:*.lz=01;31:*.lzo=01;31:*.xz=01;31:*.zst=01;31:*.tzst=01;31:*.bz2=01;31:*.bz=01;31:*.tbz=01;31:*.tbz2=01;31:*.tz=01;31:*.deb=01;31:*.rpm=01;31:*.jar=01;31:*.war=01;31:*.ear=01;31:*.sar=01;31:*.rar=01;31:*.alz=01;31:*.ace=01;31:*.zoo=01;31:*.cpio=01;31:*.7z=01;31:*.rz=01;31:*.cab=01;31:*.wim=01;31:*.swm=01;31:*.dwm=01;31:*.esd=01;31:*.jpg=01;35:*.jpeg=01;35:*.mjpg=01;35:*.mjpeg=01;35:*.gif=01;35:*.bmp=01;35:*.pbm=01;35:*.pgm=01;35:*.ppm=01;35:*.tga=01;35:*.xbm=01;35:*.xpm=01;35:*.tif=01;35:*.tiff=01;35:*.png=01;35:*.svg=01;35:*.svgz=01;35:*.mng=01;35:*.pcx=01;35:*.mov=01;35:*.mpg=01;35:*.mpeg=01;35:*.m2v=01;35:*.mkv=01;35:*.webm=01;35:*.webp=01;35:*.ogm=01;35:*.mp4=01;35:*.m4v=01;35:*.mp4v=01;35:*.vob=01;35:*.qt=01;35:*.nuv=01;35:*.wmv=01;35:*.asf=01;35:*.rm=01;35:*.rmvb=01;35:*.flc=01;35:*.avi=01;35:*.fli=01;35:*.flv=01;35:*.gl=01;35:*.dl=01;35:*.xcf=01;35:*.xwd=01;35:*.yuv=01;35:*.cgm=01;35:*.emf=01;35:*.ogv=01;35:*.ogx=01;35:*.aac=00;36:*.au=00;36:*.flac=00;36:*.m4a=00;36:*.mid=00;36:*.midi=00;36:*.mka=00;36:*.mp3=00;36:*.mpc=00;36:*.ogg=00;36:*.ra=00;36:*.wav=00;36:*.oga=00;36:*.opus=00;36:*.spx=00;36:*.xspf=00;36:', 'VSCODE_GIT_IPC_HANDLE': '/run/user/1000/vscode-git-0900024275.sock', 'TERM_PROGRAM': 'vscode', 'AMENT_PREFIX_PATH': '/home/xc2204/ros2_new_study/src/install/msg_interfaces:/home/xc2204/ros2_new_study/install/test_pkg:/home/xc2204/ros2_new_study/install/pc_stuts:/home/xc2204/ros2_new_study/install/msg_interfaces:/home/xc2204/ros2_new_study/install/face_detect:/opt/ros/humble', 'SHELL': '/bin/bash', 'LESSCLOSE': '/usr/bin/lesspipe %s %s', 'VSCODE_GIT_ASKPASS_EXTRA_ARGS': '', 'PWD': '/home/xc2204/ros2_new_study/src/build/pc_stuts', 'XDG_DATA_DIRS': '/usr/local/share:/usr/share:/var/lib/snapd/desktop', 'PYTHONPATH': '/home/xc2204/ros2_new_study/src/build/pc_stuts/prefix_override:/usr/lib/python3/dist-packages/colcon_core/task/python/colcon_distutils_commands:/home/xc2204/ros2_new_study/src/install/pc_stuts/lib/python3.10/site-packages:/home/xc2204/ros2_new_study/src/install/msg_interfaces/local/lib/python3.10/dist-packages:/home/xc2204/ros2_new_study/install/test_pkg/lib/python3.10/site-packages:/home/xc2204/ros2_new_study/install/pc_stuts/lib/python3.10/site-packages:/home/xc2204/ros2_new_study/install/msg_interfaces/local/lib/python3.10/dist-packages:/home/xc2204/ros2_new_study/install/face_detect/lib/python3.10/site-packages:/opt/ros/humble/lib/python3.10/site-packages:/opt/ros/humble/local/lib/python3.10/dist-packages', 'COLCON': '1', 'WSL2_GUI_APPS_ENABLED': '1', 'HOSTTYPE': 'x86_64', 'CMAKE_PREFIX_PATH': '/home/xc2204/ros2_new_study/src/install/msg_interfaces:/home/xc2204/ros2_new_study/install/msg_interfaces', 'WSLENV': 'VSCODE_WSL_EXT_LOCATION/up'}, 'shell': False}
[8.948338] (-) TimerEvent: {}
[9.022305] (test_pkg) Command: {'cmd': ['/usr/bin/python3', '-W', 'ignore:setup.py install is deprecated', '-W', 'ignore:easy_install command is deprecated', 'setup.py', 'egg_info', '--egg-base', '../build/test_pkg', 'build', '--build-base', '/home/xc2204/ros2_new_study/src/build/test_pkg/build', 'install', '--record', '/home/xc2204/ros2_new_study/src/build/test_pkg/install.log', '--single-version-externally-managed', 'install_data'], 'cwd': '/home/xc2204/ros2_new_study/src/test_pkg', 'env': {'PYTHON_BASIC_REPL': '1', 'LESSOPEN': '| /usr/bin/lesspipe %s', 'USER': 'xc2204', 'GIT_ASKPASS': '/home/xc2204/.vscode-server/bin/f6cfa2ea2403534de03f069bdf160d06451ed282/extensions/git/dist/askpass.sh', 'SHLVL': '1', 'RCUTILS_CONSOLE_OUTPUT_FORMAT': '[{function_name}:{line_number}]: {message}', 'LD_LIBRARY_PATH': '/home/xc2204/ros2_new_study/src/install/msg_interfaces/lib:/home/xc2204/ros2_new_study/install/msg_interfaces/lib:/usr/lib/x86_64-linux-gnu/gazebo-11/plugins:/opt/ros/humble/opt/rviz_ogre_vendor/lib:/opt/ros/humble/lib/x86_64-linux-gnu:/opt/ros/humble/lib', 'MOTD_SHOWN': 'update-motd', 'HOME': '/home/xc2204', 'OLDPWD': '/home/xc2204/ros2_new_study', 'TERM_PROGRAM_VERSION': '1.121.0', 'VSCODE_IPC_HOOK_CLI': '/run/user/1000/vscode-ipc-818c1935-63c3-4c9f-95b7-9cbedf9bdddd.sock', 'ROS_PYTHON_VERSION': '3', 'VSCODE_GIT_ASKPASS_MAIN': '/home/xc2204/.vscode-server/bin/f6cfa2ea2403534de03f069bdf160d06451ed282/extensions/git/dist/askpass-main.js', 'VSCODE_GIT_ASKPASS_NODE': '/home/xc2204/.vscode-server/bin/f6cfa2ea2403534de03f069bdf160d06451ed282/node', 'PYDEVD_DISABLE_FILE_VALIDATION': '1', 'BUNDLED_DEBUGPY_PATH': '/home/xc2204/.vscode-server/extensions/ms-python.debugpy-2026.6.0-linux-x64/bundled/libs/debugpy', 'VSCODE_PYTHON_AUTOACTIVATE_GUARD': '1', 'DBUS_SESSION_BUS_ADDRESS': 'unix:path=/run/user/1000/bus', 'COLORTERM': 'truecolor', 'WSL_DISTRO_NAME': 'Ubuntu-22.04', 'WAYLAND_DISPLAY': 'wayland-0', 'COLCON_PREFIX_PATH': '/home/xc2204/ros2_new_study/install', 'ROS_DISTRO': 'humble', 'LOGNAME': 'xc2204', 'NAME': 'DESKTOP-LOL67EV', 'WSL_INTEROP': '/run/WSL/86394_interop', 'PULSE_SERVER': 'unix:/mnt/wslg/PulseServer', '_': '/usr/bin/colcon', 'ROS_VERSION': '2', 'TERM': 'xterm-256color', 'ROS_LOCALHOST_ONLY': '0', 'PATH': '/home/xc2204/.local/bin:/home/xc2204/.vscode-server/data/User/globalStorage/github.copilot-chat/debugCommand:/home/xc2204/.vscode-server/data/User/globalStorage/github.copilot-chat/copilotCli:/home/xc2204/.vscode-server/bin/f6cfa2ea2403534de03f069bdf160d06451ed282/bin/remote-cli:/home/xc2204/.local/bin:/home/xc2204/.local/bin:/opt/ros/humble/bin:/usr/local/sbin:/usr/local/bin:/usr/sbin:/usr/bin:/sbin:/bin:/usr/games:/usr/local/games:/usr/lib/wsl/lib:/mnt/c/app/vmware station/bin/:/mnt/c/app/python3.13.2/Scripts/:/mnt/c/app/python3.13.2/:/mnt/c/WINDOWS/system32:/mnt/c/WINDOWS:/mnt/c/WINDOWS/System32/Wbem:/mnt/c/WINDOWS/System32/WindowsPowerShell/v1.0/:/mnt/c/WINDOWS/System32/OpenSSH/:/mnt/c/Users/Administrator/AppData/Local/Microsoft/WindowsApps:/mnt/c/Recovery/OEM/Backup/:/mnt/c/Program Files/dotnet/:/mnt/c/Program Files (x86)/NVIDIA Corporation/PhysX/Common:/mnt/c/Windows Kits/10/Windows Performance Toolkit/:/mnt/c/WINDOWS/system32:/mnt/c/WINDOWS:/mnt/c/WINDOWS/System32/Wbem:/mnt/c/WINDOWS/System32/WindowsPowerShell/v1.0/:/mnt/c/WINDOWS/System32/OpenSSH/:/mnt/c/app/MySQL/MySQL/MySQL Server 8.0/bin:/mnt/c/Program Files/nvm:/mnt/c/nvm4w/nodejs:/mnt/c/ProgramData/chocolatey/bin:/mnt/c/Program Files/nvm/v16.18.0:/mnt/c/app/web_study/Java11.0.30/bin:/mnt/c/Program Files (x86)/Microsoft SQL Server/160/Tools/Binn/:/mnt/c/Program Files/Microsoft SQL Server/160/Tools/Binn/:/mnt/c/Program Files/Microsoft SQL Server/Client SDK/ODBC/170/Tools/Binn/:/mnt/c/Program Files/Microsoft SQL Server/160/DTS/Binn/:/mnt/c/Program Files (x86)/Windows Kits/8.1/Windows Performance Toolkit/:/mnt/c/Program Files/NVIDIA Corporation/NVIDIA App/NvDLISR:/mnt/c/app/git/git/Git/cmd:/mnt/c/app/git/git/Git/mingw64/bin:/mnt/c/app/git/git/Git/usr/bin:/mnt/d/app/Matlab/matlab/runtime/win64:/mnt/d/app/Matlab/matlab/bin:/mnt/c/Program Files/Docker/Docker/resources/bin:/mnt/c/Program Files (x86)/Go/bin:/mnt/c/app/MySQL/MySQL/MySQL Shell 8.0/bin/:/mnt/c/Users/xc/AppData/Local/Microsoft/WindowsApps:/mnt/c/app/vscode/Microsoft VS Code/bin:/mnt/c/app/idea/IntelliJ IDEA Community Edition 2025.1.1.1/bin:/mnt/c/Program Files/nvm:/mnt/c/nvm4w/nodejs:/mnt/b/app/anaconda:/mnt/b/app/anaconda/Scripts:/mnt/b/app/anaconda/Library/bin:/mnt/b/opencv/opencv/build/x64/vc16/bin:/mnt/c/Users/xc/.dotnet/tools:/mnt/c/Users/xc/AppData/Local/Programs/Ollama:/mnt/c/Users/xc/.local/bin/:/mnt/c/Users/xc/go/bin:/snap/bin:/home/xc2204/.vscode-server/extensions/ms-python.debugpy-2026.6.0-linux-x64/bundled/scripts/noConfigScripts', 'XDG_RUNTIME_DIR': '/run/user/1000/', 'DISPLAY': ':0', 'VSCODE_DEBUGPY_ADAPTER_ENDPOINTS': '/home/xc2204/.vscode-server/extensions/ms-python.debugpy-2026.6.0-linux-x64/.noConfigDebugAdapterEndpoints/endpoint-fe672440baee17d7.txt', 'LANG': 'C.UTF-8', 'PYTHONSTARTUP': '/home/xc2204/.vscode-server/data/User/workspaceStorage/edf733d14958791d67cbdcdbb8519592/ms-python.python/pythonrc.py', 'LS_COLORS': 'rs=0:di=01;34:ln=01;36:mh=00:pi=40;33:so=01;35:do=01;35:bd=40;33;01:cd=40;33;01:or=40;31;01:mi=00:su=37;41:sg=30;43:ca=30;41:tw=30;42:ow=34;42:st=37;44:ex=01;32:*.tar=01;31:*.tgz=01;31:*.arc=01;31:*.arj=01;31:*.taz=01;31:*.lha=01;31:*.lz4=01;31:*.lzh=01;31:*.lzma=01;31:*.tlz=01;31:*.txz=01;31:*.tzo=01;31:*.t7z=01;31:*.zip=01;31:*.z=01;31:*.dz=01;31:*.gz=01;31:*.lrz=01;31:*.lz=01;31:*.lzo=01;31:*.xz=01;31:*.zst=01;31:*.tzst=01;31:*.bz2=01;31:*.bz=01;31:*.tbz=01;31:*.tbz2=01;31:*.tz=01;31:*.deb=01;31:*.rpm=01;31:*.jar=01;31:*.war=01;31:*.ear=01;31:*.sar=01;31:*.rar=01;31:*.alz=01;31:*.ace=01;31:*.zoo=01;31:*.cpio=01;31:*.7z=01;31:*.rz=01;31:*.cab=01;31:*.wim=01;31:*.swm=01;31:*.dwm=01;31:*.esd=01;31:*.jpg=01;35:*.jpeg=01;35:*.mjpg=01;35:*.mjpeg=01;35:*.gif=01;35:*.bmp=01;35:*.pbm=01;35:*.pgm=01;35:*.ppm=01;35:*.tga=01;35:*.xbm=01;35:*.xpm=01;35:*.tif=01;35:*.tiff=01;35:*.png=01;35:*.svg=01;35:*.svgz=01;35:*.mng=01;35:*.pcx=01;35:*.mov=01;35:*.mpg=01;35:*.mpeg=01;35:*.m2v=01;35:*.mkv=01;35:*.webm=01;35:*.webp=01;35:*.ogm=01;35:*.mp4=01;35:*.m4v=01;35:*.mp4v=01;35:*.vob=01;35:*.qt=01;35:*.nuv=01;35:*.wmv=01;35:*.asf=01;35:*.rm=01;35:*.rmvb=01;35:*.flc=01;35:*.avi=01;35:*.fli=01;35:*.flv=01;35:*.gl=01;35:*.dl=01;35:*.xcf=01;35:*.xwd=01;35:*.yuv=01;35:*.cgm=01;35:*.emf=01;35:*.ogv=01;35:*.ogx=01;35:*.aac=00;36:*.au=00;36:*.flac=00;36:*.m4a=00;36:*.mid=00;36:*.midi=00;36:*.mka=00;36:*.mp3=00;36:*.mpc=00;36:*.ogg=00;36:*.ra=00;36:*.wav=00;36:*.oga=00;36:*.opus=00;36:*.spx=00;36:*.xspf=00;36:', 'VSCODE_GIT_IPC_HANDLE': '/run/user/1000/vscode-git-0900024275.sock', 'TERM_PROGRAM': 'vscode', 'AMENT_PREFIX_PATH': '/home/xc2204/ros2_new_study/src/install/msg_interfaces:/home/xc2204/ros2_new_study/install/test_pkg:/home/xc2204/ros2_new_study/install/pc_stuts:/home/xc2204/ros2_new_study/install/msg_interfaces:/home/xc2204/ros2_new_study/install/face_detect:/opt/ros/humble', 'SHELL': '/bin/bash', 'LESSCLOSE': '/usr/bin/lesspipe %s %s', 'VSCODE_GIT_ASKPASS_EXTRA_ARGS': '', 'PWD': '/home/xc2204/ros2_new_study/src/build/test_pkg', 'XDG_DATA_DIRS': '/usr/local/share:/usr/share:/var/lib/snapd/desktop', 'PYTHONPATH': '/home/xc2204/ros2_new_study/src/build/test_pkg/prefix_override:/usr/lib/python3/dist-packages/colcon_core/task/python/colcon_distutils_commands:/home/xc2204/ros2_new_study/src/install/test_pkg/lib/python3.10/site-packages:/home/xc2204/ros2_new_study/src/install/msg_interfaces/local/lib/python3.10/dist-packages:/home/xc2204/ros2_new_study/install/test_pkg/lib/python3.10/site-packages:/home/xc2204/ros2_new_study/install/pc_stuts/lib/python3.10/site-packages:/home/xc2204/ros2_new_study/install/msg_interfaces/local/lib/python3.10/dist-packages:/home/xc2204/ros2_new_study/install/face_detect/lib/python3.10/site-packages:/opt/ros/humble/lib/python3.10/site-packages:/opt/ros/humble/local/lib/python3.10/dist-packages', 'COLCON': '1', 'WSL2_GUI_APPS_ENABLED': '1', 'HOSTTYPE': 'x86_64', 'CMAKE_PREFIX_PATH': '/home/xc2204/ros2_new_study/src/install/msg_interfaces:/home/xc2204/ros2_new_study/install/msg_interfaces', 'WSLENV': 'VSCODE_WSL_EXT_LOCATION/up'}, 'shell': False}
[9.038275] (pc_stuts) StdoutLine: {'line': b'running egg_info\n'}
[9.038656] (pc_stuts) StdoutLine: {'line': b'creating ../build/pc_stuts/pc_stuts.egg-info\n'}
[9.039082] (pc_stuts) StdoutLine: {'line': b'writing ../build/pc_stuts/pc_stuts.egg-info/PKG-INFO\n'}
[9.039433] (pc_stuts) StdoutLine: {'line': b'writing dependency_links to ../build/pc_stuts/pc_stuts.egg-info/dependency_links.txt\n'}
[9.039624] (pc_stuts) StdoutLine: {'line': b'writing entry points to ../build/pc_stuts/pc_stuts.egg-info/entry_points.txt\n'}
[9.039874] (pc_stuts) StdoutLine: {'line': b'writing requirements to ../build/pc_stuts/pc_stuts.egg-info/requires.txt\n'}
[9.040046] (pc_stuts) StdoutLine: {'line': b'writing top-level names to ../build/pc_stuts/pc_stuts.egg-info/top_level.txt\n'}
[9.040116] (pc_stuts) StdoutLine: {'line': b"writing manifest file '../build/pc_stuts/pc_stuts.egg-info/SOURCES.txt'\n"}
[9.041209] (pc_stuts) StdoutLine: {'line': b"reading manifest file '../build/pc_stuts/pc_stuts.egg-info/SOURCES.txt'\n"}
[9.041818] (pc_stuts) StdoutLine: {'line': b"writing manifest file '../build/pc_stuts/pc_stuts.egg-info/SOURCES.txt'\n"}
[9.042027] (pc_stuts) StdoutLine: {'line': b'running build\n'}
[9.042196] (pc_stuts) StdoutLine: {'line': b'running build_py\n'}
[9.042255] (pc_stuts) StdoutLine: {'line': b'creating /home/xc2204/ros2_new_study/src/build/pc_stuts/build\n'}
[9.042369] (pc_stuts) StdoutLine: {'line': b'creating /home/xc2204/ros2_new_study/src/build/pc_stuts/build/lib\n'}
[9.042947] (pc_stuts) StdoutLine: {'line': b'creating /home/xc2204/ros2_new_study/src/build/pc_stuts/build/lib/pc_stuts\n'}
[9.043318] (pc_stuts) StdoutLine: {'line': b'copying pc_stuts/qt_ui.py -> /home/xc2204/ros2_new_study/src/build/pc_stuts/build/lib/pc_stuts\n'}
[9.043533] (pc_stuts) StdoutLine: {'line': b'copying pc_stuts/stuts_pub.py -> /home/xc2204/ros2_new_study/src/build/pc_stuts/build/lib/pc_stuts\n'}
[9.043764] (pc_stuts) StdoutLine: {'line': b'copying pc_stuts/__init__.py -> /home/xc2204/ros2_new_study/src/build/pc_stuts/build/lib/pc_stuts\n'}
[9.044060] (pc_stuts) StdoutLine: {'line': b'copying pc_stuts/stuts_sub.py -> /home/xc2204/ros2_new_study/src/build/pc_stuts/build/lib/pc_stuts\n'}
[9.044134] (pc_stuts) StdoutLine: {'line': b'running install\n'}
[9.044327] (pc_stuts) StdoutLine: {'line': b'running install_lib\n'}
[9.045048] (pc_stuts) StdoutLine: {'line': b'creating /home/xc2204/ros2_new_study/src/install/pc_stuts/lib/python3.10/site-packages/pc_stuts\n'}
[9.045396] (pc_stuts) StdoutLine: {'line': b'copying /home/xc2204/ros2_new_study/src/build/pc_stuts/build/lib/pc_stuts/qt_ui.py -> /home/xc2204/ros2_new_study/src/install/pc_stuts/lib/python3.10/site-packages/pc_stuts\n'}
[9.045687] (pc_stuts) StdoutLine: {'line': b'copying /home/xc2204/ros2_new_study/src/build/pc_stuts/build/lib/pc_stuts/stuts_pub.py -> /home/xc2204/ros2_new_study/src/install/pc_stuts/lib/python3.10/site-packages/pc_stuts\n'}
[9.045913] (pc_stuts) StdoutLine: {'line': b'copying /home/xc2204/ros2_new_study/src/build/pc_stuts/build/lib/pc_stuts/__init__.py -> /home/xc2204/ros2_new_study/src/install/pc_stuts/lib/python3.10/site-packages/pc_stuts\n'}
[9.045984] (pc_stuts) StdoutLine: {'line': b'copying /home/xc2204/ros2_new_study/src/build/pc_stuts/build/lib/pc_stuts/stuts_sub.py -> /home/xc2204/ros2_new_study/src/install/pc_stuts/lib/python3.10/site-packages/pc_stuts\n'}
[9.046234] (pc_stuts) StdoutLine: {'line': b'byte-compiling /home/xc2204/ros2_new_study/src/install/pc_stuts/lib/python3.10/site-packages/pc_stuts/qt_ui.py to qt_ui.cpython-310.pyc\n'}
[9.047326] (pc_stuts) StdoutLine: {'line': b'byte-compiling /home/xc2204/ros2_new_study/src/install/pc_stuts/lib/python3.10/site-packages/pc_stuts/stuts_pub.py to stuts_pub.cpython-310.pyc\n'}
[9.047708] (pc_stuts) StdoutLine: {'line': b'byte-compiling /home/xc2204/ros2_new_study/src/install/pc_stuts/lib/python3.10/site-packages/pc_stuts/__init__.py to __init__.cpython-310.pyc\n'}
[9.047798] (pc_stuts) StdoutLine: {'line': b'byte-compiling /home/xc2204/ros2_new_study/src/install/pc_stuts/lib/python3.10/site-packages/pc_stuts/stuts_sub.py to stuts_sub.cpython-310.pyc\n'}
[9.048095] (pc_stuts) StdoutLine: {'line': b'running install_data\n'}
[9.048265] (pc_stuts) StdoutLine: {'line': b'creating /home/xc2204/ros2_new_study/src/install/pc_stuts/share/ament_index\n'}
[9.048327] (-) TimerEvent: {}
[9.048476] (pc_stuts) StdoutLine: {'line': b'creating /home/xc2204/ros2_new_study/src/install/pc_stuts/share/ament_index/resource_index\n'}
[9.048675] (pc_stuts) StdoutLine: {'line': b'creating /home/xc2204/ros2_new_study/src/install/pc_stuts/share/ament_index/resource_index/packages\n'}
[9.048819] (pc_stuts) StdoutLine: {'line': b'copying resource/pc_stuts -> /home/xc2204/ros2_new_study/src/install/pc_stuts/share/ament_index/resource_index/packages\n'}
[9.049034] (pc_stuts) StdoutLine: {'line': b'copying package.xml -> /home/xc2204/ros2_new_study/src/install/pc_stuts/share/pc_stuts\n'}
[9.049131] (pc_stuts) StdoutLine: {'line': b'running install_egg_info\n'}
[9.050713] (pc_stuts) StdoutLine: {'line': b'Copying ../build/pc_stuts/pc_stuts.egg-info to /home/xc2204/ros2_new_study/src/install/pc_stuts/lib/python3.10/site-packages/pc_stuts-0.0.0-py3.10.egg-info\n'}
[9.051625] (pc_stuts) StdoutLine: {'line': b'running install_scripts\n'}
[9.068369] (pc_stuts) StdoutLine: {'line': b'Installing qt_ui script to /home/xc2204/ros2_new_study/src/install/pc_stuts/lib/pc_stuts\n'}
[9.068714] (pc_stuts) StdoutLine: {'line': b'Installing stuts_pub script to /home/xc2204/ros2_new_study/src/install/pc_stuts/lib/pc_stuts\n'}
[9.068855] (pc_stuts) StdoutLine: {'line': b'Installing stuts_sub script to /home/xc2204/ros2_new_study/src/install/pc_stuts/lib/pc_stuts\n'}
[9.069088] (pc_stuts) StdoutLine: {'line': b"writing list of installed files to '/home/xc2204/ros2_new_study/src/build/pc_stuts/install.log'\n"}
[9.089031] (pc_stuts) CommandEnded: {'returncode': 0}
[9.094653] (pc_stuts) JobEnded: {'identifier': 'pc_stuts', 'rc': 0}
[9.148991] (-) TimerEvent: {}
[9.202855] (test_pkg) StdoutLine: {'line': b'running egg_info\n'}
[9.203209] (test_pkg) StdoutLine: {'line': b'creating ../build/test_pkg/test_pkg.egg-info\n'}
[9.203618] (test_pkg) StdoutLine: {'line': b'writing ../build/test_pkg/test_pkg.egg-info/PKG-INFO\n'}
[9.203824] (test_pkg) StdoutLine: {'line': b'writing dependency_links to ../build/test_pkg/test_pkg.egg-info/dependency_links.txt\n'}
[9.203954] (test_pkg) StdoutLine: {'line': b'writing entry points to ../build/test_pkg/test_pkg.egg-info/entry_points.txt\n'}
[9.204104] (test_pkg) StdoutLine: {'line': b'writing requirements to ../build/test_pkg/test_pkg.egg-info/requires.txt\n'}
[9.204245] (test_pkg) StdoutLine: {'line': b'writing top-level names to ../build/test_pkg/test_pkg.egg-info/top_level.txt\n'}
[9.204355] (test_pkg) StdoutLine: {'line': b"writing manifest file '../build/test_pkg/test_pkg.egg-info/SOURCES.txt'\n"}
[9.205406] (test_pkg) StdoutLine: {'line': b"reading manifest file '../build/test_pkg/test_pkg.egg-info/SOURCES.txt'\n"}
[9.205494] (test_pkg) StdoutLine: {'line': b"adding license file 'LICENSE'\n"}
[9.206000] (test_pkg) StdoutLine: {'line': b"writing manifest file '../build/test_pkg/test_pkg.egg-info/SOURCES.txt'\n"}
[9.206268] (test_pkg) StdoutLine: {'line': b'running build\n'}
[9.206382] (test_pkg) StdoutLine: {'line': b'running build_py\n'}
[9.206419] (test_pkg) StdoutLine: {'line': b'creating /home/xc2204/ros2_new_study/src/build/test_pkg/build\n'}
[9.206557] (test_pkg) StdoutLine: {'line': b'creating /home/xc2204/ros2_new_study/src/build/test_pkg/build/lib\n'}
[9.206796] (test_pkg) StdoutLine: {'line': b'creating /home/xc2204/ros2_new_study/src/build/test_pkg/build/lib/test_pkg\n'}
[9.206965] (test_pkg) StdoutLine: {'line': b'copying test_pkg/subscriber.py -> /home/xc2204/ros2_new_study/src/build/test_pkg/build/lib/test_pkg\n'}
[9.207004] (test_pkg) StdoutLine: {'line': b'copying test_pkg/publisher.py -> /home/xc2204/ros2_new_study/src/build/test_pkg/build/lib/test_pkg\n'}
[9.207120] (test_pkg) StdoutLine: {'line': b'copying test_pkg/download.py -> /home/xc2204/ros2_new_study/src/build/test_pkg/build/lib/test_pkg\n'}
[9.207240] (test_pkg) StdoutLine: {'line': b'copying test_pkg/hello.py -> /home/xc2204/ros2_new_study/src/build/test_pkg/build/lib/test_pkg\n'}
[9.207280] (test_pkg) StdoutLine: {'line': b'copying test_pkg/__init__.py -> /home/xc2204/ros2_new_study/src/build/test_pkg/build/lib/test_pkg\n'}
[9.207405] (test_pkg) StdoutLine: {'line': b'running install\n'}
[9.207649] (test_pkg) StdoutLine: {'line': b'running install_lib\n'}
[9.208201] (test_pkg) StdoutLine: {'line': b'creating /home/xc2204/ros2_new_study/src/install/test_pkg/lib/python3.10/site-packages/test_pkg\n'}
[9.208390] (test_pkg) StdoutLine: {'line': b'copying /home/xc2204/ros2_new_study/src/build/test_pkg/build/lib/test_pkg/subscriber.py -> /home/xc2204/ros2_new_study/src/install/test_pkg/lib/python3.10/site-packages/test_pkg\n'}
[9.208683] (test_pkg) StdoutLine: {'line': b'copying /home/xc2204/ros2_new_study/src/build/test_pkg/build/lib/test_pkg/publisher.py -> /home/xc2204/ros2_new_study/src/install/test_pkg/lib/python3.10/site-packages/test_pkg\n'}
[9.208822] (test_pkg) StdoutLine: {'line': b'copying /home/xc2204/ros2_new_study/src/build/test_pkg/build/lib/test_pkg/download.py -> /home/xc2204/ros2_new_study/src/install/test_pkg/lib/python3.10/site-packages/test_pkg\n'}
[9.208938] (test_pkg) StdoutLine: {'line': b'copying /home/xc2204/ros2_new_study/src/build/test_pkg/build/lib/test_pkg/hello.py -> /home/xc2204/ros2_new_study/src/install/test_pkg/lib/python3.10/site-packages/test_pkg\n'}
[9.209067] (test_pkg) StdoutLine: {'line': b'copying /home/xc2204/ros2_new_study/src/build/test_pkg/build/lib/test_pkg/__init__.py -> /home/xc2204/ros2_new_study/src/install/test_pkg/lib/python3.10/site-packages/test_pkg\n'}
[9.209445] (test_pkg) StdoutLine: {'line': b'byte-compiling /home/xc2204/ros2_new_study/src/install/test_pkg/lib/python3.10/site-packages/test_pkg/subscriber.py to subscriber.cpython-310.pyc\n'}
[9.210247] (test_pkg) StdoutLine: {'line': b'byte-compiling /home/xc2204/ros2_new_study/src/install/test_pkg/lib/python3.10/site-packages/test_pkg/publisher.py to publisher.cpython-310.pyc\n'}
[9.210605] (test_pkg) StdoutLine: {'line': b'byte-compiling /home/xc2204/ros2_new_study/src/install/test_pkg/lib/python3.10/site-packages/test_pkg/download.py to download.cpython-310.pyc\n'}
[9.210869] (test_pkg) StdoutLine: {'line': b'byte-compiling /home/xc2204/ros2_new_study/src/install/test_pkg/lib/python3.10/site-packages/test_pkg/hello.py to hello.cpython-310.pyc\n'}
[9.211103] (test_pkg) StdoutLine: {'line': b'byte-compiling /home/xc2204/ros2_new_study/src/install/test_pkg/lib/python3.10/site-packages/test_pkg/__init__.py to __init__.cpython-310.pyc\n'}
[9.211217] (test_pkg) StdoutLine: {'line': b'running install_data\n'}
[9.211355] (test_pkg) StdoutLine: {'line': b'creating /home/xc2204/ros2_new_study/src/install/test_pkg/share/ament_index\n'}
[9.211529] (test_pkg) StdoutLine: {'line': b'creating /home/xc2204/ros2_new_study/src/install/test_pkg/share/ament_index/resource_index\n'}
[9.211665] (test_pkg) StdoutLine: {'line': b'creating /home/xc2204/ros2_new_study/src/install/test_pkg/share/ament_index/resource_index/packages\n'}
[9.211807] (test_pkg) StdoutLine: {'line': b'copying resource/test_pkg -> /home/xc2204/ros2_new_study/src/install/test_pkg/share/ament_index/resource_index/packages\n'}
[9.211922] (test_pkg) StdoutLine: {'line': b'copying package.xml -> /home/xc2204/ros2_new_study/src/install/test_pkg/share/test_pkg\n'}
[9.212056] (test_pkg) StdoutLine: {'line': b'running install_egg_info\n'}
[9.213674] (test_pkg) StdoutLine: {'line': b'Copying ../build/test_pkg/test_pkg.egg-info to /home/xc2204/ros2_new_study/src/install/test_pkg/lib/python3.10/site-packages/test_pkg-0.0.0-py3.10.egg-info\n'}
[9.214617] (test_pkg) StdoutLine: {'line': b'running install_scripts\n'}
[9.230540] (test_pkg) StdoutLine: {'line': b'Installing download_node script to /home/xc2204/ros2_new_study/src/install/test_pkg/lib/test_pkg\n'}
[9.231055] (test_pkg) StdoutLine: {'line': b'Installing name_node script to /home/xc2204/ros2_new_study/src/install/test_pkg/lib/test_pkg\n'}
[9.231123] (test_pkg) StdoutLine: {'line': b'Installing publisher_node script to /home/xc2204/ros2_new_study/src/install/test_pkg/lib/test_pkg\n'}
[9.231319] (test_pkg) StdoutLine: {'line': b'Installing subscriber_node script to /home/xc2204/ros2_new_study/src/install/test_pkg/lib/test_pkg\n'}
[9.231692] (test_pkg) StdoutLine: {'line': b"writing list of installed files to '/home/xc2204/ros2_new_study/src/build/test_pkg/install.log'\n"}
[9.250275] (-) TimerEvent: {}
[9.251590] (test_pkg) CommandEnded: {'returncode': 0}
[9.257353] (test_pkg) JobEnded: {'identifier': 'test_pkg', 'rc': 0}
[9.258989] (-) EventReactorShutdown: {}
