[0.000000] (-) TimerEvent: {}
[0.001044] (TF_study) JobQueued: {'identifier': 'TF_study', 'dependencies': OrderedDict()}
[0.001122] (face_detect) JobQueued: {'identifier': 'face_detect', 'dependencies': OrderedDict()}
[0.001138] (msg_interfaces) JobQueued: {'identifier': 'msg_interfaces', 'dependencies': OrderedDict()}
[0.001149] (pc_stuts) JobQueued: {'identifier': 'pc_stuts', 'dependencies': OrderedDict([('msg_interfaces', '/home/xc2204/ros2_new_study/install/msg_interfaces')])}
[0.001162] (test_pkg) JobQueued: {'identifier': 'test_pkg', 'dependencies': OrderedDict([('msg_interfaces', '/home/xc2204/ros2_new_study/install/msg_interfaces')])}
[0.001174] (msg_interfaces) JobStarted: {'identifier': 'msg_interfaces'}
[0.011416] (TF_study) JobStarted: {'identifier': 'TF_study'}
[0.019743] (face_detect) JobStarted: {'identifier': 'face_detect'}
[0.025366] (msg_interfaces) JobProgress: {'identifier': 'msg_interfaces', 'progress': 'cmake'}
[0.026911] (msg_interfaces) JobProgress: {'identifier': 'msg_interfaces', 'progress': 'build'}
[0.028026] (msg_interfaces) Command: {'cmd': ['/usr/bin/cmake', '--build', '/home/xc2204/ros2_new_study/build/msg_interfaces', '--', '-j20', '-l20'], 'cwd': '/home/xc2204/ros2_new_study/build/msg_interfaces', 'env': OrderedDict([('PYTHON_BASIC_REPL', '1'), ('LESSOPEN', '| /usr/bin/lesspipe %s'), ('USER', 'xc2204'), ('GIT_ASKPASS', '/home/xc2204/.vscode-server/bin/f6cfa2ea2403534de03f069bdf160d06451ed282/extensions/git/dist/askpass.sh'), ('SHLVL', '1'), ('RCUTILS_CONSOLE_OUTPUT_FORMAT', '[{function_name}:{line_number}]: {message}'), ('LD_LIBRARY_PATH', '/home/xc2204/ros2_new_study/src/install/msg_interfaces/lib:/home/xc2204/ros2_new_study/install/msg_interfaces/lib:/usr/lib/x86_64-linux-gnu/gazebo-11/plugins:/opt/ros/humble/opt/rviz_ogre_vendor/lib:/opt/ros/humble/lib/x86_64-linux-gnu:/opt/ros/humble/lib'), ('MOTD_SHOWN', 'update-motd'), ('HOME', '/home/xc2204'), ('OLDPWD', '/home/xc2204/ros2_new_study/src'), ('TERM_PROGRAM_VERSION', '1.121.0'), ('VSCODE_IPC_HOOK_CLI', '/run/user/1000/vscode-ipc-818c1935-63c3-4c9f-95b7-9cbedf9bdddd.sock'), ('ROS_PYTHON_VERSION', '3'), ('VSCODE_GIT_ASKPASS_MAIN', '/home/xc2204/.vscode-server/bin/f6cfa2ea2403534de03f069bdf160d06451ed282/extensions/git/dist/askpass-main.js'), ('VSCODE_GIT_ASKPASS_NODE', '/home/xc2204/.vscode-server/bin/f6cfa2ea2403534de03f069bdf160d06451ed282/node'), ('PYDEVD_DISABLE_FILE_VALIDATION', '1'), ('BUNDLED_DEBUGPY_PATH', '/home/xc2204/.vscode-server/extensions/ms-python.debugpy-2026.6.0-linux-x64/bundled/libs/debugpy'), ('VSCODE_PYTHON_AUTOACTIVATE_GUARD', '1'), ('DBUS_SESSION_BUS_ADDRESS', 'unix:path=/run/user/1000/bus'), ('COLORTERM', 'truecolor'), ('WSL_DISTRO_NAME', 'Ubuntu-22.04'), ('WAYLAND_DISPLAY', 'wayland-0'), ('COLCON_PREFIX_PATH', '/home/xc2204/ros2_new_study/install:/home/xc2204/ros2_new_study/src/install'), ('ROS_DISTRO', 'humble'), ('LOGNAME', 'xc2204'), ('NAME', 'DESKTOP-LOL67EV'), ('WSL_INTEROP', '/run/WSL/86394_interop'), ('PULSE_SERVER', 'unix:/mnt/wslg/PulseServer'), ('_', '/usr/bin/colcon'), ('ROS_VERSION', '2'), ('TERM', 'xterm-256color'), ('ROS_LOCALHOST_ONLY', '0'), ('PATH', '/home/xc2204/.local/bin:/home/xc2204/.vscode-server/data/User/globalStorage/github.copilot-chat/debugCommand:/home/xc2204/.vscode-server/data/User/globalStorage/github.copilot-chat/copilotCli:/home/xc2204/.vscode-server/bin/f6cfa2ea2403534de03f069bdf160d06451ed282/bin/remote-cli:/home/xc2204/.local/bin:/home/xc2204/.local/bin:/opt/ros/humble/bin:/usr/local/sbin:/usr/local/bin:/usr/sbin:/usr/bin:/sbin:/bin:/usr/games:/usr/local/games:/usr/lib/wsl/lib:/mnt/c/app/vmware station/bin/:/mnt/c/app/python3.13.2/Scripts/:/mnt/c/app/python3.13.2/:/mnt/c/WINDOWS/system32:/mnt/c/WINDOWS:/mnt/c/WINDOWS/System32/Wbem:/mnt/c/WINDOWS/System32/WindowsPowerShell/v1.0/:/mnt/c/WINDOWS/System32/OpenSSH/:/mnt/c/Users/Administrator/AppData/Local/Microsoft/WindowsApps:/mnt/c/Recovery/OEM/Backup/:/mnt/c/Program Files/dotnet/:/mnt/c/Program Files (x86)/NVIDIA Corporation/PhysX/Common:/mnt/c/Windows Kits/10/Windows Performance Toolkit/:/mnt/c/WINDOWS/system32:/mnt/c/WINDOWS:/mnt/c/WINDOWS/System32/Wbem:/mnt/c/WINDOWS/System32/WindowsPowerShell/v1.0/:/mnt/c/WINDOWS/System32/OpenSSH/:/mnt/c/app/MySQL/MySQL/MySQL Server 8.0/bin:/mnt/c/Program Files/nvm:/mnt/c/nvm4w/nodejs:/mnt/c/ProgramData/chocolatey/bin:/mnt/c/Program Files/nvm/v16.18.0:/mnt/c/app/web_study/Java11.0.30/bin:/mnt/c/Program Files (x86)/Microsoft SQL Server/160/Tools/Binn/:/mnt/c/Program Files/Microsoft SQL Server/160/Tools/Binn/:/mnt/c/Program Files/Microsoft SQL Server/Client SDK/ODBC/170/Tools/Binn/:/mnt/c/Program Files/Microsoft SQL Server/160/DTS/Binn/:/mnt/c/Program Files (x86)/Windows Kits/8.1/Windows Performance Toolkit/:/mnt/c/Program Files/NVIDIA Corporation/NVIDIA App/NvDLISR:/mnt/c/app/git/git/Git/cmd:/mnt/c/app/git/git/Git/mingw64/bin:/mnt/c/app/git/git/Git/usr/bin:/mnt/d/app/Matlab/matlab/runtime/win64:/mnt/d/app/Matlab/matlab/bin:/mnt/c/Program Files/Docker/Docker/resources/bin:/mnt/c/Program Files (x86)/Go/bin:/mnt/c/app/MySQL/MySQL/MySQL Shell 8.0/bin/:/mnt/c/Users/xc/AppData/Local/Microsoft/WindowsApps:/mnt/c/app/vscode/Microsoft VS Code/bin:/mnt/c/app/idea/IntelliJ IDEA Community Edition 2025.1.1.1/bin:/mnt/c/Program Files/nvm:/mnt/c/nvm4w/nodejs:/mnt/b/app/anaconda:/mnt/b/app/anaconda/Scripts:/mnt/b/app/anaconda/Library/bin:/mnt/b/opencv/opencv/build/x64/vc16/bin:/mnt/c/Users/xc/.dotnet/tools:/mnt/c/Users/xc/AppData/Local/Programs/Ollama:/mnt/c/Users/xc/.local/bin/:/mnt/c/Users/xc/go/bin:/snap/bin:/home/xc2204/.vscode-server/extensions/ms-python.debugpy-2026.6.0-linux-x64/bundled/scripts/noConfigScripts'), ('XDG_RUNTIME_DIR', '/run/user/1000/'), ('DISPLAY', ':0'), ('VSCODE_DEBUGPY_ADAPTER_ENDPOINTS', '/home/xc2204/.vscode-server/extensions/ms-python.debugpy-2026.6.0-linux-x64/.noConfigDebugAdapterEndpoints/endpoint-fe672440baee17d7.txt'), ('LANG', 'C.UTF-8'), ('PYTHONSTARTUP', '/home/xc2204/.vscode-server/data/User/workspaceStorage/edf733d14958791d67cbdcdbb8519592/ms-python.python/pythonrc.py'), ('LS_COLORS', 'rs=0:di=01;34:ln=01;36:mh=00:pi=40;33:so=01;35:do=01;35:bd=40;33;01:cd=40;33;01:or=40;31;01:mi=00:su=37;41:sg=30;43:ca=30;41:tw=30;42:ow=34;42:st=37;44:ex=01;32:*.tar=01;31:*.tgz=01;31:*.arc=01;31:*.arj=01;31:*.taz=01;31:*.lha=01;31:*.lz4=01;31:*.lzh=01;31:*.lzma=01;31:*.tlz=01;31:*.txz=01;31:*.tzo=01;31:*.t7z=01;31:*.zip=01;31:*.z=01;31:*.dz=01;31:*.gz=01;31:*.lrz=01;31:*.lz=01;31:*.lzo=01;31:*.xz=01;31:*.zst=01;31:*.tzst=01;31:*.bz2=01;31:*.bz=01;31:*.tbz=01;31:*.tbz2=01;31:*.tz=01;31:*.deb=01;31:*.rpm=01;31:*.jar=01;31:*.war=01;31:*.ear=01;31:*.sar=01;31:*.rar=01;31:*.alz=01;31:*.ace=01;31:*.zoo=01;31:*.cpio=01;31:*.7z=01;31:*.rz=01;31:*.cab=01;31:*.wim=01;31:*.swm=01;31:*.dwm=01;31:*.esd=01;31:*.jpg=01;35:*.jpeg=01;35:*.mjpg=01;35:*.mjpeg=01;35:*.gif=01;35:*.bmp=01;35:*.pbm=01;35:*.pgm=01;35:*.ppm=01;35:*.tga=01;35:*.xbm=01;35:*.xpm=01;35:*.tif=01;35:*.tiff=01;35:*.png=01;35:*.svg=01;35:*.svgz=01;35:*.mng=01;35:*.pcx=01;35:*.mov=01;35:*.mpg=01;35:*.mpeg=01;35:*.m2v=01;35:*.mkv=01;35:*.webm=01;35:*.webp=01;35:*.ogm=01;35:*.mp4=01;35:*.m4v=01;35:*.mp4v=01;35:*.vob=01;35:*.qt=01;35:*.nuv=01;35:*.wmv=01;35:*.asf=01;35:*.rm=01;35:*.rmvb=01;35:*.flc=01;35:*.avi=01;35:*.fli=01;35:*.flv=01;35:*.gl=01;35:*.dl=01;35:*.xcf=01;35:*.xwd=01;35:*.yuv=01;35:*.cgm=01;35:*.emf=01;35:*.ogv=01;35:*.ogx=01;35:*.aac=00;36:*.au=00;36:*.flac=00;36:*.m4a=00;36:*.mid=00;36:*.midi=00;36:*.mka=00;36:*.mp3=00;36:*.mpc=00;36:*.ogg=00;36:*.ra=00;36:*.wav=00;36:*.oga=00;36:*.opus=00;36:*.spx=00;36:*.xspf=00;36:'), ('VSCODE_GIT_IPC_HANDLE', '/run/user/1000/vscode-git-0900024275.sock'), ('TERM_PROGRAM', 'vscode'), ('AMENT_PREFIX_PATH', '/home/xc2204/ros2_new_study/install/TF_study:/home/xc2204/ros2_new_study/src/install/test_pkg:/home/xc2204/ros2_new_study/src/install/pc_stuts:/home/xc2204/ros2_new_study/src/install/msg_interfaces:/home/xc2204/ros2_new_study/src/install/face_detect:/home/xc2204/ros2_new_study/src/install/TF_study:/home/xc2204/ros2_new_study/install/test_pkg:/home/xc2204/ros2_new_study/install/pc_stuts:/home/xc2204/ros2_new_study/install/msg_interfaces:/home/xc2204/ros2_new_study/install/face_detect:/opt/ros/humble'), ('SHELL', '/bin/bash'), ('LESSCLOSE', '/usr/bin/lesspipe %s %s'), ('VSCODE_GIT_ASKPASS_EXTRA_ARGS', ''), ('PWD', '/home/xc2204/ros2_new_study/build/msg_interfaces'), ('XDG_DATA_DIRS', '/usr/local/share:/usr/share:/var/lib/snapd/desktop'), ('PYTHONPATH', '/home/xc2204/ros2_new_study/install/TF_study/lib/python3.10/site-packages:/home/xc2204/ros2_new_study/src/install/test_pkg/lib/python3.10/site-packages:/home/xc2204/ros2_new_study/src/install/pc_stuts/lib/python3.10/site-packages:/home/xc2204/ros2_new_study/src/install/msg_interfaces/local/lib/python3.10/dist-packages:/home/xc2204/ros2_new_study/src/install/face_detect/lib/python3.10/site-packages:/home/xc2204/ros2_new_study/src/install/TF_study/lib/python3.10/site-packages:/home/xc2204/ros2_new_study/install/test_pkg/lib/python3.10/site-packages:/home/xc2204/ros2_new_study/install/pc_stuts/lib/python3.10/site-packages:/home/xc2204/ros2_new_study/install/msg_interfaces/local/lib/python3.10/dist-packages:/home/xc2204/ros2_new_study/install/face_detect/lib/python3.10/site-packages:/opt/ros/humble/lib/python3.10/site-packages:/opt/ros/humble/local/lib/python3.10/dist-packages'), ('COLCON', '1'), ('WSL2_GUI_APPS_ENABLED', '1'), ('HOSTTYPE', 'x86_64'), ('CMAKE_PREFIX_PATH', '/home/xc2204/ros2_new_study/src/install/msg_interfaces:/home/xc2204/ros2_new_study/install/msg_interfaces:/home/xc2204/ros2_new_study/install/TF_study:/home/xc2204/ros2_new_study/src/install/test_pkg:/home/xc2204/ros2_new_study/src/install/pc_stuts:/home/xc2204/ros2_new_study/src/install/face_detect:/home/xc2204/ros2_new_study/src/install/TF_study:/home/xc2204/ros2_new_study/install/test_pkg:/home/xc2204/ros2_new_study/install/pc_stuts:/home/xc2204/ros2_new_study/install/face_detect:/opt/ros/humble'), ('WSLENV', 'VSCODE_WSL_EXT_LOCATION/up')]), 'shell': False}
[0.099643] (-) TimerEvent: {}
[0.200025] (-) TimerEvent: {}
[0.265893] (msg_interfaces) StdoutLine: {'line': b'[  7%] Built target msg_interfaces__rs\n'}
[0.266716] (msg_interfaces) StdoutLine: {'line': b'[ 12%] Built target msg_interfaces__rosidl_generator_c\n'}
[0.267022] (msg_interfaces) StdoutLine: {'line': b'[ 15%] Built target msg_interfaces__cpp\n'}
[0.267701] (msg_interfaces) StdoutLine: {'line': b'[ 15%] Built target ament_cmake_python_copy_msg_interfaces\n'}
[0.267815] (msg_interfaces) StdoutLine: {'line': b'[ 25%] Built target msg_interfaces__rosidl_typesupport_introspection_c\n'}
[0.267909] (msg_interfaces) StdoutLine: {'line': b'[ 35%] Built target msg_interfaces__rosidl_typesupport_introspection_cpp\n'}
[0.267952] (msg_interfaces) StdoutLine: {'line': b'[ 45%] Built target msg_interfaces__rosidl_typesupport_c\n'}
[0.267988] (msg_interfaces) StdoutLine: {'line': b'[ 55%] Built target msg_interfaces__rosidl_typesupport_fastrtps_cpp\n'}
[0.268020] (msg_interfaces) StdoutLine: {'line': b'[ 65%] Built target msg_interfaces__rosidl_typesupport_cpp\n'}
[0.268052] (msg_interfaces) StdoutLine: {'line': b'[ 75%] Built target msg_interfaces__rosidl_typesupport_fastrtps_c\n'}
[0.268084] (msg_interfaces) StdoutLine: {'line': b'[ 75%] Built target msg_interfaces\n'}
[0.268116] (msg_interfaces) StdoutLine: {'line': b'[ 77%] Built target msg_interfaces__py\n'}
[0.268146] (msg_interfaces) StdoutLine: {'line': b'[ 85%] Built target msg_interfaces__rosidl_generator_py\n'}
[0.268177] (msg_interfaces) StdoutLine: {'line': b'[ 95%] Built target msg_interfaces__rosidl_typesupport_c__pyext\n'}
[0.268207] (msg_interfaces) StdoutLine: {'line': b'[ 95%] Built target msg_interfaces__rosidl_typesupport_fastrtps_c__pyext\n'}
[0.268237] (msg_interfaces) StdoutLine: {'line': b'[100%] Built target msg_interfaces__rosidl_typesupport_introspection_c__pyext\n'}
[0.300657] (-) TimerEvent: {}
[0.358823] (msg_interfaces) StdoutLine: {'line': b'running egg_info\n'}
[0.359557] (msg_interfaces) StdoutLine: {'line': b'writing msg_interfaces.egg-info/PKG-INFO\n'}
[0.359815] (msg_interfaces) StdoutLine: {'line': b'writing dependency_links to msg_interfaces.egg-info/dependency_links.txt\n'}
[0.360124] (msg_interfaces) StdoutLine: {'line': b'writing top-level names to msg_interfaces.egg-info/top_level.txt\n'}
[0.363435] (msg_interfaces) StdoutLine: {'line': b"reading manifest file 'msg_interfaces.egg-info/SOURCES.txt'\n"}
[0.364184] (msg_interfaces) StdoutLine: {'line': b"writing manifest file 'msg_interfaces.egg-info/SOURCES.txt'\n"}
[0.393072] (msg_interfaces) StdoutLine: {'line': b'[100%] Built target ament_cmake_python_build_msg_interfaces_egg\n'}
[0.400843] (-) TimerEvent: {}
[0.485147] (msg_interfaces) CommandEnded: {'returncode': 0}
[0.486999] (msg_interfaces) JobProgress: {'identifier': 'msg_interfaces', 'progress': 'install'}
[0.495301] (msg_interfaces) Command: {'cmd': ['/usr/bin/cmake', '--install', '/home/xc2204/ros2_new_study/build/msg_interfaces'], 'cwd': '/home/xc2204/ros2_new_study/build/msg_interfaces', 'env': OrderedDict([('PYTHON_BASIC_REPL', '1'), ('LESSOPEN', '| /usr/bin/lesspipe %s'), ('USER', 'xc2204'), ('GIT_ASKPASS', '/home/xc2204/.vscode-server/bin/f6cfa2ea2403534de03f069bdf160d06451ed282/extensions/git/dist/askpass.sh'), ('SHLVL', '1'), ('RCUTILS_CONSOLE_OUTPUT_FORMAT', '[{function_name}:{line_number}]: {message}'), ('LD_LIBRARY_PATH', '/home/xc2204/ros2_new_study/src/install/msg_interfaces/lib:/home/xc2204/ros2_new_study/install/msg_interfaces/lib:/usr/lib/x86_64-linux-gnu/gazebo-11/plugins:/opt/ros/humble/opt/rviz_ogre_vendor/lib:/opt/ros/humble/lib/x86_64-linux-gnu:/opt/ros/humble/lib'), ('MOTD_SHOWN', 'update-motd'), ('HOME', '/home/xc2204'), ('OLDPWD', '/home/xc2204/ros2_new_study/src'), ('TERM_PROGRAM_VERSION', '1.121.0'), ('VSCODE_IPC_HOOK_CLI', '/run/user/1000/vscode-ipc-818c1935-63c3-4c9f-95b7-9cbedf9bdddd.sock'), ('ROS_PYTHON_VERSION', '3'), ('VSCODE_GIT_ASKPASS_MAIN', '/home/xc2204/.vscode-server/bin/f6cfa2ea2403534de03f069bdf160d06451ed282/extensions/git/dist/askpass-main.js'), ('VSCODE_GIT_ASKPASS_NODE', '/home/xc2204/.vscode-server/bin/f6cfa2ea2403534de03f069bdf160d06451ed282/node'), ('PYDEVD_DISABLE_FILE_VALIDATION', '1'), ('BUNDLED_DEBUGPY_PATH', '/home/xc2204/.vscode-server/extensions/ms-python.debugpy-2026.6.0-linux-x64/bundled/libs/debugpy'), ('VSCODE_PYTHON_AUTOACTIVATE_GUARD', '1'), ('DBUS_SESSION_BUS_ADDRESS', 'unix:path=/run/user/1000/bus'), ('COLORTERM', 'truecolor'), ('WSL_DISTRO_NAME', 'Ubuntu-22.04'), ('WAYLAND_DISPLAY', 'wayland-0'), ('COLCON_PREFIX_PATH', '/home/xc2204/ros2_new_study/install:/home/xc2204/ros2_new_study/src/install'), ('ROS_DISTRO', 'humble'), ('LOGNAME', 'xc2204'), ('NAME', 'DESKTOP-LOL67EV'), ('WSL_INTEROP', '/run/WSL/86394_interop'), ('PULSE_SERVER', 'unix:/mnt/wslg/PulseServer'), ('_', '/usr/bin/colcon'), ('ROS_VERSION', '2'), ('TERM', 'xterm-256color'), ('ROS_LOCALHOST_ONLY', '0'), ('PATH', '/home/xc2204/.local/bin:/home/xc2204/.vscode-server/data/User/globalStorage/github.copilot-chat/debugCommand:/home/xc2204/.vscode-server/data/User/globalStorage/github.copilot-chat/copilotCli:/home/xc2204/.vscode-server/bin/f6cfa2ea2403534de03f069bdf160d06451ed282/bin/remote-cli:/home/xc2204/.local/bin:/home/xc2204/.local/bin:/opt/ros/humble/bin:/usr/local/sbin:/usr/local/bin:/usr/sbin:/usr/bin:/sbin:/bin:/usr/games:/usr/local/games:/usr/lib/wsl/lib:/mnt/c/app/vmware station/bin/:/mnt/c/app/python3.13.2/Scripts/:/mnt/c/app/python3.13.2/:/mnt/c/WINDOWS/system32:/mnt/c/WINDOWS:/mnt/c/WINDOWS/System32/Wbem:/mnt/c/WINDOWS/System32/WindowsPowerShell/v1.0/:/mnt/c/WINDOWS/System32/OpenSSH/:/mnt/c/Users/Administrator/AppData/Local/Microsoft/WindowsApps:/mnt/c/Recovery/OEM/Backup/:/mnt/c/Program Files/dotnet/:/mnt/c/Program Files (x86)/NVIDIA Corporation/PhysX/Common:/mnt/c/Windows Kits/10/Windows Performance Toolkit/:/mnt/c/WINDOWS/system32:/mnt/c/WINDOWS:/mnt/c/WINDOWS/System32/Wbem:/mnt/c/WINDOWS/System32/WindowsPowerShell/v1.0/:/mnt/c/WINDOWS/System32/OpenSSH/:/mnt/c/app/MySQL/MySQL/MySQL Server 8.0/bin:/mnt/c/Program Files/nvm:/mnt/c/nvm4w/nodejs:/mnt/c/ProgramData/chocolatey/bin:/mnt/c/Program Files/nvm/v16.18.0:/mnt/c/app/web_study/Java11.0.30/bin:/mnt/c/Program Files (x86)/Microsoft SQL Server/160/Tools/Binn/:/mnt/c/Program Files/Microsoft SQL Server/160/Tools/Binn/:/mnt/c/Program Files/Microsoft SQL Server/Client SDK/ODBC/170/Tools/Binn/:/mnt/c/Program Files/Microsoft SQL Server/160/DTS/Binn/:/mnt/c/Program Files (x86)/Windows Kits/8.1/Windows Performance Toolkit/:/mnt/c/Program Files/NVIDIA Corporation/NVIDIA App/NvDLISR:/mnt/c/app/git/git/Git/cmd:/mnt/c/app/git/git/Git/mingw64/bin:/mnt/c/app/git/git/Git/usr/bin:/mnt/d/app/Matlab/matlab/runtime/win64:/mnt/d/app/Matlab/matlab/bin:/mnt/c/Program Files/Docker/Docker/resources/bin:/mnt/c/Program Files (x86)/Go/bin:/mnt/c/app/MySQL/MySQL/MySQL Shell 8.0/bin/:/mnt/c/Users/xc/AppData/Local/Microsoft/WindowsApps:/mnt/c/app/vscode/Microsoft VS Code/bin:/mnt/c/app/idea/IntelliJ IDEA Community Edition 2025.1.1.1/bin:/mnt/c/Program Files/nvm:/mnt/c/nvm4w/nodejs:/mnt/b/app/anaconda:/mnt/b/app/anaconda/Scripts:/mnt/b/app/anaconda/Library/bin:/mnt/b/opencv/opencv/build/x64/vc16/bin:/mnt/c/Users/xc/.dotnet/tools:/mnt/c/Users/xc/AppData/Local/Programs/Ollama:/mnt/c/Users/xc/.local/bin/:/mnt/c/Users/xc/go/bin:/snap/bin:/home/xc2204/.vscode-server/extensions/ms-python.debugpy-2026.6.0-linux-x64/bundled/scripts/noConfigScripts'), ('XDG_RUNTIME_DIR', '/run/user/1000/'), ('DISPLAY', ':0'), ('VSCODE_DEBUGPY_ADAPTER_ENDPOINTS', '/home/xc2204/.vscode-server/extensions/ms-python.debugpy-2026.6.0-linux-x64/.noConfigDebugAdapterEndpoints/endpoint-fe672440baee17d7.txt'), ('LANG', 'C.UTF-8'), ('PYTHONSTARTUP', '/home/xc2204/.vscode-server/data/User/workspaceStorage/edf733d14958791d67cbdcdbb8519592/ms-python.python/pythonrc.py'), ('LS_COLORS', 'rs=0:di=01;34:ln=01;36:mh=00:pi=40;33:so=01;35:do=01;35:bd=40;33;01:cd=40;33;01:or=40;31;01:mi=00:su=37;41:sg=30;43:ca=30;41:tw=30;42:ow=34;42:st=37;44:ex=01;32:*.tar=01;31:*.tgz=01;31:*.arc=01;31:*.arj=01;31:*.taz=01;31:*.lha=01;31:*.lz4=01;31:*.lzh=01;31:*.lzma=01;31:*.tlz=01;31:*.txz=01;31:*.tzo=01;31:*.t7z=01;31:*.zip=01;31:*.z=01;31:*.dz=01;31:*.gz=01;31:*.lrz=01;31:*.lz=01;31:*.lzo=01;31:*.xz=01;31:*.zst=01;31:*.tzst=01;31:*.bz2=01;31:*.bz=01;31:*.tbz=01;31:*.tbz2=01;31:*.tz=01;31:*.deb=01;31:*.rpm=01;31:*.jar=01;31:*.war=01;31:*.ear=01;31:*.sar=01;31:*.rar=01;31:*.alz=01;31:*.ace=01;31:*.zoo=01;31:*.cpio=01;31:*.7z=01;31:*.rz=01;31:*.cab=01;31:*.wim=01;31:*.swm=01;31:*.dwm=01;31:*.esd=01;31:*.jpg=01;35:*.jpeg=01;35:*.mjpg=01;35:*.mjpeg=01;35:*.gif=01;35:*.bmp=01;35:*.pbm=01;35:*.pgm=01;35:*.ppm=01;35:*.tga=01;35:*.xbm=01;35:*.xpm=01;35:*.tif=01;35:*.tiff=01;35:*.png=01;35:*.svg=01;35:*.svgz=01;35:*.mng=01;35:*.pcx=01;35:*.mov=01;35:*.mpg=01;35:*.mpeg=01;35:*.m2v=01;35:*.mkv=01;35:*.webm=01;35:*.webp=01;35:*.ogm=01;35:*.mp4=01;35:*.m4v=01;35:*.mp4v=01;35:*.vob=01;35:*.qt=01;35:*.nuv=01;35:*.wmv=01;35:*.asf=01;35:*.rm=01;35:*.rmvb=01;35:*.flc=01;35:*.avi=01;35:*.fli=01;35:*.flv=01;35:*.gl=01;35:*.dl=01;35:*.xcf=01;35:*.xwd=01;35:*.yuv=01;35:*.cgm=01;35:*.emf=01;35:*.ogv=01;35:*.ogx=01;35:*.aac=00;36:*.au=00;36:*.flac=00;36:*.m4a=00;36:*.mid=00;36:*.midi=00;36:*.mka=00;36:*.mp3=00;36:*.mpc=00;36:*.ogg=00;36:*.ra=00;36:*.wav=00;36:*.oga=00;36:*.opus=00;36:*.spx=00;36:*.xspf=00;36:'), ('VSCODE_GIT_IPC_HANDLE', '/run/user/1000/vscode-git-0900024275.sock'), ('TERM_PROGRAM', 'vscode'), ('AMENT_PREFIX_PATH', '/home/xc2204/ros2_new_study/install/TF_study:/home/xc2204/ros2_new_study/src/install/test_pkg:/home/xc2204/ros2_new_study/src/install/pc_stuts:/home/xc2204/ros2_new_study/src/install/msg_interfaces:/home/xc2204/ros2_new_study/src/install/face_detect:/home/xc2204/ros2_new_study/src/install/TF_study:/home/xc2204/ros2_new_study/install/test_pkg:/home/xc2204/ros2_new_study/install/pc_stuts:/home/xc2204/ros2_new_study/install/msg_interfaces:/home/xc2204/ros2_new_study/install/face_detect:/opt/ros/humble'), ('SHELL', '/bin/bash'), ('LESSCLOSE', '/usr/bin/lesspipe %s %s'), ('VSCODE_GIT_ASKPASS_EXTRA_ARGS', ''), ('PWD', '/home/xc2204/ros2_new_study/build/msg_interfaces'), ('XDG_DATA_DIRS', '/usr/local/share:/usr/share:/var/lib/snapd/desktop'), ('PYTHONPATH', '/home/xc2204/ros2_new_study/install/TF_study/lib/python3.10/site-packages:/home/xc2204/ros2_new_study/src/install/test_pkg/lib/python3.10/site-packages:/home/xc2204/ros2_new_study/src/install/pc_stuts/lib/python3.10/site-packages:/home/xc2204/ros2_new_study/src/install/msg_interfaces/local/lib/python3.10/dist-packages:/home/xc2204/ros2_new_study/src/install/face_detect/lib/python3.10/site-packages:/home/xc2204/ros2_new_study/src/install/TF_study/lib/python3.10/site-packages:/home/xc2204/ros2_new_study/install/test_pkg/lib/python3.10/site-packages:/home/xc2204/ros2_new_study/install/pc_stuts/lib/python3.10/site-packages:/home/xc2204/ros2_new_study/install/msg_interfaces/local/lib/python3.10/dist-packages:/home/xc2204/ros2_new_study/install/face_detect/lib/python3.10/site-packages:/opt/ros/humble/lib/python3.10/site-packages:/opt/ros/humble/local/lib/python3.10/dist-packages'), ('COLCON', '1'), ('WSL2_GUI_APPS_ENABLED', '1'), ('HOSTTYPE', 'x86_64'), ('CMAKE_PREFIX_PATH', '/home/xc2204/ros2_new_study/src/install/msg_interfaces:/home/xc2204/ros2_new_study/install/msg_interfaces:/home/xc2204/ros2_new_study/install/TF_study:/home/xc2204/ros2_new_study/src/install/test_pkg:/home/xc2204/ros2_new_study/src/install/pc_stuts:/home/xc2204/ros2_new_study/src/install/face_detect:/home/xc2204/ros2_new_study/src/install/TF_study:/home/xc2204/ros2_new_study/install/test_pkg:/home/xc2204/ros2_new_study/install/pc_stuts:/home/xc2204/ros2_new_study/install/face_detect:/opt/ros/humble'), ('WSLENV', 'VSCODE_WSL_EXT_LOCATION/up')]), 'shell': False}
[0.501385] (-) TimerEvent: {}
[0.501877] (msg_interfaces) StdoutLine: {'line': b'-- Install configuration: ""\n'}
[0.502665] (msg_interfaces) StdoutLine: {'line': b'-- Up-to-date: /home/xc2204/ros2_new_study/install/msg_interfaces/share/ament_index/resource_index/rosidl_interfaces/msg_interfaces\n'}
[0.502971] (msg_interfaces) StdoutLine: {'line': b'-- Up-to-date: /home/xc2204/ros2_new_study/install/msg_interfaces/include/msg_interfaces/msg_interfaces\n'}
[0.503201] (msg_interfaces) StdoutLine: {'line': b'-- Up-to-date: /home/xc2204/ros2_new_study/install/msg_interfaces/include/msg_interfaces/msg_interfaces/msg\n'}
[0.503645] (msg_interfaces) StdoutLine: {'line': b'-- Up-to-date: /home/xc2204/ros2_new_study/install/msg_interfaces/include/msg_interfaces/msg_interfaces/msg/rosidl_generator_c__visibility_control.h\n'}
[0.503754] (msg_interfaces) StdoutLine: {'line': b'-- Up-to-date: /home/xc2204/ros2_new_study/install/msg_interfaces/include/msg_interfaces/msg_interfaces/msg/detail\n'}
[0.504268] (msg_interfaces) StdoutLine: {'line': b'-- Up-to-date: /home/xc2204/ros2_new_study/install/msg_interfaces/include/msg_interfaces/msg_interfaces/msg/detail/system_status__functions.h\n'}
[0.504532] (msg_interfaces) StdoutLine: {'line': b'-- Up-to-date: /home/xc2204/ros2_new_study/install/msg_interfaces/include/msg_interfaces/msg_interfaces/msg/detail/system_status__struct.h\n'}
[0.504620] (msg_interfaces) StdoutLine: {'line': b'-- Up-to-date: /home/xc2204/ros2_new_study/install/msg_interfaces/include/msg_interfaces/msg_interfaces/msg/detail/system_status__type_support.h\n'}
[0.504780] (msg_interfaces) StdoutLine: {'line': b'-- Up-to-date: /home/xc2204/ros2_new_study/install/msg_interfaces/include/msg_interfaces/msg_interfaces/msg/detail/system_status__functions.c\n'}
[0.504886] (msg_interfaces) StdoutLine: {'line': b'-- Up-to-date: /home/xc2204/ros2_new_study/install/msg_interfaces/include/msg_interfaces/msg_interfaces/msg/system_status.h\n'}
[0.504946] (msg_interfaces) StdoutLine: {'line': b'-- Up-to-date: /home/xc2204/ros2_new_study/install/msg_interfaces/include/msg_interfaces/msg_interfaces/srv\n'}
[0.505208] (msg_interfaces) StdoutLine: {'line': b'-- Up-to-date: /home/xc2204/ros2_new_study/install/msg_interfaces/include/msg_interfaces/msg_interfaces/srv/face_detector.h\n'}
[0.505464] (msg_interfaces) StdoutLine: {'line': b'-- Up-to-date: /home/xc2204/ros2_new_study/install/msg_interfaces/include/msg_interfaces/msg_interfaces/srv/detail\n'}
[0.505552] (msg_interfaces) StdoutLine: {'line': b'-- Up-to-date: /home/xc2204/ros2_new_study/install/msg_interfaces/include/msg_interfaces/msg_interfaces/srv/detail/face_detector__functions.h\n'}
[0.505597] (msg_interfaces) StdoutLine: {'line': b'-- Up-to-date: /home/xc2204/ros2_new_study/install/msg_interfaces/include/msg_interfaces/msg_interfaces/srv/detail/face_detector__struct.h\n'}
[0.505640] (msg_interfaces) StdoutLine: {'line': b'-- Up-to-date: /home/xc2204/ros2_new_study/install/msg_interfaces/include/msg_interfaces/msg_interfaces/srv/detail/face_detector__functions.c\n'}
[0.505671] (msg_interfaces) StdoutLine: {'line': b'-- Up-to-date: /home/xc2204/ros2_new_study/install/msg_interfaces/include/msg_interfaces/msg_interfaces/srv/detail/face_detector__type_support.h\n'}
[0.505701] (msg_interfaces) StdoutLine: {'line': b'-- Up-to-date: /home/xc2204/ros2_new_study/install/msg_interfaces/share/msg_interfaces/environment/library_path.sh\n'}
[0.505738] (msg_interfaces) StdoutLine: {'line': b'-- Up-to-date: /home/xc2204/ros2_new_study/install/msg_interfaces/share/msg_interfaces/environment/library_path.dsv\n'}
[0.506158] (msg_interfaces) StdoutLine: {'line': b'-- Up-to-date: /home/xc2204/ros2_new_study/install/msg_interfaces/lib/libmsg_interfaces__rosidl_generator_c.so\n'}
[0.506346] (msg_interfaces) StdoutLine: {'line': b'-- Up-to-date: /home/xc2204/ros2_new_study/install/msg_interfaces/include/msg_interfaces/msg_interfaces\n'}
[0.506641] (msg_interfaces) StdoutLine: {'line': b'-- Up-to-date: /home/xc2204/ros2_new_study/install/msg_interfaces/include/msg_interfaces/msg_interfaces/msg\n'}
[0.507148] (msg_interfaces) StdoutLine: {'line': b'-- Up-to-date: /home/xc2204/ros2_new_study/install/msg_interfaces/include/msg_interfaces/msg_interfaces/msg/rosidl_typesupport_fastrtps_c__visibility_control.h\n'}
[0.507302] (msg_interfaces) StdoutLine: {'line': b'-- Up-to-date: /home/xc2204/ros2_new_study/install/msg_interfaces/include/msg_interfaces/msg_interfaces/msg/detail\n'}
[0.507460] (msg_interfaces) StdoutLine: {'line': b'-- Up-to-date: /home/xc2204/ros2_new_study/install/msg_interfaces/include/msg_interfaces/msg_interfaces/msg/detail/system_status__rosidl_typesupport_fastrtps_c.h\n'}
[0.507541] (msg_interfaces) StdoutLine: {'line': b'-- Up-to-date: /home/xc2204/ros2_new_study/install/msg_interfaces/include/msg_interfaces/msg_interfaces/srv\n'}
[0.507792] (msg_interfaces) StdoutLine: {'line': b'-- Up-to-date: /home/xc2204/ros2_new_study/install/msg_interfaces/include/msg_interfaces/msg_interfaces/srv/detail\n'}
[0.508024] (msg_interfaces) StdoutLine: {'line': b'-- Up-to-date: /home/xc2204/ros2_new_study/install/msg_interfaces/include/msg_interfaces/msg_interfaces/srv/detail/face_detector__rosidl_typesupport_fastrtps_c.h\n'}
[0.508517] (msg_interfaces) StdoutLine: {'line': b'-- Up-to-date: /home/xc2204/ros2_new_study/install/msg_interfaces/lib/libmsg_interfaces__rosidl_typesupport_fastrtps_c.so\n'}
[0.508676] (msg_interfaces) StdoutLine: {'line': b'-- Up-to-date: /home/xc2204/ros2_new_study/install/msg_interfaces/include/msg_interfaces/msg_interfaces\n'}
[0.508968] (msg_interfaces) StdoutLine: {'line': b'-- Up-to-date: /home/xc2204/ros2_new_study/install/msg_interfaces/include/msg_interfaces/msg_interfaces/msg\n'}
[0.509305] (msg_interfaces) StdoutLine: {'line': b'-- Up-to-date: /home/xc2204/ros2_new_study/install/msg_interfaces/include/msg_interfaces/msg_interfaces/msg/rosidl_typesupport_introspection_c__visibility_control.h\n'}
[0.509461] (msg_interfaces) StdoutLine: {'line': b'-- Up-to-date: /home/xc2204/ros2_new_study/install/msg_interfaces/include/msg_interfaces/msg_interfaces/msg/detail\n'}
[0.509580] (msg_interfaces) StdoutLine: {'line': b'-- Up-to-date: /home/xc2204/ros2_new_study/install/msg_interfaces/include/msg_interfaces/msg_interfaces/msg/detail/system_status__type_support.c\n'}
[0.509667] (msg_interfaces) StdoutLine: {'line': b'-- Up-to-date: /home/xc2204/ros2_new_study/install/msg_interfaces/include/msg_interfaces/msg_interfaces/msg/detail/system_status__rosidl_typesupport_introspection_c.h\n'}
[0.509749] (msg_interfaces) StdoutLine: {'line': b'-- Up-to-date: /home/xc2204/ros2_new_study/install/msg_interfaces/include/msg_interfaces/msg_interfaces/srv\n'}
[0.509953] (msg_interfaces) StdoutLine: {'line': b'-- Up-to-date: /home/xc2204/ros2_new_study/install/msg_interfaces/include/msg_interfaces/msg_interfaces/srv/detail\n'}
[0.510175] (msg_interfaces) StdoutLine: {'line': b'-- Up-to-date: /home/xc2204/ros2_new_study/install/msg_interfaces/include/msg_interfaces/msg_interfaces/srv/detail/face_detector__rosidl_typesupport_introspection_c.h\n'}
[0.510386] (msg_interfaces) StdoutLine: {'line': b'-- Up-to-date: /home/xc2204/ros2_new_study/install/msg_interfaces/include/msg_interfaces/msg_interfaces/srv/detail/face_detector__type_support.c\n'}
[0.511240] (msg_interfaces) StdoutLine: {'line': b'-- Up-to-date: /home/xc2204/ros2_new_study/install/msg_interfaces/lib/libmsg_interfaces__rosidl_typesupport_introspection_c.so\n'}
[0.511812] (msg_interfaces) StdoutLine: {'line': b'-- Up-to-date: /home/xc2204/ros2_new_study/install/msg_interfaces/lib/libmsg_interfaces__rosidl_typesupport_c.so\n'}
[0.512028] (msg_interfaces) StdoutLine: {'line': b'-- Up-to-date: /home/xc2204/ros2_new_study/install/msg_interfaces/include/msg_interfaces/msg_interfaces\n'}
[0.512152] (msg_interfaces) StdoutLine: {'line': b'-- Up-to-date: /home/xc2204/ros2_new_study/install/msg_interfaces/include/msg_interfaces/msg_interfaces/msg\n'}
[0.512462] (msg_interfaces) StdoutLine: {'line': b'-- Up-to-date: /home/xc2204/ros2_new_study/install/msg_interfaces/include/msg_interfaces/msg_interfaces/msg/detail\n'}
[0.512969] (msg_interfaces) StdoutLine: {'line': b'-- Up-to-date: /home/xc2204/ros2_new_study/install/msg_interfaces/include/msg_interfaces/msg_interfaces/msg/detail/system_status__traits.hpp\n'}
[0.513051] (msg_interfaces) StdoutLine: {'line': b'-- Up-to-date: /home/xc2204/ros2_new_study/install/msg_interfaces/include/msg_interfaces/msg_interfaces/msg/detail/system_status__struct.hpp\n'}
[0.513085] (msg_interfaces) StdoutLine: {'line': b'-- Up-to-date: /home/xc2204/ros2_new_study/install/msg_interfaces/include/msg_interfaces/msg_interfaces/msg/detail/system_status__type_support.hpp\n'}
[0.513329] (msg_interfaces) StdoutLine: {'line': b'-- Up-to-date: /home/xc2204/ros2_new_study/install/msg_interfaces/include/msg_interfaces/msg_interfaces/msg/detail/system_status__builder.hpp\n'}
[0.513424] (msg_interfaces) StdoutLine: {'line': b'-- Up-to-date: /home/xc2204/ros2_new_study/install/msg_interfaces/include/msg_interfaces/msg_interfaces/msg/rosidl_generator_cpp__visibility_control.hpp\n'}
[0.513671] (msg_interfaces) StdoutLine: {'line': b'-- Up-to-date: /home/xc2204/ros2_new_study/install/msg_interfaces/include/msg_interfaces/msg_interfaces/msg/system_status.hpp\n'}
[0.514096] (msg_interfaces) StdoutLine: {'line': b'-- Up-to-date: /home/xc2204/ros2_new_study/install/msg_interfaces/include/msg_interfaces/msg_interfaces/srv\n'}
[0.514173] (msg_interfaces) StdoutLine: {'line': b'-- Up-to-date: /home/xc2204/ros2_new_study/install/msg_interfaces/include/msg_interfaces/msg_interfaces/srv/detail\n'}
[0.514211] (msg_interfaces) StdoutLine: {'line': b'-- Up-to-date: /home/xc2204/ros2_new_study/install/msg_interfaces/include/msg_interfaces/msg_interfaces/srv/detail/face_detector__traits.hpp\n'}
[0.514244] (msg_interfaces) StdoutLine: {'line': b'-- Up-to-date: /home/xc2204/ros2_new_study/install/msg_interfaces/include/msg_interfaces/msg_interfaces/srv/detail/face_detector__builder.hpp\n'}
[0.514429] (msg_interfaces) StdoutLine: {'line': b'-- Up-to-date: /home/xc2204/ros2_new_study/install/msg_interfaces/include/msg_interfaces/msg_interfaces/srv/detail/face_detector__type_support.hpp\n'}
[0.514483] (msg_interfaces) StdoutLine: {'line': b'-- Up-to-date: /home/xc2204/ros2_new_study/install/msg_interfaces/include/msg_interfaces/msg_interfaces/srv/detail/face_detector__struct.hpp\n'}
[0.514564] (msg_interfaces) StdoutLine: {'line': b'-- Up-to-date: /home/xc2204/ros2_new_study/install/msg_interfaces/include/msg_interfaces/msg_interfaces/srv/face_detector.hpp\n'}
[0.514627] (msg_interfaces) StdoutLine: {'line': b'-- Up-to-date: /home/xc2204/ros2_new_study/install/msg_interfaces/include/msg_interfaces/msg_interfaces\n'}
[0.514769] (msg_interfaces) StdoutLine: {'line': b'-- Up-to-date: /home/xc2204/ros2_new_study/install/msg_interfaces/include/msg_interfaces/msg_interfaces/msg\n'}
[0.514807] (msg_interfaces) StdoutLine: {'line': b'-- Up-to-date: /home/xc2204/ros2_new_study/install/msg_interfaces/include/msg_interfaces/msg_interfaces/msg/rosidl_typesupport_fastrtps_cpp__visibility_control.h\n'}
[0.514847] (msg_interfaces) StdoutLine: {'line': b'-- Up-to-date: /home/xc2204/ros2_new_study/install/msg_interfaces/include/msg_interfaces/msg_interfaces/msg/detail\n'}
[0.515380] (msg_interfaces) StdoutLine: {'line': b'-- Up-to-date: /home/xc2204/ros2_new_study/install/msg_interfaces/include/msg_interfaces/msg_interfaces/msg/detail/system_status__rosidl_typesupport_fastrtps_cpp.hpp\n'}
[0.515525] (msg_interfaces) StdoutLine: {'line': b'-- Up-to-date: /home/xc2204/ros2_new_study/install/msg_interfaces/include/msg_interfaces/msg_interfaces/msg/detail/dds_fastrtps\n'}
[0.515725] (msg_interfaces) StdoutLine: {'line': b'-- Up-to-date: /home/xc2204/ros2_new_study/install/msg_interfaces/include/msg_interfaces/msg_interfaces/srv\n'}
[0.515992] (msg_interfaces) StdoutLine: {'line': b'-- Up-to-date: /home/xc2204/ros2_new_study/install/msg_interfaces/include/msg_interfaces/msg_interfaces/srv/detail\n'}
[0.516178] (msg_interfaces) StdoutLine: {'line': b'-- Up-to-date: /home/xc2204/ros2_new_study/install/msg_interfaces/include/msg_interfaces/msg_interfaces/srv/detail/dds_fastrtps\n'}
[0.516420] (msg_interfaces) StdoutLine: {'line': b'-- Up-to-date: /home/xc2204/ros2_new_study/install/msg_interfaces/include/msg_interfaces/msg_interfaces/srv/detail/face_detector__rosidl_typesupport_fastrtps_cpp.hpp\n'}
[0.517421] (msg_interfaces) StdoutLine: {'line': b'-- Up-to-date: /home/xc2204/ros2_new_study/install/msg_interfaces/lib/libmsg_interfaces__rosidl_typesupport_fastrtps_cpp.so\n'}
[0.517604] (msg_interfaces) StdoutLine: {'line': b'-- Up-to-date: /home/xc2204/ros2_new_study/install/msg_interfaces/include/msg_interfaces/msg_interfaces\n'}
[0.518068] (msg_interfaces) StdoutLine: {'line': b'-- Up-to-date: /home/xc2204/ros2_new_study/install/msg_interfaces/include/msg_interfaces/msg_interfaces/msg\n'}
[0.518514] (msg_interfaces) StdoutLine: {'line': b'-- Up-to-date: /home/xc2204/ros2_new_study/install/msg_interfaces/include/msg_interfaces/msg_interfaces/msg/detail\n'}
[0.518790] (msg_interfaces) StdoutLine: {'line': b'-- Up-to-date: /home/xc2204/ros2_new_study/install/msg_interfaces/include/msg_interfaces/msg_interfaces/msg/detail/system_status__type_support.cpp\n'}
[0.518866] (msg_interfaces) StdoutLine: {'line': b'-- Up-to-date: /home/xc2204/ros2_new_study/install/msg_interfaces/include/msg_interfaces/msg_interfaces/msg/detail/system_status__rosidl_typesupport_introspection_cpp.hpp\n'}
[0.518904] (msg_interfaces) StdoutLine: {'line': b'-- Up-to-date: /home/xc2204/ros2_new_study/install/msg_interfaces/include/msg_interfaces/msg_interfaces/srv\n'}
[0.519260] (msg_interfaces) StdoutLine: {'line': b'-- Up-to-date: /home/xc2204/ros2_new_study/install/msg_interfaces/include/msg_interfaces/msg_interfaces/srv/detail\n'}
[0.519521] (msg_interfaces) StdoutLine: {'line': b'-- Up-to-date: /home/xc2204/ros2_new_study/install/msg_interfaces/include/msg_interfaces/msg_interfaces/srv/detail/face_detector__type_support.cpp\n'}
[0.519684] (msg_interfaces) StdoutLine: {'line': b'-- Up-to-date: /home/xc2204/ros2_new_study/install/msg_interfaces/include/msg_interfaces/msg_interfaces/srv/detail/face_detector__rosidl_typesupport_introspection_cpp.hpp\n'}
[0.520748] (msg_interfaces) StdoutLine: {'line': b'-- Up-to-date: /home/xc2204/ros2_new_study/install/msg_interfaces/lib/libmsg_interfaces__rosidl_typesupport_introspection_cpp.so\n'}
[0.521675] (msg_interfaces) StdoutLine: {'line': b'-- Up-to-date: /home/xc2204/ros2_new_study/install/msg_interfaces/lib/libmsg_interfaces__rosidl_typesupport_cpp.so\n'}
[0.521886] (msg_interfaces) StdoutLine: {'line': b'-- Up-to-date: /home/xc2204/ros2_new_study/install/msg_interfaces/share/msg_interfaces/environment/pythonpath.sh\n'}
[0.522078] (msg_interfaces) StdoutLine: {'line': b'-- Up-to-date: /home/xc2204/ros2_new_study/install/msg_interfaces/share/msg_interfaces/environment/pythonpath.dsv\n'}
[0.522192] (msg_interfaces) StdoutLine: {'line': b'-- Up-to-date: /home/xc2204/ros2_new_study/install/msg_interfaces/local/lib/python3.10/dist-packages/msg_interfaces-0.0.0-py3.10.egg-info\n'}
[0.522258] (msg_interfaces) StdoutLine: {'line': b'-- Installing: /home/xc2204/ros2_new_study/install/msg_interfaces/local/lib/python3.10/dist-packages/msg_interfaces-0.0.0-py3.10.egg-info/top_level.txt\n'}
[0.522294] (msg_interfaces) StdoutLine: {'line': b'-- Installing: /home/xc2204/ros2_new_study/install/msg_interfaces/local/lib/python3.10/dist-packages/msg_interfaces-0.0.0-py3.10.egg-info/SOURCES.txt\n'}
[0.522643] (msg_interfaces) StdoutLine: {'line': b'-- Installing: /home/xc2204/ros2_new_study/install/msg_interfaces/local/lib/python3.10/dist-packages/msg_interfaces-0.0.0-py3.10.egg-info/dependency_links.txt\n'}
[0.522995] (msg_interfaces) StdoutLine: {'line': b'-- Installing: /home/xc2204/ros2_new_study/install/msg_interfaces/local/lib/python3.10/dist-packages/msg_interfaces-0.0.0-py3.10.egg-info/PKG-INFO\n'}
[0.524199] (msg_interfaces) StdoutLine: {'line': b'-- Up-to-date: /home/xc2204/ros2_new_study/install/msg_interfaces/local/lib/python3.10/dist-packages/msg_interfaces\n'}
[0.524350] (msg_interfaces) StdoutLine: {'line': b'-- Up-to-date: /home/xc2204/ros2_new_study/install/msg_interfaces/local/lib/python3.10/dist-packages/msg_interfaces/_msg_interfaces_s.ep.rosidl_typesupport_c.c\n'}
[0.524551] (msg_interfaces) StdoutLine: {'line': b'-- Up-to-date: /home/xc2204/ros2_new_study/install/msg_interfaces/local/lib/python3.10/dist-packages/msg_interfaces/msg\n'}
[0.524791] (msg_interfaces) StdoutLine: {'line': b'-- Up-to-date: /home/xc2204/ros2_new_study/install/msg_interfaces/local/lib/python3.10/dist-packages/msg_interfaces/msg/_system_status.py\n'}
[0.525015] (msg_interfaces) StdoutLine: {'line': b'-- Up-to-date: /home/xc2204/ros2_new_study/install/msg_interfaces/local/lib/python3.10/dist-packages/msg_interfaces/msg/_system_status_s.c\n'}
[0.525206] (msg_interfaces) StdoutLine: {'line': b'-- Up-to-date: /home/xc2204/ros2_new_study/install/msg_interfaces/local/lib/python3.10/dist-packages/msg_interfaces/msg/__init__.py\n'}
[0.525430] (msg_interfaces) StdoutLine: {'line': b'-- Up-to-date: /home/xc2204/ros2_new_study/install/msg_interfaces/local/lib/python3.10/dist-packages/msg_interfaces/libmsg_interfaces__rosidl_generator_py.so\n'}
[0.525519] (msg_interfaces) StdoutLine: {'line': b'-- Up-to-date: /home/xc2204/ros2_new_study/install/msg_interfaces/local/lib/python3.10/dist-packages/msg_interfaces/_msg_interfaces_s.ep.rosidl_typesupport_fastrtps_c.c\n'}
[0.525693] (msg_interfaces) StdoutLine: {'line': b'-- Up-to-date: /home/xc2204/ros2_new_study/install/msg_interfaces/local/lib/python3.10/dist-packages/msg_interfaces/srv\n'}
[0.525921] (msg_interfaces) StdoutLine: {'line': b'-- Up-to-date: /home/xc2204/ros2_new_study/install/msg_interfaces/local/lib/python3.10/dist-packages/msg_interfaces/srv/_face_detector.py\n'}
[0.526154] (msg_interfaces) StdoutLine: {'line': b'-- Up-to-date: /home/xc2204/ros2_new_study/install/msg_interfaces/local/lib/python3.10/dist-packages/msg_interfaces/srv/_face_detector_s.c\n'}
[0.526425] (msg_interfaces) StdoutLine: {'line': b'-- Up-to-date: /home/xc2204/ros2_new_study/install/msg_interfaces/local/lib/python3.10/dist-packages/msg_interfaces/srv/__init__.py\n'}
[0.526537] (msg_interfaces) StdoutLine: {'line': b'-- Up-to-date: /home/xc2204/ros2_new_study/install/msg_interfaces/local/lib/python3.10/dist-packages/msg_interfaces/_msg_interfaces_s.ep.rosidl_typesupport_introspection_c.c\n'}
[0.526599] (msg_interfaces) StdoutLine: {'line': b'-- Up-to-date: /home/xc2204/ros2_new_study/install/msg_interfaces/local/lib/python3.10/dist-packages/msg_interfaces/msg_interfaces_s__rosidl_typesupport_fastrtps_c.cpython-310-x86_64-linux-gnu.so\n'}
[0.526663] (msg_interfaces) StdoutLine: {'line': b'-- Up-to-date: /home/xc2204/ros2_new_study/install/msg_interfaces/local/lib/python3.10/dist-packages/msg_interfaces/msg_interfaces_s__rosidl_typesupport_c.cpython-310-x86_64-linux-gnu.so\n'}
[0.526721] (msg_interfaces) StdoutLine: {'line': b'-- Up-to-date: /home/xc2204/ros2_new_study/install/msg_interfaces/local/lib/python3.10/dist-packages/msg_interfaces/msg_interfaces_s__rosidl_typesupport_introspection_c.cpython-310-x86_64-linux-gnu.so\n'}
[0.526762] (msg_interfaces) StdoutLine: {'line': b'-- Up-to-date: /home/xc2204/ros2_new_study/install/msg_interfaces/local/lib/python3.10/dist-packages/msg_interfaces/__init__.py\n'}
[0.556394] (msg_interfaces) StdoutLine: {'line': b"Listing '/home/xc2204/ros2_new_study/install/msg_interfaces/local/lib/python3.10/dist-packages/msg_interfaces'...\n"}
[0.556577] (msg_interfaces) StdoutLine: {'line': b"Listing '/home/xc2204/ros2_new_study/install/msg_interfaces/local/lib/python3.10/dist-packages/msg_interfaces/msg'...\n"}
[0.556619] (msg_interfaces) StdoutLine: {'line': b"Listing '/home/xc2204/ros2_new_study/install/msg_interfaces/local/lib/python3.10/dist-packages/msg_interfaces/srv'...\n"}
[0.561556] (msg_interfaces) StdoutLine: {'line': b'-- Up-to-date: /home/xc2204/ros2_new_study/install/msg_interfaces/local/lib/python3.10/dist-packages/msg_interfaces/msg_interfaces_s__rosidl_typesupport_fastrtps_c.cpython-310-x86_64-linux-gnu.so\n'}
[0.562605] (msg_interfaces) StdoutLine: {'line': b'-- Up-to-date: /home/xc2204/ros2_new_study/install/msg_interfaces/local/lib/python3.10/dist-packages/msg_interfaces/msg_interfaces_s__rosidl_typesupport_introspection_c.cpython-310-x86_64-linux-gnu.so\n'}
[0.563065] (msg_interfaces) StdoutLine: {'line': b'-- Up-to-date: /home/xc2204/ros2_new_study/install/msg_interfaces/local/lib/python3.10/dist-packages/msg_interfaces/msg_interfaces_s__rosidl_typesupport_c.cpython-310-x86_64-linux-gnu.so\n'}
[0.563809] (msg_interfaces) StdoutLine: {'line': b'-- Up-to-date: /home/xc2204/ros2_new_study/install/msg_interfaces/lib/libmsg_interfaces__rosidl_generator_py.so\n'}
[0.564027] (msg_interfaces) StdoutLine: {'line': b'-- Up-to-date: /home/xc2204/ros2_new_study/install/msg_interfaces/share/ament_index/resource_index/rust_packages/msg_interfaces\n'}
[0.564097] (msg_interfaces) StdoutLine: {'line': b'-- Up-to-date: /home/xc2204/ros2_new_study/install/msg_interfaces/share/msg_interfaces/rust\n'}
[0.564378] (msg_interfaces) StdoutLine: {'line': b'-- Up-to-date: /home/xc2204/ros2_new_study/install/msg_interfaces/share/msg_interfaces/rust/build.rs\n'}
[0.564649] (msg_interfaces) StdoutLine: {'line': b'-- Up-to-date: /home/xc2204/ros2_new_study/install/msg_interfaces/share/msg_interfaces/rust/src\n'}
[0.564888] (msg_interfaces) StdoutLine: {'line': b'-- Up-to-date: /home/xc2204/ros2_new_study/install/msg_interfaces/share/msg_interfaces/rust/src/srv.rs\n'}
[0.565012] (msg_interfaces) StdoutLine: {'line': b'-- Up-to-date: /home/xc2204/ros2_new_study/install/msg_interfaces/share/msg_interfaces/rust/src/msg\n'}
[0.565438] (msg_interfaces) StdoutLine: {'line': b'-- Up-to-date: /home/xc2204/ros2_new_study/install/msg_interfaces/share/msg_interfaces/rust/src/msg/rmw.rs\n'}
[0.565515] (msg_interfaces) StdoutLine: {'line': b'-- Up-to-date: /home/xc2204/ros2_new_study/install/msg_interfaces/share/msg_interfaces/rust/src/lib.rs\n'}
[0.565551] (msg_interfaces) StdoutLine: {'line': b'-- Up-to-date: /home/xc2204/ros2_new_study/install/msg_interfaces/share/msg_interfaces/rust/src/srv\n'}
[0.565948] (msg_interfaces) StdoutLine: {'line': b'-- Up-to-date: /home/xc2204/ros2_new_study/install/msg_interfaces/share/msg_interfaces/rust/src/srv/rmw.rs\n'}
[0.566149] (msg_interfaces) StdoutLine: {'line': b'-- Up-to-date: /home/xc2204/ros2_new_study/install/msg_interfaces/share/msg_interfaces/rust/src/msg.rs\n'}
[0.566279] (msg_interfaces) StdoutLine: {'line': b'-- Up-to-date: /home/xc2204/ros2_new_study/install/msg_interfaces/share/msg_interfaces/rust/Cargo.toml\n'}
[0.566659] (msg_interfaces) StdoutLine: {'line': b'-- Up-to-date: /home/xc2204/ros2_new_study/install/msg_interfaces/share/msg_interfaces/msg/SystemStatus.idl\n'}
[0.566966] (msg_interfaces) StdoutLine: {'line': b'-- Up-to-date: /home/xc2204/ros2_new_study/install/msg_interfaces/share/msg_interfaces/srv/FaceDetector.idl\n'}
[0.567105] (msg_interfaces) StdoutLine: {'line': b'-- Up-to-date: /home/xc2204/ros2_new_study/install/msg_interfaces/share/msg_interfaces/msg/SystemStatus.msg\n'}
[0.567254] (msg_interfaces) StdoutLine: {'line': b'-- Up-to-date: /home/xc2204/ros2_new_study/install/msg_interfaces/share/msg_interfaces/srv/FaceDetector.srv\n'}
[0.567618] (msg_interfaces) StdoutLine: {'line': b'-- Up-to-date: /home/xc2204/ros2_new_study/install/msg_interfaces/share/msg_interfaces/srv/FaceDetector_Request.msg\n'}
[0.567704] (msg_interfaces) StdoutLine: {'line': b'-- Up-to-date: /home/xc2204/ros2_new_study/install/msg_interfaces/share/msg_interfaces/srv/FaceDetector_Response.msg\n'}
[0.567762] (msg_interfaces) StdoutLine: {'line': b'-- Up-to-date: /home/xc2204/ros2_new_study/install/msg_interfaces/share/ament_index/resource_index/package_run_dependencies/msg_interfaces\n'}
[0.567798] (msg_interfaces) StdoutLine: {'line': b'-- Up-to-date: /home/xc2204/ros2_new_study/install/msg_interfaces/share/ament_index/resource_index/parent_prefix_path/msg_interfaces\n'}
[0.567829] (msg_interfaces) StdoutLine: {'line': b'-- Up-to-date: /home/xc2204/ros2_new_study/install/msg_interfaces/share/msg_interfaces/environment/ament_prefix_path.sh\n'}
[0.567861] (msg_interfaces) StdoutLine: {'line': b'-- Up-to-date: /home/xc2204/ros2_new_study/install/msg_interfaces/share/msg_interfaces/environment/ament_prefix_path.dsv\n'}
[0.568014] (msg_interfaces) StdoutLine: {'line': b'-- Up-to-date: /home/xc2204/ros2_new_study/install/msg_interfaces/share/msg_interfaces/environment/path.sh\n'}
[0.568108] (msg_interfaces) StdoutLine: {'line': b'-- Up-to-date: /home/xc2204/ros2_new_study/install/msg_interfaces/share/msg_interfaces/environment/path.dsv\n'}
[0.568169] (msg_interfaces) StdoutLine: {'line': b'-- Up-to-date: /home/xc2204/ros2_new_study/install/msg_interfaces/share/msg_interfaces/local_setup.bash\n'}
[0.568230] (msg_interfaces) StdoutLine: {'line': b'-- Up-to-date: /home/xc2204/ros2_new_study/install/msg_interfaces/share/msg_interfaces/local_setup.sh\n'}
[0.568288] (msg_interfaces) StdoutLine: {'line': b'-- Up-to-date: /home/xc2204/ros2_new_study/install/msg_interfaces/share/msg_interfaces/local_setup.zsh\n'}
[0.568350] (msg_interfaces) StdoutLine: {'line': b'-- Up-to-date: /home/xc2204/ros2_new_study/install/msg_interfaces/share/msg_interfaces/local_setup.dsv\n'}
[0.568410] (msg_interfaces) StdoutLine: {'line': b'-- Installing: /home/xc2204/ros2_new_study/install/msg_interfaces/share/msg_interfaces/package.dsv\n'}
[0.568453] (msg_interfaces) StdoutLine: {'line': b'-- Up-to-date: /home/xc2204/ros2_new_study/install/msg_interfaces/share/ament_index/resource_index/packages/msg_interfaces\n'}
[0.568568] (msg_interfaces) StdoutLine: {'line': b'-- Up-to-date: /home/xc2204/ros2_new_study/install/msg_interfaces/share/msg_interfaces/cmake/export_msg_interfaces__rosidl_generator_cExport.cmake\n'}
[0.568633] (msg_interfaces) StdoutLine: {'line': b'-- Up-to-date: /home/xc2204/ros2_new_study/install/msg_interfaces/share/msg_interfaces/cmake/export_msg_interfaces__rosidl_generator_cExport-noconfig.cmake\n'}
[0.568698] (msg_interfaces) StdoutLine: {'line': b'-- Up-to-date: /home/xc2204/ros2_new_study/install/msg_interfaces/share/msg_interfaces/cmake/export_msg_interfaces__rosidl_typesupport_fastrtps_cExport.cmake\n'}
[0.568736] (msg_interfaces) StdoutLine: {'line': b'-- Up-to-date: /home/xc2204/ros2_new_study/install/msg_interfaces/share/msg_interfaces/cmake/export_msg_interfaces__rosidl_typesupport_fastrtps_cExport-noconfig.cmake\n'}
[0.568921] (msg_interfaces) StdoutLine: {'line': b'-- Up-to-date: /home/xc2204/ros2_new_study/install/msg_interfaces/share/msg_interfaces/cmake/msg_interfaces__rosidl_typesupport_introspection_cExport.cmake\n'}
[0.568997] (msg_interfaces) StdoutLine: {'line': b'-- Up-to-date: /home/xc2204/ros2_new_study/install/msg_interfaces/share/msg_interfaces/cmake/msg_interfaces__rosidl_typesupport_introspection_cExport-noconfig.cmake\n'}
[0.569234] (msg_interfaces) StdoutLine: {'line': b'-- Up-to-date: /home/xc2204/ros2_new_study/install/msg_interfaces/share/msg_interfaces/cmake/msg_interfaces__rosidl_typesupport_cExport.cmake\n'}
[0.569383] (msg_interfaces) StdoutLine: {'line': b'-- Up-to-date: /home/xc2204/ros2_new_study/install/msg_interfaces/share/msg_interfaces/cmake/msg_interfaces__rosidl_typesupport_cExport-noconfig.cmake\n'}
[0.569662] (msg_interfaces) StdoutLine: {'line': b'-- Up-to-date: /home/xc2204/ros2_new_study/install/msg_interfaces/share/msg_interfaces/cmake/export_msg_interfaces__rosidl_generator_cppExport.cmake\n'}
[0.569937] (msg_interfaces) StdoutLine: {'line': b'-- Up-to-date: /home/xc2204/ros2_new_study/install/msg_interfaces/share/msg_interfaces/cmake/export_msg_interfaces__rosidl_typesupport_fastrtps_cppExport.cmake\n'}
[0.570076] (msg_interfaces) StdoutLine: {'line': b'-- Up-to-date: /home/xc2204/ros2_new_study/install/msg_interfaces/share/msg_interfaces/cmake/export_msg_interfaces__rosidl_typesupport_fastrtps_cppExport-noconfig.cmake\n'}
[0.570406] (msg_interfaces) StdoutLine: {'line': b'-- Up-to-date: /home/xc2204/ros2_new_study/install/msg_interfaces/share/msg_interfaces/cmake/msg_interfaces__rosidl_typesupport_introspection_cppExport.cmake\n'}
[0.570489] (msg_interfaces) StdoutLine: {'line': b'-- Up-to-date: /home/xc2204/ros2_new_study/install/msg_interfaces/share/msg_interfaces/cmake/msg_interfaces__rosidl_typesupport_introspection_cppExport-noconfig.cmake\n'}
[0.570802] (msg_interfaces) StdoutLine: {'line': b'-- Up-to-date: /home/xc2204/ros2_new_study/install/msg_interfaces/share/msg_interfaces/cmake/msg_interfaces__rosidl_typesupport_cppExport.cmake\n'}
[0.571067] (msg_interfaces) StdoutLine: {'line': b'-- Up-to-date: /home/xc2204/ros2_new_study/install/msg_interfaces/share/msg_interfaces/cmake/msg_interfaces__rosidl_typesupport_cppExport-noconfig.cmake\n'}
[0.571315] (msg_interfaces) StdoutLine: {'line': b'-- Up-to-date: /home/xc2204/ros2_new_study/install/msg_interfaces/share/msg_interfaces/cmake/export_msg_interfaces__rosidl_generator_pyExport.cmake\n'}
[0.571476] (msg_interfaces) StdoutLine: {'line': b'-- Up-to-date: /home/xc2204/ros2_new_study/install/msg_interfaces/share/msg_interfaces/cmake/export_msg_interfaces__rosidl_generator_pyExport-noconfig.cmake\n'}
[0.571887] (msg_interfaces) StdoutLine: {'line': b'-- Up-to-date: /home/xc2204/ros2_new_study/install/msg_interfaces/share/msg_interfaces/cmake/rosidl_cmake-extras.cmake\n'}
[0.571998] (msg_interfaces) StdoutLine: {'line': b'-- Up-to-date: /home/xc2204/ros2_new_study/install/msg_interfaces/share/msg_interfaces/cmake/ament_cmake_export_dependencies-extras.cmake\n'}
[0.572061] (msg_interfaces) StdoutLine: {'line': b'-- Up-to-date: /home/xc2204/ros2_new_study/install/msg_interfaces/share/msg_interfaces/cmake/ament_cmake_export_include_directories-extras.cmake\n'}
[0.572097] (msg_interfaces) StdoutLine: {'line': b'-- Up-to-date: /home/xc2204/ros2_new_study/install/msg_interfaces/share/msg_interfaces/cmake/ament_cmake_export_libraries-extras.cmake\n'}
[0.572130] (msg_interfaces) StdoutLine: {'line': b'-- Up-to-date: /home/xc2204/ros2_new_study/install/msg_interfaces/share/msg_interfaces/cmake/ament_cmake_export_targets-extras.cmake\n'}
[0.572162] (msg_interfaces) StdoutLine: {'line': b'-- Up-to-date: /home/xc2204/ros2_new_study/install/msg_interfaces/share/msg_interfaces/cmake/rosidl_cmake_export_typesupport_targets-extras.cmake\n'}
[0.572193] (msg_interfaces) StdoutLine: {'line': b'-- Up-to-date: /home/xc2204/ros2_new_study/install/msg_interfaces/share/msg_interfaces/cmake/rosidl_cmake_export_typesupport_libraries-extras.cmake\n'}
[0.572225] (msg_interfaces) StdoutLine: {'line': b'-- Up-to-date: /home/xc2204/ros2_new_study/install/msg_interfaces/share/msg_interfaces/cmake/msg_interfacesConfig.cmake\n'}
[0.572255] (msg_interfaces) StdoutLine: {'line': b'-- Up-to-date: /home/xc2204/ros2_new_study/install/msg_interfaces/share/msg_interfaces/cmake/msg_interfacesConfig-version.cmake\n'}
[0.572286] (msg_interfaces) StdoutLine: {'line': b'-- Up-to-date: /home/xc2204/ros2_new_study/install/msg_interfaces/share/msg_interfaces/package.xml\n'}
[0.574433] (msg_interfaces) CommandEnded: {'returncode': 0}
[0.599859] (msg_interfaces) JobEnded: {'identifier': 'msg_interfaces', 'rc': 0}
[0.601197] (pc_stuts) JobStarted: {'identifier': 'pc_stuts'}
[0.601454] (-) TimerEvent: {}
[0.605511] (test_pkg) JobStarted: {'identifier': 'test_pkg'}
[0.701812] (-) TimerEvent: {}
[0.802365] (-) TimerEvent: {}
[0.909306] (-) TimerEvent: {}
[1.017177] (-) TimerEvent: {}
[1.117717] (-) TimerEvent: {}
[1.181819] (face_detect) Command: {'cmd': ['/usr/bin/python3', '-W', 'ignore:setup.py install is deprecated', '-W', 'ignore:easy_install command is deprecated', 'setup.py', 'egg_info', '--egg-base', '../../build/face_detect', 'build', '--build-base', '/home/xc2204/ros2_new_study/build/face_detect/build', 'install', '--record', '/home/xc2204/ros2_new_study/build/face_detect/install.log', '--single-version-externally-managed', 'install_data'], 'cwd': '/home/xc2204/ros2_new_study/src/face_detect', 'env': {'PYTHON_BASIC_REPL': '1', 'LESSOPEN': '| /usr/bin/lesspipe %s', 'USER': 'xc2204', 'GIT_ASKPASS': '/home/xc2204/.vscode-server/bin/f6cfa2ea2403534de03f069bdf160d06451ed282/extensions/git/dist/askpass.sh', 'SHLVL': '1', 'RCUTILS_CONSOLE_OUTPUT_FORMAT': '[{function_name}:{line_number}]: {message}', 'LD_LIBRARY_PATH': '/home/xc2204/ros2_new_study/src/install/msg_interfaces/lib:/home/xc2204/ros2_new_study/install/msg_interfaces/lib:/usr/lib/x86_64-linux-gnu/gazebo-11/plugins:/opt/ros/humble/opt/rviz_ogre_vendor/lib:/opt/ros/humble/lib/x86_64-linux-gnu:/opt/ros/humble/lib', 'MOTD_SHOWN': 'update-motd', 'HOME': '/home/xc2204', 'OLDPWD': '/home/xc2204/ros2_new_study/src', 'TERM_PROGRAM_VERSION': '1.121.0', 'VSCODE_IPC_HOOK_CLI': '/run/user/1000/vscode-ipc-818c1935-63c3-4c9f-95b7-9cbedf9bdddd.sock', 'ROS_PYTHON_VERSION': '3', 'VSCODE_GIT_ASKPASS_MAIN': '/home/xc2204/.vscode-server/bin/f6cfa2ea2403534de03f069bdf160d06451ed282/extensions/git/dist/askpass-main.js', 'VSCODE_GIT_ASKPASS_NODE': '/home/xc2204/.vscode-server/bin/f6cfa2ea2403534de03f069bdf160d06451ed282/node', 'PYDEVD_DISABLE_FILE_VALIDATION': '1', 'BUNDLED_DEBUGPY_PATH': '/home/xc2204/.vscode-server/extensions/ms-python.debugpy-2026.6.0-linux-x64/bundled/libs/debugpy', 'VSCODE_PYTHON_AUTOACTIVATE_GUARD': '1', 'DBUS_SESSION_BUS_ADDRESS': 'unix:path=/run/user/1000/bus', 'COLORTERM': 'truecolor', 'WSL_DISTRO_NAME': 'Ubuntu-22.04', 'WAYLAND_DISPLAY': 'wayland-0', 'COLCON_PREFIX_PATH': '/home/xc2204/ros2_new_study/install:/home/xc2204/ros2_new_study/src/install', 'ROS_DISTRO': 'humble', 'LOGNAME': 'xc2204', 'NAME': 'DESKTOP-LOL67EV', 'WSL_INTEROP': '/run/WSL/86394_interop', 'PULSE_SERVER': 'unix:/mnt/wslg/PulseServer', '_': '/usr/bin/colcon', 'ROS_VERSION': '2', 'TERM': 'xterm-256color', 'ROS_LOCALHOST_ONLY': '0', 'PATH': '/home/xc2204/.local/bin:/home/xc2204/.vscode-server/data/User/globalStorage/github.copilot-chat/debugCommand:/home/xc2204/.vscode-server/data/User/globalStorage/github.copilot-chat/copilotCli:/home/xc2204/.vscode-server/bin/f6cfa2ea2403534de03f069bdf160d06451ed282/bin/remote-cli:/home/xc2204/.local/bin:/home/xc2204/.local/bin:/opt/ros/humble/bin:/usr/local/sbin:/usr/local/bin:/usr/sbin:/usr/bin:/sbin:/bin:/usr/games:/usr/local/games:/usr/lib/wsl/lib:/mnt/c/app/vmware station/bin/:/mnt/c/app/python3.13.2/Scripts/:/mnt/c/app/python3.13.2/:/mnt/c/WINDOWS/system32:/mnt/c/WINDOWS:/mnt/c/WINDOWS/System32/Wbem:/mnt/c/WINDOWS/System32/WindowsPowerShell/v1.0/:/mnt/c/WINDOWS/System32/OpenSSH/:/mnt/c/Users/Administrator/AppData/Local/Microsoft/WindowsApps:/mnt/c/Recovery/OEM/Backup/:/mnt/c/Program Files/dotnet/:/mnt/c/Program Files (x86)/NVIDIA Corporation/PhysX/Common:/mnt/c/Windows Kits/10/Windows Performance Toolkit/:/mnt/c/WINDOWS/system32:/mnt/c/WINDOWS:/mnt/c/WINDOWS/System32/Wbem:/mnt/c/WINDOWS/System32/WindowsPowerShell/v1.0/:/mnt/c/WINDOWS/System32/OpenSSH/:/mnt/c/app/MySQL/MySQL/MySQL Server 8.0/bin:/mnt/c/Program Files/nvm:/mnt/c/nvm4w/nodejs:/mnt/c/ProgramData/chocolatey/bin:/mnt/c/Program Files/nvm/v16.18.0:/mnt/c/app/web_study/Java11.0.30/bin:/mnt/c/Program Files (x86)/Microsoft SQL Server/160/Tools/Binn/:/mnt/c/Program Files/Microsoft SQL Server/160/Tools/Binn/:/mnt/c/Program Files/Microsoft SQL Server/Client SDK/ODBC/170/Tools/Binn/:/mnt/c/Program Files/Microsoft SQL Server/160/DTS/Binn/:/mnt/c/Program Files (x86)/Windows Kits/8.1/Windows Performance Toolkit/:/mnt/c/Program Files/NVIDIA Corporation/NVIDIA App/NvDLISR:/mnt/c/app/git/git/Git/cmd:/mnt/c/app/git/git/Git/mingw64/bin:/mnt/c/app/git/git/Git/usr/bin:/mnt/d/app/Matlab/matlab/runtime/win64:/mnt/d/app/Matlab/matlab/bin:/mnt/c/Program Files/Docker/Docker/resources/bin:/mnt/c/Program Files (x86)/Go/bin:/mnt/c/app/MySQL/MySQL/MySQL Shell 8.0/bin/:/mnt/c/Users/xc/AppData/Local/Microsoft/WindowsApps:/mnt/c/app/vscode/Microsoft VS Code/bin:/mnt/c/app/idea/IntelliJ IDEA Community Edition 2025.1.1.1/bin:/mnt/c/Program Files/nvm:/mnt/c/nvm4w/nodejs:/mnt/b/app/anaconda:/mnt/b/app/anaconda/Scripts:/mnt/b/app/anaconda/Library/bin:/mnt/b/opencv/opencv/build/x64/vc16/bin:/mnt/c/Users/xc/.dotnet/tools:/mnt/c/Users/xc/AppData/Local/Programs/Ollama:/mnt/c/Users/xc/.local/bin/:/mnt/c/Users/xc/go/bin:/snap/bin:/home/xc2204/.vscode-server/extensions/ms-python.debugpy-2026.6.0-linux-x64/bundled/scripts/noConfigScripts', 'XDG_RUNTIME_DIR': '/run/user/1000/', 'DISPLAY': ':0', 'VSCODE_DEBUGPY_ADAPTER_ENDPOINTS': '/home/xc2204/.vscode-server/extensions/ms-python.debugpy-2026.6.0-linux-x64/.noConfigDebugAdapterEndpoints/endpoint-fe672440baee17d7.txt', 'LANG': 'C.UTF-8', 'PYTHONSTARTUP': '/home/xc2204/.vscode-server/data/User/workspaceStorage/edf733d14958791d67cbdcdbb8519592/ms-python.python/pythonrc.py', 'LS_COLORS': 'rs=0:di=01;34:ln=01;36:mh=00:pi=40;33:so=01;35:do=01;35:bd=40;33;01:cd=40;33;01:or=40;31;01:mi=00:su=37;41:sg=30;43:ca=30;41:tw=30;42:ow=34;42:st=37;44:ex=01;32:*.tar=01;31:*.tgz=01;31:*.arc=01;31:*.arj=01;31:*.taz=01;31:*.lha=01;31:*.lz4=01;31:*.lzh=01;31:*.lzma=01;31:*.tlz=01;31:*.txz=01;31:*.tzo=01;31:*.t7z=01;31:*.zip=01;31:*.z=01;31:*.dz=01;31:*.gz=01;31:*.lrz=01;31:*.lz=01;31:*.lzo=01;31:*.xz=01;31:*.zst=01;31:*.tzst=01;31:*.bz2=01;31:*.bz=01;31:*.tbz=01;31:*.tbz2=01;31:*.tz=01;31:*.deb=01;31:*.rpm=01;31:*.jar=01;31:*.war=01;31:*.ear=01;31:*.sar=01;31:*.rar=01;31:*.alz=01;31:*.ace=01;31:*.zoo=01;31:*.cpio=01;31:*.7z=01;31:*.rz=01;31:*.cab=01;31:*.wim=01;31:*.swm=01;31:*.dwm=01;31:*.esd=01;31:*.jpg=01;35:*.jpeg=01;35:*.mjpg=01;35:*.mjpeg=01;35:*.gif=01;35:*.bmp=01;35:*.pbm=01;35:*.pgm=01;35:*.ppm=01;35:*.tga=01;35:*.xbm=01;35:*.xpm=01;35:*.tif=01;35:*.tiff=01;35:*.png=01;35:*.svg=01;35:*.svgz=01;35:*.mng=01;35:*.pcx=01;35:*.mov=01;35:*.mpg=01;35:*.mpeg=01;35:*.m2v=01;35:*.mkv=01;35:*.webm=01;35:*.webp=01;35:*.ogm=01;35:*.mp4=01;35:*.m4v=01;35:*.mp4v=01;35:*.vob=01;35:*.qt=01;35:*.nuv=01;35:*.wmv=01;35:*.asf=01;35:*.rm=01;35:*.rmvb=01;35:*.flc=01;35:*.avi=01;35:*.fli=01;35:*.flv=01;35:*.gl=01;35:*.dl=01;35:*.xcf=01;35:*.xwd=01;35:*.yuv=01;35:*.cgm=01;35:*.emf=01;35:*.ogv=01;35:*.ogx=01;35:*.aac=00;36:*.au=00;36:*.flac=00;36:*.m4a=00;36:*.mid=00;36:*.midi=00;36:*.mka=00;36:*.mp3=00;36:*.mpc=00;36:*.ogg=00;36:*.ra=00;36:*.wav=00;36:*.oga=00;36:*.opus=00;36:*.spx=00;36:*.xspf=00;36:', 'VSCODE_GIT_IPC_HANDLE': '/run/user/1000/vscode-git-0900024275.sock', 'TERM_PROGRAM': 'vscode', 'AMENT_PREFIX_PATH': '/home/xc2204/ros2_new_study/install/TF_study:/home/xc2204/ros2_new_study/src/install/test_pkg:/home/xc2204/ros2_new_study/src/install/pc_stuts:/home/xc2204/ros2_new_study/src/install/msg_interfaces:/home/xc2204/ros2_new_study/src/install/face_detect:/home/xc2204/ros2_new_study/src/install/TF_study:/home/xc2204/ros2_new_study/install/test_pkg:/home/xc2204/ros2_new_study/install/pc_stuts:/home/xc2204/ros2_new_study/install/msg_interfaces:/home/xc2204/ros2_new_study/install/face_detect:/opt/ros/humble', 'SHELL': '/bin/bash', 'LESSCLOSE': '/usr/bin/lesspipe %s %s', 'VSCODE_GIT_ASKPASS_EXTRA_ARGS': '', 'PWD': '/home/xc2204/ros2_new_study/build/face_detect', 'XDG_DATA_DIRS': '/usr/local/share:/usr/share:/var/lib/snapd/desktop', 'PYTHONPATH': '/home/xc2204/ros2_new_study/build/face_detect/prefix_override:/usr/lib/python3/dist-packages/colcon_core/task/python/colcon_distutils_commands:/home/xc2204/ros2_new_study/install/face_detect/lib/python3.10/site-packages:/home/xc2204/ros2_new_study/install/TF_study/lib/python3.10/site-packages:/home/xc2204/ros2_new_study/src/install/test_pkg/lib/python3.10/site-packages:/home/xc2204/ros2_new_study/src/install/pc_stuts/lib/python3.10/site-packages:/home/xc2204/ros2_new_study/src/install/msg_interfaces/local/lib/python3.10/dist-packages:/home/xc2204/ros2_new_study/src/install/face_detect/lib/python3.10/site-packages:/home/xc2204/ros2_new_study/src/install/TF_study/lib/python3.10/site-packages:/home/xc2204/ros2_new_study/install/test_pkg/lib/python3.10/site-packages:/home/xc2204/ros2_new_study/install/pc_stuts/lib/python3.10/site-packages:/home/xc2204/ros2_new_study/install/msg_interfaces/local/lib/python3.10/dist-packages:/home/xc2204/ros2_new_study/install/face_detect/lib/python3.10/site-packages:/opt/ros/humble/lib/python3.10/site-packages:/opt/ros/humble/local/lib/python3.10/dist-packages', 'COLCON': '1', 'WSL2_GUI_APPS_ENABLED': '1', 'HOSTTYPE': 'x86_64', 'CMAKE_PREFIX_PATH': '/home/xc2204/ros2_new_study/src/install/msg_interfaces:/home/xc2204/ros2_new_study/install/msg_interfaces', 'WSLENV': 'VSCODE_WSL_EXT_LOCATION/up'}, 'shell': False}
[1.185597] (TF_study) Command: {'cmd': ['/usr/bin/python3', '-W', 'ignore:setup.py install is deprecated', '-W', 'ignore:easy_install command is deprecated', 'setup.py', 'egg_info', '--egg-base', '../../build/TF_study', 'build', '--build-base', '/home/xc2204/ros2_new_study/build/TF_study/build', 'install', '--record', '/home/xc2204/ros2_new_study/build/TF_study/install.log', '--single-version-externally-managed', 'install_data'], 'cwd': '/home/xc2204/ros2_new_study/src/TF_study', 'env': {'PYTHON_BASIC_REPL': '1', 'LESSOPEN': '| /usr/bin/lesspipe %s', 'USER': 'xc2204', 'GIT_ASKPASS': '/home/xc2204/.vscode-server/bin/f6cfa2ea2403534de03f069bdf160d06451ed282/extensions/git/dist/askpass.sh', 'SHLVL': '1', 'RCUTILS_CONSOLE_OUTPUT_FORMAT': '[{function_name}:{line_number}]: {message}', 'LD_LIBRARY_PATH': '/home/xc2204/ros2_new_study/src/install/msg_interfaces/lib:/home/xc2204/ros2_new_study/install/msg_interfaces/lib:/usr/lib/x86_64-linux-gnu/gazebo-11/plugins:/opt/ros/humble/opt/rviz_ogre_vendor/lib:/opt/ros/humble/lib/x86_64-linux-gnu:/opt/ros/humble/lib', 'MOTD_SHOWN': 'update-motd', 'HOME': '/home/xc2204', 'OLDPWD': '/home/xc2204/ros2_new_study/src', 'TERM_PROGRAM_VERSION': '1.121.0', 'VSCODE_IPC_HOOK_CLI': '/run/user/1000/vscode-ipc-818c1935-63c3-4c9f-95b7-9cbedf9bdddd.sock', 'ROS_PYTHON_VERSION': '3', 'VSCODE_GIT_ASKPASS_MAIN': '/home/xc2204/.vscode-server/bin/f6cfa2ea2403534de03f069bdf160d06451ed282/extensions/git/dist/askpass-main.js', 'VSCODE_GIT_ASKPASS_NODE': '/home/xc2204/.vscode-server/bin/f6cfa2ea2403534de03f069bdf160d06451ed282/node', 'PYDEVD_DISABLE_FILE_VALIDATION': '1', 'BUNDLED_DEBUGPY_PATH': '/home/xc2204/.vscode-server/extensions/ms-python.debugpy-2026.6.0-linux-x64/bundled/libs/debugpy', 'VSCODE_PYTHON_AUTOACTIVATE_GUARD': '1', 'DBUS_SESSION_BUS_ADDRESS': 'unix:path=/run/user/1000/bus', 'COLORTERM': 'truecolor', 'WSL_DISTRO_NAME': 'Ubuntu-22.04', 'WAYLAND_DISPLAY': 'wayland-0', 'COLCON_PREFIX_PATH': '/home/xc2204/ros2_new_study/install:/home/xc2204/ros2_new_study/src/install', 'ROS_DISTRO': 'humble', 'LOGNAME': 'xc2204', 'NAME': 'DESKTOP-LOL67EV', 'WSL_INTEROP': '/run/WSL/86394_interop', 'PULSE_SERVER': 'unix:/mnt/wslg/PulseServer', '_': '/usr/bin/colcon', 'ROS_VERSION': '2', 'TERM': 'xterm-256color', 'ROS_LOCALHOST_ONLY': '0', 'PATH': '/home/xc2204/.local/bin:/home/xc2204/.vscode-server/data/User/globalStorage/github.copilot-chat/debugCommand:/home/xc2204/.vscode-server/data/User/globalStorage/github.copilot-chat/copilotCli:/home/xc2204/.vscode-server/bin/f6cfa2ea2403534de03f069bdf160d06451ed282/bin/remote-cli:/home/xc2204/.local/bin:/home/xc2204/.local/bin:/opt/ros/humble/bin:/usr/local/sbin:/usr/local/bin:/usr/sbin:/usr/bin:/sbin:/bin:/usr/games:/usr/local/games:/usr/lib/wsl/lib:/mnt/c/app/vmware station/bin/:/mnt/c/app/python3.13.2/Scripts/:/mnt/c/app/python3.13.2/:/mnt/c/WINDOWS/system32:/mnt/c/WINDOWS:/mnt/c/WINDOWS/System32/Wbem:/mnt/c/WINDOWS/System32/WindowsPowerShell/v1.0/:/mnt/c/WINDOWS/System32/OpenSSH/:/mnt/c/Users/Administrator/AppData/Local/Microsoft/WindowsApps:/mnt/c/Recovery/OEM/Backup/:/mnt/c/Program Files/dotnet/:/mnt/c/Program Files (x86)/NVIDIA Corporation/PhysX/Common:/mnt/c/Windows Kits/10/Windows Performance Toolkit/:/mnt/c/WINDOWS/system32:/mnt/c/WINDOWS:/mnt/c/WINDOWS/System32/Wbem:/mnt/c/WINDOWS/System32/WindowsPowerShell/v1.0/:/mnt/c/WINDOWS/System32/OpenSSH/:/mnt/c/app/MySQL/MySQL/MySQL Server 8.0/bin:/mnt/c/Program Files/nvm:/mnt/c/nvm4w/nodejs:/mnt/c/ProgramData/chocolatey/bin:/mnt/c/Program Files/nvm/v16.18.0:/mnt/c/app/web_study/Java11.0.30/bin:/mnt/c/Program Files (x86)/Microsoft SQL Server/160/Tools/Binn/:/mnt/c/Program Files/Microsoft SQL Server/160/Tools/Binn/:/mnt/c/Program Files/Microsoft SQL Server/Client SDK/ODBC/170/Tools/Binn/:/mnt/c/Program Files/Microsoft SQL Server/160/DTS/Binn/:/mnt/c/Program Files (x86)/Windows Kits/8.1/Windows Performance Toolkit/:/mnt/c/Program Files/NVIDIA Corporation/NVIDIA App/NvDLISR:/mnt/c/app/git/git/Git/cmd:/mnt/c/app/git/git/Git/mingw64/bin:/mnt/c/app/git/git/Git/usr/bin:/mnt/d/app/Matlab/matlab/runtime/win64:/mnt/d/app/Matlab/matlab/bin:/mnt/c/Program Files/Docker/Docker/resources/bin:/mnt/c/Program Files (x86)/Go/bin:/mnt/c/app/MySQL/MySQL/MySQL Shell 8.0/bin/:/mnt/c/Users/xc/AppData/Local/Microsoft/WindowsApps:/mnt/c/app/vscode/Microsoft VS Code/bin:/mnt/c/app/idea/IntelliJ IDEA Community Edition 2025.1.1.1/bin:/mnt/c/Program Files/nvm:/mnt/c/nvm4w/nodejs:/mnt/b/app/anaconda:/mnt/b/app/anaconda/Scripts:/mnt/b/app/anaconda/Library/bin:/mnt/b/opencv/opencv/build/x64/vc16/bin:/mnt/c/Users/xc/.dotnet/tools:/mnt/c/Users/xc/AppData/Local/Programs/Ollama:/mnt/c/Users/xc/.local/bin/:/mnt/c/Users/xc/go/bin:/snap/bin:/home/xc2204/.vscode-server/extensions/ms-python.debugpy-2026.6.0-linux-x64/bundled/scripts/noConfigScripts', 'XDG_RUNTIME_DIR': '/run/user/1000/', 'DISPLAY': ':0', 'VSCODE_DEBUGPY_ADAPTER_ENDPOINTS': '/home/xc2204/.vscode-server/extensions/ms-python.debugpy-2026.6.0-linux-x64/.noConfigDebugAdapterEndpoints/endpoint-fe672440baee17d7.txt', 'LANG': 'C.UTF-8', 'PYTHONSTARTUP': '/home/xc2204/.vscode-server/data/User/workspaceStorage/edf733d14958791d67cbdcdbb8519592/ms-python.python/pythonrc.py', 'LS_COLORS': 'rs=0:di=01;34:ln=01;36:mh=00:pi=40;33:so=01;35:do=01;35:bd=40;33;01:cd=40;33;01:or=40;31;01:mi=00:su=37;41:sg=30;43:ca=30;41:tw=30;42:ow=34;42:st=37;44:ex=01;32:*.tar=01;31:*.tgz=01;31:*.arc=01;31:*.arj=01;31:*.taz=01;31:*.lha=01;31:*.lz4=01;31:*.lzh=01;31:*.lzma=01;31:*.tlz=01;31:*.txz=01;31:*.tzo=01;31:*.t7z=01;31:*.zip=01;31:*.z=01;31:*.dz=01;31:*.gz=01;31:*.lrz=01;31:*.lz=01;31:*.lzo=01;31:*.xz=01;31:*.zst=01;31:*.tzst=01;31:*.bz2=01;31:*.bz=01;31:*.tbz=01;31:*.tbz2=01;31:*.tz=01;31:*.deb=01;31:*.rpm=01;31:*.jar=01;31:*.war=01;31:*.ear=01;31:*.sar=01;31:*.rar=01;31:*.alz=01;31:*.ace=01;31:*.zoo=01;31:*.cpio=01;31:*.7z=01;31:*.rz=01;31:*.cab=01;31:*.wim=01;31:*.swm=01;31:*.dwm=01;31:*.esd=01;31:*.jpg=01;35:*.jpeg=01;35:*.mjpg=01;35:*.mjpeg=01;35:*.gif=01;35:*.bmp=01;35:*.pbm=01;35:*.pgm=01;35:*.ppm=01;35:*.tga=01;35:*.xbm=01;35:*.xpm=01;35:*.tif=01;35:*.tiff=01;35:*.png=01;35:*.svg=01;35:*.svgz=01;35:*.mng=01;35:*.pcx=01;35:*.mov=01;35:*.mpg=01;35:*.mpeg=01;35:*.m2v=01;35:*.mkv=01;35:*.webm=01;35:*.webp=01;35:*.ogm=01;35:*.mp4=01;35:*.m4v=01;35:*.mp4v=01;35:*.vob=01;35:*.qt=01;35:*.nuv=01;35:*.wmv=01;35:*.asf=01;35:*.rm=01;35:*.rmvb=01;35:*.flc=01;35:*.avi=01;35:*.fli=01;35:*.flv=01;35:*.gl=01;35:*.dl=01;35:*.xcf=01;35:*.xwd=01;35:*.yuv=01;35:*.cgm=01;35:*.emf=01;35:*.ogv=01;35:*.ogx=01;35:*.aac=00;36:*.au=00;36:*.flac=00;36:*.m4a=00;36:*.mid=00;36:*.midi=00;36:*.mka=00;36:*.mp3=00;36:*.mpc=00;36:*.ogg=00;36:*.ra=00;36:*.wav=00;36:*.oga=00;36:*.opus=00;36:*.spx=00;36:*.xspf=00;36:', 'VSCODE_GIT_IPC_HANDLE': '/run/user/1000/vscode-git-0900024275.sock', 'TERM_PROGRAM': 'vscode', 'AMENT_PREFIX_PATH': '/home/xc2204/ros2_new_study/install/TF_study:/home/xc2204/ros2_new_study/src/install/test_pkg:/home/xc2204/ros2_new_study/src/install/pc_stuts:/home/xc2204/ros2_new_study/src/install/msg_interfaces:/home/xc2204/ros2_new_study/src/install/face_detect:/home/xc2204/ros2_new_study/src/install/TF_study:/home/xc2204/ros2_new_study/install/test_pkg:/home/xc2204/ros2_new_study/install/pc_stuts:/home/xc2204/ros2_new_study/install/msg_interfaces:/home/xc2204/ros2_new_study/install/face_detect:/opt/ros/humble', 'SHELL': '/bin/bash', 'LESSCLOSE': '/usr/bin/lesspipe %s %s', 'VSCODE_GIT_ASKPASS_EXTRA_ARGS': '', 'PWD': '/home/xc2204/ros2_new_study/build/TF_study', 'XDG_DATA_DIRS': '/usr/local/share:/usr/share:/var/lib/snapd/desktop', 'PYTHONPATH': '/home/xc2204/ros2_new_study/build/TF_study/prefix_override:/usr/lib/python3/dist-packages/colcon_core/task/python/colcon_distutils_commands:/home/xc2204/ros2_new_study/install/TF_study/lib/python3.10/site-packages:/home/xc2204/ros2_new_study/install/TF_study/lib/python3.10/site-packages:/home/xc2204/ros2_new_study/src/install/test_pkg/lib/python3.10/site-packages:/home/xc2204/ros2_new_study/src/install/pc_stuts/lib/python3.10/site-packages:/home/xc2204/ros2_new_study/src/install/msg_interfaces/local/lib/python3.10/dist-packages:/home/xc2204/ros2_new_study/src/install/face_detect/lib/python3.10/site-packages:/home/xc2204/ros2_new_study/src/install/TF_study/lib/python3.10/site-packages:/home/xc2204/ros2_new_study/install/test_pkg/lib/python3.10/site-packages:/home/xc2204/ros2_new_study/install/pc_stuts/lib/python3.10/site-packages:/home/xc2204/ros2_new_study/install/msg_interfaces/local/lib/python3.10/dist-packages:/home/xc2204/ros2_new_study/install/face_detect/lib/python3.10/site-packages:/opt/ros/humble/lib/python3.10/site-packages:/opt/ros/humble/local/lib/python3.10/dist-packages', 'COLCON': '1', 'WSL2_GUI_APPS_ENABLED': '1', 'HOSTTYPE': 'x86_64', 'CMAKE_PREFIX_PATH': '/home/xc2204/ros2_new_study/src/install/msg_interfaces:/home/xc2204/ros2_new_study/install/msg_interfaces', 'WSLENV': 'VSCODE_WSL_EXT_LOCATION/up'}, 'shell': False}
[1.218040] (-) TimerEvent: {}
[1.319839] (-) TimerEvent: {}
[1.389719] (TF_study) StdoutLine: {'line': b'running egg_info\n'}
[1.391118] (TF_study) StdoutLine: {'line': b'writing ../../build/TF_study/TF_study.egg-info/PKG-INFO\n'}
[1.391369] (TF_study) StdoutLine: {'line': b'writing dependency_links to ../../build/TF_study/TF_study.egg-info/dependency_links.txt\n'}
[1.391620] (TF_study) StdoutLine: {'line': b'writing entry points to ../../build/TF_study/TF_study.egg-info/entry_points.txt\n'}
[1.391899] (TF_study) StdoutLine: {'line': b'writing requirements to ../../build/TF_study/TF_study.egg-info/requires.txt\n'}
[1.392150] (TF_study) StdoutLine: {'line': b'writing top-level names to ../../build/TF_study/TF_study.egg-info/top_level.txt\n'}
[1.393283] (TF_study) StdoutLine: {'line': b"reading manifest file '../../build/TF_study/TF_study.egg-info/SOURCES.txt'\n"}
[1.394284] (TF_study) StdoutLine: {'line': b"adding license file 'LICENSE'\n"}
[1.394793] (TF_study) StdoutLine: {'line': b"writing manifest file '../../build/TF_study/TF_study.egg-info/SOURCES.txt'\n"}
[1.395063] (TF_study) StdoutLine: {'line': b'running build\n'}
[1.395159] (TF_study) StdoutLine: {'line': b'running build_py\n'}
[1.395410] (TF_study) StdoutLine: {'line': b'copying TF_study/tf_listen.py -> /home/xc2204/ros2_new_study/build/TF_study/build/lib/TF_study\n'}
[1.395648] (face_detect) StdoutLine: {'line': b'running egg_info\n'}
[1.395997] (TF_study) StdoutLine: {'line': b'running install\n'}
[1.396362] (face_detect) StdoutLine: {'line': b'writing ../../build/face_detect/face_detect.egg-info/PKG-INFO\n'}
[1.396532] (face_detect) StdoutLine: {'line': b'writing dependency_links to ../../build/face_detect/face_detect.egg-info/dependency_links.txt\n'}
[1.396879] (TF_study) StdoutLine: {'line': b'running install_lib\n'}
[1.397059] (face_detect) StdoutLine: {'line': b'writing entry points to ../../build/face_detect/face_detect.egg-info/entry_points.txt\n'}
[1.397423] (face_detect) StdoutLine: {'line': b'writing requirements to ../../build/face_detect/face_detect.egg-info/requires.txt\n'}
[1.397568] (face_detect) StdoutLine: {'line': b'writing top-level names to ../../build/face_detect/face_detect.egg-info/top_level.txt\n'}
[1.397816] (TF_study) StdoutLine: {'line': b'copying /home/xc2204/ros2_new_study/build/TF_study/build/lib/TF_study/tf_listen.py -> /home/xc2204/ros2_new_study/install/TF_study/lib/python3.10/site-packages/TF_study\n'}
[1.398945] (TF_study) StdoutLine: {'line': b'byte-compiling /home/xc2204/ros2_new_study/install/TF_study/lib/python3.10/site-packages/TF_study/tf_listen.py to tf_listen.cpython-310.pyc\n'}
[1.399791] (TF_study) StdoutLine: {'line': b'running install_data\n'}
[1.400112] (TF_study) StdoutLine: {'line': b'running install_egg_info\n'}
[1.400322] (face_detect) StdoutLine: {'line': b"reading manifest file '../../build/face_detect/face_detect.egg-info/SOURCES.txt'\n"}
[1.401742] (TF_study) StdoutLine: {'line': b"removing '/home/xc2204/ros2_new_study/install/TF_study/lib/python3.10/site-packages/TF_study-0.0.0-py3.10.egg-info' (and everything under it)\n"}
[1.402330] (face_detect) StdoutLine: {'line': b"writing manifest file '../../build/face_detect/face_detect.egg-info/SOURCES.txt'\n"}
[1.402723] (face_detect) StdoutLine: {'line': b'running build\n'}
[1.402782] (face_detect) StdoutLine: {'line': b'running build_py\n'}
[1.402819] (TF_study) StdoutLine: {'line': b'Copying ../../build/TF_study/TF_study.egg-info to /home/xc2204/ros2_new_study/install/TF_study/lib/python3.10/site-packages/TF_study-0.0.0-py3.10.egg-info\n'}
[1.402857] (face_detect) StdoutLine: {'line': b'running install\n'}
[1.403110] (face_detect) StdoutLine: {'line': b'running install_lib\n'}
[1.404164] (TF_study) StdoutLine: {'line': b'running install_scripts\n'}
[1.405070] (face_detect) StdoutLine: {'line': b'running install_data\n'}
[1.405252] (face_detect) StdoutLine: {'line': b'running install_egg_info\n'}
[1.406750] (face_detect) StdoutLine: {'line': b"removing '/home/xc2204/ros2_new_study/install/face_detect/lib/python3.10/site-packages/face_detect-0.0.0-py3.10.egg-info' (and everything under it)\n"}
[1.407143] (face_detect) StdoutLine: {'line': b'Copying ../../build/face_detect/face_detect.egg-info to /home/xc2204/ros2_new_study/install/face_detect/lib/python3.10/site-packages/face_detect-0.0.0-py3.10.egg-info\n'}
[1.408558] (face_detect) StdoutLine: {'line': b'running install_scripts\n'}
[1.420004] (-) TimerEvent: {}
[1.422101] (TF_study) StdoutLine: {'line': b'Installing dynamic_tf_broadcaster script to /home/xc2204/ros2_new_study/install/TF_study/lib/TF_study\n'}
[1.422430] (TF_study) StdoutLine: {'line': b'Installing static_tf_broadcaster script to /home/xc2204/ros2_new_study/install/TF_study/lib/TF_study\n'}
[1.422786] (TF_study) StdoutLine: {'line': b'Installing tf_listen script to /home/xc2204/ros2_new_study/install/TF_study/lib/TF_study\n'}
[1.423209] (TF_study) StdoutLine: {'line': b"writing list of installed files to '/home/xc2204/ros2_new_study/build/TF_study/install.log'\n"}
[1.427838] (face_detect) StdoutLine: {'line': b'Installing client_face_detect script to /home/xc2204/ros2_new_study/install/face_detect/lib/face_detect\n'}
[1.428139] (face_detect) StdoutLine: {'line': b'Installing srv_face_detect script to /home/xc2204/ros2_new_study/install/face_detect/lib/face_detect\n'}
[1.428432] (face_detect) StdoutLine: {'line': b'Installing video_detect script to /home/xc2204/ros2_new_study/install/face_detect/lib/face_detect\n'}
[1.428654] (face_detect) StdoutLine: {'line': b"writing list of installed files to '/home/xc2204/ros2_new_study/build/face_detect/install.log'\n"}
[1.446713] (TF_study) CommandEnded: {'returncode': 0}
[1.452594] (TF_study) JobEnded: {'identifier': 'TF_study', 'rc': 0}
[1.454468] (face_detect) CommandEnded: {'returncode': 0}
[1.461018] (face_detect) JobEnded: {'identifier': 'face_detect', 'rc': 0}
[1.488792] (pc_stuts) Command: {'cmd': ['/usr/bin/python3', '-W', 'ignore:setup.py install is deprecated', '-W', 'ignore:easy_install command is deprecated', 'setup.py', 'egg_info', '--egg-base', '../../build/pc_stuts', 'build', '--build-base', '/home/xc2204/ros2_new_study/build/pc_stuts/build', 'install', '--record', '/home/xc2204/ros2_new_study/build/pc_stuts/install.log', '--single-version-externally-managed', 'install_data'], 'cwd': '/home/xc2204/ros2_new_study/src/pc_stuts', 'env': {'PYTHON_BASIC_REPL': '1', 'LESSOPEN': '| /usr/bin/lesspipe %s', 'USER': 'xc2204', 'GIT_ASKPASS': '/home/xc2204/.vscode-server/bin/f6cfa2ea2403534de03f069bdf160d06451ed282/extensions/git/dist/askpass.sh', 'SHLVL': '1', 'RCUTILS_CONSOLE_OUTPUT_FORMAT': '[{function_name}:{line_number}]: {message}', 'LD_LIBRARY_PATH': '/home/xc2204/ros2_new_study/install/msg_interfaces/lib:/home/xc2204/ros2_new_study/src/install/msg_interfaces/lib:/usr/lib/x86_64-linux-gnu/gazebo-11/plugins:/opt/ros/humble/opt/rviz_ogre_vendor/lib:/opt/ros/humble/lib/x86_64-linux-gnu:/opt/ros/humble/lib', 'MOTD_SHOWN': 'update-motd', 'HOME': '/home/xc2204', 'OLDPWD': '/home/xc2204/ros2_new_study/src', 'TERM_PROGRAM_VERSION': '1.121.0', 'VSCODE_IPC_HOOK_CLI': '/run/user/1000/vscode-ipc-818c1935-63c3-4c9f-95b7-9cbedf9bdddd.sock', 'ROS_PYTHON_VERSION': '3', 'VSCODE_GIT_ASKPASS_MAIN': '/home/xc2204/.vscode-server/bin/f6cfa2ea2403534de03f069bdf160d06451ed282/extensions/git/dist/askpass-main.js', 'VSCODE_GIT_ASKPASS_NODE': '/home/xc2204/.vscode-server/bin/f6cfa2ea2403534de03f069bdf160d06451ed282/node', 'PYDEVD_DISABLE_FILE_VALIDATION': '1', 'BUNDLED_DEBUGPY_PATH': '/home/xc2204/.vscode-server/extensions/ms-python.debugpy-2026.6.0-linux-x64/bundled/libs/debugpy', 'VSCODE_PYTHON_AUTOACTIVATE_GUARD': '1', 'DBUS_SESSION_BUS_ADDRESS': 'unix:path=/run/user/1000/bus', 'COLORTERM': 'truecolor', 'WSL_DISTRO_NAME': 'Ubuntu-22.04', 'WAYLAND_DISPLAY': 'wayland-0', 'COLCON_PREFIX_PATH': '/home/xc2204/ros2_new_study/install:/home/xc2204/ros2_new_study/src/install', 'ROS_DISTRO': 'humble', 'LOGNAME': 'xc2204', 'NAME': 'DESKTOP-LOL67EV', 'WSL_INTEROP': '/run/WSL/86394_interop', 'PULSE_SERVER': 'unix:/mnt/wslg/PulseServer', '_': '/usr/bin/colcon', 'ROS_VERSION': '2', 'TERM': 'xterm-256color', 'ROS_LOCALHOST_ONLY': '0', 'PATH': '/home/xc2204/.local/bin:/home/xc2204/.vscode-server/data/User/globalStorage/github.copilot-chat/debugCommand:/home/xc2204/.vscode-server/data/User/globalStorage/github.copilot-chat/copilotCli:/home/xc2204/.vscode-server/bin/f6cfa2ea2403534de03f069bdf160d06451ed282/bin/remote-cli:/home/xc2204/.local/bin:/home/xc2204/.local/bin:/opt/ros/humble/bin:/usr/local/sbin:/usr/local/bin:/usr/sbin:/usr/bin:/sbin:/bin:/usr/games:/usr/local/games:/usr/lib/wsl/lib:/mnt/c/app/vmware station/bin/:/mnt/c/app/python3.13.2/Scripts/:/mnt/c/app/python3.13.2/:/mnt/c/WINDOWS/system32:/mnt/c/WINDOWS:/mnt/c/WINDOWS/System32/Wbem:/mnt/c/WINDOWS/System32/WindowsPowerShell/v1.0/:/mnt/c/WINDOWS/System32/OpenSSH/:/mnt/c/Users/Administrator/AppData/Local/Microsoft/WindowsApps:/mnt/c/Recovery/OEM/Backup/:/mnt/c/Program Files/dotnet/:/mnt/c/Program Files (x86)/NVIDIA Corporation/PhysX/Common:/mnt/c/Windows Kits/10/Windows Performance Toolkit/:/mnt/c/WINDOWS/system32:/mnt/c/WINDOWS:/mnt/c/WINDOWS/System32/Wbem:/mnt/c/WINDOWS/System32/WindowsPowerShell/v1.0/:/mnt/c/WINDOWS/System32/OpenSSH/:/mnt/c/app/MySQL/MySQL/MySQL Server 8.0/bin:/mnt/c/Program Files/nvm:/mnt/c/nvm4w/nodejs:/mnt/c/ProgramData/chocolatey/bin:/mnt/c/Program Files/nvm/v16.18.0:/mnt/c/app/web_study/Java11.0.30/bin:/mnt/c/Program Files (x86)/Microsoft SQL Server/160/Tools/Binn/:/mnt/c/Program Files/Microsoft SQL Server/160/Tools/Binn/:/mnt/c/Program Files/Microsoft SQL Server/Client SDK/ODBC/170/Tools/Binn/:/mnt/c/Program Files/Microsoft SQL Server/160/DTS/Binn/:/mnt/c/Program Files (x86)/Windows Kits/8.1/Windows Performance Toolkit/:/mnt/c/Program Files/NVIDIA Corporation/NVIDIA App/NvDLISR:/mnt/c/app/git/git/Git/cmd:/mnt/c/app/git/git/Git/mingw64/bin:/mnt/c/app/git/git/Git/usr/bin:/mnt/d/app/Matlab/matlab/runtime/win64:/mnt/d/app/Matlab/matlab/bin:/mnt/c/Program Files/Docker/Docker/resources/bin:/mnt/c/Program Files (x86)/Go/bin:/mnt/c/app/MySQL/MySQL/MySQL Shell 8.0/bin/:/mnt/c/Users/xc/AppData/Local/Microsoft/WindowsApps:/mnt/c/app/vscode/Microsoft VS Code/bin:/mnt/c/app/idea/IntelliJ IDEA Community Edition 2025.1.1.1/bin:/mnt/c/Program Files/nvm:/mnt/c/nvm4w/nodejs:/mnt/b/app/anaconda:/mnt/b/app/anaconda/Scripts:/mnt/b/app/anaconda/Library/bin:/mnt/b/opencv/opencv/build/x64/vc16/bin:/mnt/c/Users/xc/.dotnet/tools:/mnt/c/Users/xc/AppData/Local/Programs/Ollama:/mnt/c/Users/xc/.local/bin/:/mnt/c/Users/xc/go/bin:/snap/bin:/home/xc2204/.vscode-server/extensions/ms-python.debugpy-2026.6.0-linux-x64/bundled/scripts/noConfigScripts', 'XDG_RUNTIME_DIR': '/run/user/1000/', 'DISPLAY': ':0', 'VSCODE_DEBUGPY_ADAPTER_ENDPOINTS': '/home/xc2204/.vscode-server/extensions/ms-python.debugpy-2026.6.0-linux-x64/.noConfigDebugAdapterEndpoints/endpoint-fe672440baee17d7.txt', 'LANG': 'C.UTF-8', 'PYTHONSTARTUP': '/home/xc2204/.vscode-server/data/User/workspaceStorage/edf733d14958791d67cbdcdbb8519592/ms-python.python/pythonrc.py', 'LS_COLORS': 'rs=0:di=01;34:ln=01;36:mh=00:pi=40;33:so=01;35:do=01;35:bd=40;33;01:cd=40;33;01:or=40;31;01:mi=00:su=37;41:sg=30;43:ca=30;41:tw=30;42:ow=34;42:st=37;44:ex=01;32:*.tar=01;31:*.tgz=01;31:*.arc=01;31:*.arj=01;31:*.taz=01;31:*.lha=01;31:*.lz4=01;31:*.lzh=01;31:*.lzma=01;31:*.tlz=01;31:*.txz=01;31:*.tzo=01;31:*.t7z=01;31:*.zip=01;31:*.z=01;31:*.dz=01;31:*.gz=01;31:*.lrz=01;31:*.lz=01;31:*.lzo=01;31:*.xz=01;31:*.zst=01;31:*.tzst=01;31:*.bz2=01;31:*.bz=01;31:*.tbz=01;31:*.tbz2=01;31:*.tz=01;31:*.deb=01;31:*.rpm=01;31:*.jar=01;31:*.war=01;31:*.ear=01;31:*.sar=01;31:*.rar=01;31:*.alz=01;31:*.ace=01;31:*.zoo=01;31:*.cpio=01;31:*.7z=01;31:*.rz=01;31:*.cab=01;31:*.wim=01;31:*.swm=01;31:*.dwm=01;31:*.esd=01;31:*.jpg=01;35:*.jpeg=01;35:*.mjpg=01;35:*.mjpeg=01;35:*.gif=01;35:*.bmp=01;35:*.pbm=01;35:*.pgm=01;35:*.ppm=01;35:*.tga=01;35:*.xbm=01;35:*.xpm=01;35:*.tif=01;35:*.tiff=01;35:*.png=01;35:*.svg=01;35:*.svgz=01;35:*.mng=01;35:*.pcx=01;35:*.mov=01;35:*.mpg=01;35:*.mpeg=01;35:*.m2v=01;35:*.mkv=01;35:*.webm=01;35:*.webp=01;35:*.ogm=01;35:*.mp4=01;35:*.m4v=01;35:*.mp4v=01;35:*.vob=01;35:*.qt=01;35:*.nuv=01;35:*.wmv=01;35:*.asf=01;35:*.rm=01;35:*.rmvb=01;35:*.flc=01;35:*.avi=01;35:*.fli=01;35:*.flv=01;35:*.gl=01;35:*.dl=01;35:*.xcf=01;35:*.xwd=01;35:*.yuv=01;35:*.cgm=01;35:*.emf=01;35:*.ogv=01;35:*.ogx=01;35:*.aac=00;36:*.au=00;36:*.flac=00;36:*.m4a=00;36:*.mid=00;36:*.midi=00;36:*.mka=00;36:*.mp3=00;36:*.mpc=00;36:*.ogg=00;36:*.ra=00;36:*.wav=00;36:*.oga=00;36:*.opus=00;36:*.spx=00;36:*.xspf=00;36:', 'VSCODE_GIT_IPC_HANDLE': '/run/user/1000/vscode-git-0900024275.sock', 'TERM_PROGRAM': 'vscode', 'AMENT_PREFIX_PATH': '/home/xc2204/ros2_new_study/install/TF_study:/home/xc2204/ros2_new_study/src/install/test_pkg:/home/xc2204/ros2_new_study/src/install/pc_stuts:/home/xc2204/ros2_new_study/src/install/msg_interfaces:/home/xc2204/ros2_new_study/src/install/face_detect:/home/xc2204/ros2_new_study/src/install/TF_study:/home/xc2204/ros2_new_study/install/test_pkg:/home/xc2204/ros2_new_study/install/pc_stuts:/home/xc2204/ros2_new_study/install/msg_interfaces:/home/xc2204/ros2_new_study/install/face_detect:/opt/ros/humble', 'SHELL': '/bin/bash', 'LESSCLOSE': '/usr/bin/lesspipe %s %s', 'VSCODE_GIT_ASKPASS_EXTRA_ARGS': '', 'PWD': '/home/xc2204/ros2_new_study/build/pc_stuts', 'XDG_DATA_DIRS': '/usr/local/share:/usr/share:/var/lib/snapd/desktop', 'PYTHONPATH': '/home/xc2204/ros2_new_study/build/pc_stuts/prefix_override:/usr/lib/python3/dist-packages/colcon_core/task/python/colcon_distutils_commands:/home/xc2204/ros2_new_study/install/pc_stuts/lib/python3.10/site-packages:/home/xc2204/ros2_new_study/install/TF_study/lib/python3.10/site-packages:/home/xc2204/ros2_new_study/src/install/test_pkg/lib/python3.10/site-packages:/home/xc2204/ros2_new_study/src/install/pc_stuts/lib/python3.10/site-packages:/home/xc2204/ros2_new_study/src/install/msg_interfaces/local/lib/python3.10/dist-packages:/home/xc2204/ros2_new_study/src/install/face_detect/lib/python3.10/site-packages:/home/xc2204/ros2_new_study/src/install/TF_study/lib/python3.10/site-packages:/home/xc2204/ros2_new_study/install/test_pkg/lib/python3.10/site-packages:/home/xc2204/ros2_new_study/install/pc_stuts/lib/python3.10/site-packages:/home/xc2204/ros2_new_study/install/msg_interfaces/local/lib/python3.10/dist-packages:/home/xc2204/ros2_new_study/install/face_detect/lib/python3.10/site-packages:/opt/ros/humble/lib/python3.10/site-packages:/opt/ros/humble/local/lib/python3.10/dist-packages', 'COLCON': '1', 'WSL2_GUI_APPS_ENABLED': '1', 'HOSTTYPE': 'x86_64', 'CMAKE_PREFIX_PATH': '/home/xc2204/ros2_new_study/install/msg_interfaces:/home/xc2204/ros2_new_study/src/install/msg_interfaces', 'WSLENV': 'VSCODE_WSL_EXT_LOCATION/up'}, 'shell': False}
[1.522289] (-) TimerEvent: {}
[1.623131] (-) TimerEvent: {}
[1.660457] (test_pkg) Command: {'cmd': ['/usr/bin/python3', '-W', 'ignore:setup.py install is deprecated', '-W', 'ignore:easy_install command is deprecated', 'setup.py', 'egg_info', '--egg-base', '../../build/test_pkg', 'build', '--build-base', '/home/xc2204/ros2_new_study/build/test_pkg/build', 'install', '--record', '/home/xc2204/ros2_new_study/build/test_pkg/install.log', '--single-version-externally-managed', 'install_data'], 'cwd': '/home/xc2204/ros2_new_study/src/test_pkg', 'env': {'PYTHON_BASIC_REPL': '1', 'LESSOPEN': '| /usr/bin/lesspipe %s', 'USER': 'xc2204', 'GIT_ASKPASS': '/home/xc2204/.vscode-server/bin/f6cfa2ea2403534de03f069bdf160d06451ed282/extensions/git/dist/askpass.sh', 'SHLVL': '1', 'RCUTILS_CONSOLE_OUTPUT_FORMAT': '[{function_name}:{line_number}]: {message}', 'LD_LIBRARY_PATH': '/home/xc2204/ros2_new_study/install/msg_interfaces/lib:/home/xc2204/ros2_new_study/src/install/msg_interfaces/lib:/usr/lib/x86_64-linux-gnu/gazebo-11/plugins:/opt/ros/humble/opt/rviz_ogre_vendor/lib:/opt/ros/humble/lib/x86_64-linux-gnu:/opt/ros/humble/lib', 'MOTD_SHOWN': 'update-motd', 'HOME': '/home/xc2204', 'OLDPWD': '/home/xc2204/ros2_new_study/src', 'TERM_PROGRAM_VERSION': '1.121.0', 'VSCODE_IPC_HOOK_CLI': '/run/user/1000/vscode-ipc-818c1935-63c3-4c9f-95b7-9cbedf9bdddd.sock', 'ROS_PYTHON_VERSION': '3', 'VSCODE_GIT_ASKPASS_MAIN': '/home/xc2204/.vscode-server/bin/f6cfa2ea2403534de03f069bdf160d06451ed282/extensions/git/dist/askpass-main.js', 'VSCODE_GIT_ASKPASS_NODE': '/home/xc2204/.vscode-server/bin/f6cfa2ea2403534de03f069bdf160d06451ed282/node', 'PYDEVD_DISABLE_FILE_VALIDATION': '1', 'BUNDLED_DEBUGPY_PATH': '/home/xc2204/.vscode-server/extensions/ms-python.debugpy-2026.6.0-linux-x64/bundled/libs/debugpy', 'VSCODE_PYTHON_AUTOACTIVATE_GUARD': '1', 'DBUS_SESSION_BUS_ADDRESS': 'unix:path=/run/user/1000/bus', 'COLORTERM': 'truecolor', 'WSL_DISTRO_NAME': 'Ubuntu-22.04', 'WAYLAND_DISPLAY': 'wayland-0', 'COLCON_PREFIX_PATH': '/home/xc2204/ros2_new_study/install:/home/xc2204/ros2_new_study/src/install', 'ROS_DISTRO': 'humble', 'LOGNAME': 'xc2204', 'NAME': 'DESKTOP-LOL67EV', 'WSL_INTEROP': '/run/WSL/86394_interop', 'PULSE_SERVER': 'unix:/mnt/wslg/PulseServer', '_': '/usr/bin/colcon', 'ROS_VERSION': '2', 'TERM': 'xterm-256color', 'ROS_LOCALHOST_ONLY': '0', 'PATH': '/home/xc2204/.local/bin:/home/xc2204/.vscode-server/data/User/globalStorage/github.copilot-chat/debugCommand:/home/xc2204/.vscode-server/data/User/globalStorage/github.copilot-chat/copilotCli:/home/xc2204/.vscode-server/bin/f6cfa2ea2403534de03f069bdf160d06451ed282/bin/remote-cli:/home/xc2204/.local/bin:/home/xc2204/.local/bin:/opt/ros/humble/bin:/usr/local/sbin:/usr/local/bin:/usr/sbin:/usr/bin:/sbin:/bin:/usr/games:/usr/local/games:/usr/lib/wsl/lib:/mnt/c/app/vmware station/bin/:/mnt/c/app/python3.13.2/Scripts/:/mnt/c/app/python3.13.2/:/mnt/c/WINDOWS/system32:/mnt/c/WINDOWS:/mnt/c/WINDOWS/System32/Wbem:/mnt/c/WINDOWS/System32/WindowsPowerShell/v1.0/:/mnt/c/WINDOWS/System32/OpenSSH/:/mnt/c/Users/Administrator/AppData/Local/Microsoft/WindowsApps:/mnt/c/Recovery/OEM/Backup/:/mnt/c/Program Files/dotnet/:/mnt/c/Program Files (x86)/NVIDIA Corporation/PhysX/Common:/mnt/c/Windows Kits/10/Windows Performance Toolkit/:/mnt/c/WINDOWS/system32:/mnt/c/WINDOWS:/mnt/c/WINDOWS/System32/Wbem:/mnt/c/WINDOWS/System32/WindowsPowerShell/v1.0/:/mnt/c/WINDOWS/System32/OpenSSH/:/mnt/c/app/MySQL/MySQL/MySQL Server 8.0/bin:/mnt/c/Program Files/nvm:/mnt/c/nvm4w/nodejs:/mnt/c/ProgramData/chocolatey/bin:/mnt/c/Program Files/nvm/v16.18.0:/mnt/c/app/web_study/Java11.0.30/bin:/mnt/c/Program Files (x86)/Microsoft SQL Server/160/Tools/Binn/:/mnt/c/Program Files/Microsoft SQL Server/160/Tools/Binn/:/mnt/c/Program Files/Microsoft SQL Server/Client SDK/ODBC/170/Tools/Binn/:/mnt/c/Program Files/Microsoft SQL Server/160/DTS/Binn/:/mnt/c/Program Files (x86)/Windows Kits/8.1/Windows Performance Toolkit/:/mnt/c/Program Files/NVIDIA Corporation/NVIDIA App/NvDLISR:/mnt/c/app/git/git/Git/cmd:/mnt/c/app/git/git/Git/mingw64/bin:/mnt/c/app/git/git/Git/usr/bin:/mnt/d/app/Matlab/matlab/runtime/win64:/mnt/d/app/Matlab/matlab/bin:/mnt/c/Program Files/Docker/Docker/resources/bin:/mnt/c/Program Files (x86)/Go/bin:/mnt/c/app/MySQL/MySQL/MySQL Shell 8.0/bin/:/mnt/c/Users/xc/AppData/Local/Microsoft/WindowsApps:/mnt/c/app/vscode/Microsoft VS Code/bin:/mnt/c/app/idea/IntelliJ IDEA Community Edition 2025.1.1.1/bin:/mnt/c/Program Files/nvm:/mnt/c/nvm4w/nodejs:/mnt/b/app/anaconda:/mnt/b/app/anaconda/Scripts:/mnt/b/app/anaconda/Library/bin:/mnt/b/opencv/opencv/build/x64/vc16/bin:/mnt/c/Users/xc/.dotnet/tools:/mnt/c/Users/xc/AppData/Local/Programs/Ollama:/mnt/c/Users/xc/.local/bin/:/mnt/c/Users/xc/go/bin:/snap/bin:/home/xc2204/.vscode-server/extensions/ms-python.debugpy-2026.6.0-linux-x64/bundled/scripts/noConfigScripts', 'XDG_RUNTIME_DIR': '/run/user/1000/', 'DISPLAY': ':0', 'VSCODE_DEBUGPY_ADAPTER_ENDPOINTS': '/home/xc2204/.vscode-server/extensions/ms-python.debugpy-2026.6.0-linux-x64/.noConfigDebugAdapterEndpoints/endpoint-fe672440baee17d7.txt', 'LANG': 'C.UTF-8', 'PYTHONSTARTUP': '/home/xc2204/.vscode-server/data/User/workspaceStorage/edf733d14958791d67cbdcdbb8519592/ms-python.python/pythonrc.py', 'LS_COLORS': 'rs=0:di=01;34:ln=01;36:mh=00:pi=40;33:so=01;35:do=01;35:bd=40;33;01:cd=40;33;01:or=40;31;01:mi=00:su=37;41:sg=30;43:ca=30;41:tw=30;42:ow=34;42:st=37;44:ex=01;32:*.tar=01;31:*.tgz=01;31:*.arc=01;31:*.arj=01;31:*.taz=01;31:*.lha=01;31:*.lz4=01;31:*.lzh=01;31:*.lzma=01;31:*.tlz=01;31:*.txz=01;31:*.tzo=01;31:*.t7z=01;31:*.zip=01;31:*.z=01;31:*.dz=01;31:*.gz=01;31:*.lrz=01;31:*.lz=01;31:*.lzo=01;31:*.xz=01;31:*.zst=01;31:*.tzst=01;31:*.bz2=01;31:*.bz=01;31:*.tbz=01;31:*.tbz2=01;31:*.tz=01;31:*.deb=01;31:*.rpm=01;31:*.jar=01;31:*.war=01;31:*.ear=01;31:*.sar=01;31:*.rar=01;31:*.alz=01;31:*.ace=01;31:*.zoo=01;31:*.cpio=01;31:*.7z=01;31:*.rz=01;31:*.cab=01;31:*.wim=01;31:*.swm=01;31:*.dwm=01;31:*.esd=01;31:*.jpg=01;35:*.jpeg=01;35:*.mjpg=01;35:*.mjpeg=01;35:*.gif=01;35:*.bmp=01;35:*.pbm=01;35:*.pgm=01;35:*.ppm=01;35:*.tga=01;35:*.xbm=01;35:*.xpm=01;35:*.tif=01;35:*.tiff=01;35:*.png=01;35:*.svg=01;35:*.svgz=01;35:*.mng=01;35:*.pcx=01;35:*.mov=01;35:*.mpg=01;35:*.mpeg=01;35:*.m2v=01;35:*.mkv=01;35:*.webm=01;35:*.webp=01;35:*.ogm=01;35:*.mp4=01;35:*.m4v=01;35:*.mp4v=01;35:*.vob=01;35:*.qt=01;35:*.nuv=01;35:*.wmv=01;35:*.asf=01;35:*.rm=01;35:*.rmvb=01;35:*.flc=01;35:*.avi=01;35:*.fli=01;35:*.flv=01;35:*.gl=01;35:*.dl=01;35:*.xcf=01;35:*.xwd=01;35:*.yuv=01;35:*.cgm=01;35:*.emf=01;35:*.ogv=01;35:*.ogx=01;35:*.aac=00;36:*.au=00;36:*.flac=00;36:*.m4a=00;36:*.mid=00;36:*.midi=00;36:*.mka=00;36:*.mp3=00;36:*.mpc=00;36:*.ogg=00;36:*.ra=00;36:*.wav=00;36:*.oga=00;36:*.opus=00;36:*.spx=00;36:*.xspf=00;36:', 'VSCODE_GIT_IPC_HANDLE': '/run/user/1000/vscode-git-0900024275.sock', 'TERM_PROGRAM': 'vscode', 'AMENT_PREFIX_PATH': '/home/xc2204/ros2_new_study/install/TF_study:/home/xc2204/ros2_new_study/src/install/test_pkg:/home/xc2204/ros2_new_study/src/install/pc_stuts:/home/xc2204/ros2_new_study/src/install/msg_interfaces:/home/xc2204/ros2_new_study/src/install/face_detect:/home/xc2204/ros2_new_study/src/install/TF_study:/home/xc2204/ros2_new_study/install/test_pkg:/home/xc2204/ros2_new_study/install/pc_stuts:/home/xc2204/ros2_new_study/install/msg_interfaces:/home/xc2204/ros2_new_study/install/face_detect:/opt/ros/humble', 'SHELL': '/bin/bash', 'LESSCLOSE': '/usr/bin/lesspipe %s %s', 'VSCODE_GIT_ASKPASS_EXTRA_ARGS': '', 'PWD': '/home/xc2204/ros2_new_study/build/test_pkg', 'XDG_DATA_DIRS': '/usr/local/share:/usr/share:/var/lib/snapd/desktop', 'PYTHONPATH': '/home/xc2204/ros2_new_study/build/test_pkg/prefix_override:/usr/lib/python3/dist-packages/colcon_core/task/python/colcon_distutils_commands:/home/xc2204/ros2_new_study/install/test_pkg/lib/python3.10/site-packages:/home/xc2204/ros2_new_study/install/TF_study/lib/python3.10/site-packages:/home/xc2204/ros2_new_study/src/install/test_pkg/lib/python3.10/site-packages:/home/xc2204/ros2_new_study/src/install/pc_stuts/lib/python3.10/site-packages:/home/xc2204/ros2_new_study/src/install/msg_interfaces/local/lib/python3.10/dist-packages:/home/xc2204/ros2_new_study/src/install/face_detect/lib/python3.10/site-packages:/home/xc2204/ros2_new_study/src/install/TF_study/lib/python3.10/site-packages:/home/xc2204/ros2_new_study/install/test_pkg/lib/python3.10/site-packages:/home/xc2204/ros2_new_study/install/pc_stuts/lib/python3.10/site-packages:/home/xc2204/ros2_new_study/install/msg_interfaces/local/lib/python3.10/dist-packages:/home/xc2204/ros2_new_study/install/face_detect/lib/python3.10/site-packages:/opt/ros/humble/lib/python3.10/site-packages:/opt/ros/humble/local/lib/python3.10/dist-packages', 'COLCON': '1', 'WSL2_GUI_APPS_ENABLED': '1', 'HOSTTYPE': 'x86_64', 'CMAKE_PREFIX_PATH': '/home/xc2204/ros2_new_study/install/msg_interfaces:/home/xc2204/ros2_new_study/src/install/msg_interfaces', 'WSLENV': 'VSCODE_WSL_EXT_LOCATION/up'}, 'shell': False}
[1.676403] (pc_stuts) StdoutLine: {'line': b'running egg_info\n'}
[1.677019] (pc_stuts) StdoutLine: {'line': b'writing ../../build/pc_stuts/pc_stuts.egg-info/PKG-INFO\n'}
[1.677455] (pc_stuts) StdoutLine: {'line': b'writing dependency_links to ../../build/pc_stuts/pc_stuts.egg-info/dependency_links.txt\n'}
[1.677717] (pc_stuts) StdoutLine: {'line': b'writing entry points to ../../build/pc_stuts/pc_stuts.egg-info/entry_points.txt\n'}
[1.678018] (pc_stuts) StdoutLine: {'line': b'writing requirements to ../../build/pc_stuts/pc_stuts.egg-info/requires.txt\n'}
[1.678552] (pc_stuts) StdoutLine: {'line': b'writing top-level names to ../../build/pc_stuts/pc_stuts.egg-info/top_level.txt\n'}
[1.679842] (pc_stuts) StdoutLine: {'line': b"reading manifest file '../../build/pc_stuts/pc_stuts.egg-info/SOURCES.txt'\n"}
[1.681542] (pc_stuts) StdoutLine: {'line': b"writing manifest file '../../build/pc_stuts/pc_stuts.egg-info/SOURCES.txt'\n"}
[1.681700] (pc_stuts) StdoutLine: {'line': b'running build\n'}
[1.682096] (pc_stuts) StdoutLine: {'line': b'running build_py\n'}
[1.682303] (pc_stuts) StdoutLine: {'line': b'running install\n'}
[1.682532] (pc_stuts) StdoutLine: {'line': b'running install_lib\n'}
[1.683949] (pc_stuts) StdoutLine: {'line': b'running install_data\n'}
[1.684120] (pc_stuts) StdoutLine: {'line': b'running install_egg_info\n'}
[1.685676] (pc_stuts) StdoutLine: {'line': b"removing '/home/xc2204/ros2_new_study/install/pc_stuts/lib/python3.10/site-packages/pc_stuts-0.0.0-py3.10.egg-info' (and everything under it)\n"}
[1.685935] (pc_stuts) StdoutLine: {'line': b'Copying ../../build/pc_stuts/pc_stuts.egg-info to /home/xc2204/ros2_new_study/install/pc_stuts/lib/python3.10/site-packages/pc_stuts-0.0.0-py3.10.egg-info\n'}
[1.687142] (pc_stuts) StdoutLine: {'line': b'running install_scripts\n'}
[1.706657] (pc_stuts) StdoutLine: {'line': b'Installing qt_ui script to /home/xc2204/ros2_new_study/install/pc_stuts/lib/pc_stuts\n'}
[1.706950] (pc_stuts) StdoutLine: {'line': b'Installing stuts_pub script to /home/xc2204/ros2_new_study/install/pc_stuts/lib/pc_stuts\n'}
[1.707092] (pc_stuts) StdoutLine: {'line': b'Installing stuts_sub script to /home/xc2204/ros2_new_study/install/pc_stuts/lib/pc_stuts\n'}
[1.707291] (pc_stuts) StdoutLine: {'line': b"writing list of installed files to '/home/xc2204/ros2_new_study/build/pc_stuts/install.log'\n"}
[1.724472] (-) TimerEvent: {}
[1.728959] (pc_stuts) CommandEnded: {'returncode': 0}
[1.736521] (pc_stuts) JobEnded: {'identifier': 'pc_stuts', 'rc': 0}
[1.825015] (-) TimerEvent: {}
[1.879680] (test_pkg) StdoutLine: {'line': b'running egg_info\n'}
[1.880313] (test_pkg) StdoutLine: {'line': b'writing ../../build/test_pkg/test_pkg.egg-info/PKG-INFO\n'}
[1.880603] (test_pkg) StdoutLine: {'line': b'writing dependency_links to ../../build/test_pkg/test_pkg.egg-info/dependency_links.txt\n'}
[1.880924] (test_pkg) StdoutLine: {'line': b'writing entry points to ../../build/test_pkg/test_pkg.egg-info/entry_points.txt\n'}
[1.881154] (test_pkg) StdoutLine: {'line': b'writing requirements to ../../build/test_pkg/test_pkg.egg-info/requires.txt\n'}
[1.881320] (test_pkg) StdoutLine: {'line': b'writing top-level names to ../../build/test_pkg/test_pkg.egg-info/top_level.txt\n'}
[1.882962] (test_pkg) StdoutLine: {'line': b"reading manifest file '../../build/test_pkg/test_pkg.egg-info/SOURCES.txt'\n"}
[1.884360] (test_pkg) StdoutLine: {'line': b"adding license file 'LICENSE'\n"}
[1.885493] (test_pkg) StdoutLine: {'line': b"writing manifest file '../../build/test_pkg/test_pkg.egg-info/SOURCES.txt'\n"}
[1.885792] (test_pkg) StdoutLine: {'line': b'running build\n'}
[1.886093] (test_pkg) StdoutLine: {'line': b'running build_py\n'}
[1.886478] (test_pkg) StdoutLine: {'line': b'running install\n'}
[1.886881] (test_pkg) StdoutLine: {'line': b'running install_lib\n'}
[1.889319] (test_pkg) StdoutLine: {'line': b'running install_data\n'}
[1.889615] (test_pkg) StdoutLine: {'line': b'running install_egg_info\n'}
[1.891292] (test_pkg) StdoutLine: {'line': b"removing '/home/xc2204/ros2_new_study/install/test_pkg/lib/python3.10/site-packages/test_pkg-0.0.0-py3.10.egg-info' (and everything under it)\n"}
[1.892423] (test_pkg) StdoutLine: {'line': b'Copying ../../build/test_pkg/test_pkg.egg-info to /home/xc2204/ros2_new_study/install/test_pkg/lib/python3.10/site-packages/test_pkg-0.0.0-py3.10.egg-info\n'}
[1.894261] (test_pkg) StdoutLine: {'line': b'running install_scripts\n'}
[1.912579] (test_pkg) StdoutLine: {'line': b'Installing download_node script to /home/xc2204/ros2_new_study/install/test_pkg/lib/test_pkg\n'}
[1.913076] (test_pkg) StdoutLine: {'line': b'Installing name_node script to /home/xc2204/ros2_new_study/install/test_pkg/lib/test_pkg\n'}
[1.913272] (test_pkg) StdoutLine: {'line': b'Installing publisher_node script to /home/xc2204/ros2_new_study/install/test_pkg/lib/test_pkg\n'}
[1.913328] (test_pkg) StdoutLine: {'line': b'Installing subscriber_node script to /home/xc2204/ros2_new_study/install/test_pkg/lib/test_pkg\n'}
[1.913364] (test_pkg) StdoutLine: {'line': b"writing list of installed files to '/home/xc2204/ros2_new_study/build/test_pkg/install.log'\n"}
[1.926083] (-) TimerEvent: {}
[1.938753] (test_pkg) CommandEnded: {'returncode': 0}
[1.945999] (test_pkg) JobEnded: {'identifier': 'test_pkg', 'rc': 0}
[1.947398] (-) EventReactorShutdown: {}
