[0.000000] (-) TimerEvent: {}
[0.000598] (face_detect) JobQueued: {'identifier': 'face_detect', 'dependencies': OrderedDict()}
[0.000665] (msg_interfaces) JobQueued: {'identifier': 'msg_interfaces', 'dependencies': OrderedDict()}
[0.000703] (pc_stuts) JobQueued: {'identifier': 'pc_stuts', 'dependencies': OrderedDict([('msg_interfaces', '/home/xc2204/ros2_new_study/install/msg_interfaces')])}
[0.000740] (test_pkg) JobQueued: {'identifier': 'test_pkg', 'dependencies': OrderedDict([('msg_interfaces', '/home/xc2204/ros2_new_study/install/msg_interfaces')])}
[0.000774] (msg_interfaces) JobStarted: {'identifier': 'msg_interfaces'}
[0.012189] (face_detect) JobStarted: {'identifier': 'face_detect'}
[0.021174] (msg_interfaces) JobProgress: {'identifier': 'msg_interfaces', 'progress': 'cmake'}
[0.022953] (msg_interfaces) Command: {'cmd': ['/usr/bin/cmake', '/home/xc2204/ros2_new_study/src/msg_interfaces', '-DCMAKE_INSTALL_PREFIX=/home/xc2204/ros2_new_study/install/msg_interfaces'], 'cwd': '/home/xc2204/ros2_new_study/build/msg_interfaces', 'env': OrderedDict([('PYTHON_BASIC_REPL', '1'), ('LESSOPEN', '| /usr/bin/lesspipe %s'), ('USER', 'xc2204'), ('GIT_ASKPASS', '/home/xc2204/.vscode-server/bin/f6cfa2ea2403534de03f069bdf160d06451ed282/extensions/git/dist/askpass.sh'), ('SHLVL', '1'), ('RCUTILS_CONSOLE_OUTPUT_FORMAT', '[{function_name}:{line_number}]: {message}'), ('LD_LIBRARY_PATH', '/home/xc2204/ros2_new_study/install/msg_interfaces/lib:/usr/lib/x86_64-linux-gnu/gazebo-11/plugins:/opt/ros/humble/opt/rviz_ogre_vendor/lib:/opt/ros/humble/lib/x86_64-linux-gnu:/opt/ros/humble/lib'), ('MOTD_SHOWN', 'update-motd'), ('HOME', '/home/xc2204'), ('OLDPWD', '/home/xc2204/ros2_new_study/src'), ('TERM_PROGRAM_VERSION', '1.121.0'), ('VSCODE_IPC_HOOK_CLI', '/run/user/1000/vscode-ipc-88d29027-1a0e-4c95-88b0-4d70352ec398.sock'), ('ROS_PYTHON_VERSION', '3'), ('VSCODE_GIT_ASKPASS_MAIN', '/home/xc2204/.vscode-server/bin/f6cfa2ea2403534de03f069bdf160d06451ed282/extensions/git/dist/askpass-main.js'), ('VSCODE_GIT_ASKPASS_NODE', '/home/xc2204/.vscode-server/bin/f6cfa2ea2403534de03f069bdf160d06451ed282/node'), ('PYDEVD_DISABLE_FILE_VALIDATION', '1'), ('BUNDLED_DEBUGPY_PATH', '/home/xc2204/.vscode-server/extensions/ms-python.debugpy-2026.6.0-linux-x64/bundled/libs/debugpy'), ('VSCODE_PYTHON_AUTOACTIVATE_GUARD', '1'), ('DBUS_SESSION_BUS_ADDRESS', 'unix:path=/run/user/1000/bus'), ('COLORTERM', 'truecolor'), ('WSL_DISTRO_NAME', 'Ubuntu-22.04'), ('WAYLAND_DISPLAY', 'wayland-0'), ('COLCON_PREFIX_PATH', '/home/xc2204/ros2_new_study/install'), ('ROS_DISTRO', 'humble'), ('LOGNAME', 'xc2204'), ('NAME', 'DESKTOP-LOL67EV'), ('WSL_INTEROP', '/run/WSL/444_interop'), ('PULSE_SERVER', 'unix:/mnt/wslg/PulseServer'), ('_', '/usr/bin/colcon'), ('ROS_VERSION', '2'), ('TERM', 'xterm-256color'), ('ROS_LOCALHOST_ONLY', '0'), ('PATH', '/home/xc2204/.local/bin:/home/xc2204/.vscode-server/data/User/globalStorage/github.copilot-chat/debugCommand:/home/xc2204/.vscode-server/data/User/globalStorage/github.copilot-chat/copilotCli:/home/xc2204/.vscode-server/bin/f6cfa2ea2403534de03f069bdf160d06451ed282/bin/remote-cli:/home/xc2204/.local/bin:/home/xc2204/.local/bin:/opt/ros/humble/bin:/usr/local/sbin:/usr/local/bin:/usr/sbin:/usr/bin:/sbin:/bin:/usr/games:/usr/local/games:/usr/lib/wsl/lib:/mnt/c/app/vmware station/bin/:/mnt/c/app/python3.13.2/Scripts/:/mnt/c/app/python3.13.2/:/mnt/c/WINDOWS/system32:/mnt/c/WINDOWS:/mnt/c/WINDOWS/System32/Wbem:/mnt/c/WINDOWS/System32/WindowsPowerShell/v1.0/:/mnt/c/WINDOWS/System32/OpenSSH/:/mnt/c/Users/Administrator/AppData/Local/Microsoft/WindowsApps:/mnt/c/Recovery/OEM/Backup/:/mnt/c/Program Files/dotnet/:/mnt/c/Program Files (x86)/NVIDIA Corporation/PhysX/Common:/mnt/c/Windows Kits/10/Windows Performance Toolkit/:/mnt/c/WINDOWS/system32:/mnt/c/WINDOWS:/mnt/c/WINDOWS/System32/Wbem:/mnt/c/WINDOWS/System32/WindowsPowerShell/v1.0/:/mnt/c/WINDOWS/System32/OpenSSH/:/mnt/c/app/MySQL/MySQL/MySQL Server 8.0/bin:/mnt/c/Program Files/nvm:/mnt/c/nvm4w/nodejs:/mnt/c/ProgramData/chocolatey/bin:/mnt/c/Program Files/nvm/v16.18.0:/mnt/c/app/web_study/Java11.0.30/bin:/mnt/c/Program Files (x86)/Microsoft SQL Server/160/Tools/Binn/:/mnt/c/Program Files/Microsoft SQL Server/160/Tools/Binn/:/mnt/c/Program Files/Microsoft SQL Server/Client SDK/ODBC/170/Tools/Binn/:/mnt/c/Program Files/Microsoft SQL Server/160/DTS/Binn/:/mnt/c/Program Files (x86)/Windows Kits/8.1/Windows Performance Toolkit/:/mnt/c/Program Files/NVIDIA Corporation/NVIDIA App/NvDLISR:/mnt/c/app/git/git/Git/cmd:/mnt/c/app/git/git/Git/mingw64/bin:/mnt/c/app/git/git/Git/usr/bin:/mnt/d/app/Matlab/matlab/runtime/win64:/mnt/d/app/Matlab/matlab/bin:/mnt/c/Program Files/Docker/Docker/resources/bin:/mnt/c/Program Files (x86)/Go/bin:/mnt/c/app/MySQL/MySQL/MySQL Shell 8.0/bin/:/mnt/c/Users/xc/AppData/Local/Microsoft/WindowsApps:/mnt/c/app/vscode/Microsoft VS Code/bin:/mnt/c/app/idea/IntelliJ IDEA Community Edition 2025.1.1.1/bin:/mnt/c/Program Files/nvm:/mnt/c/nvm4w/nodejs:/mnt/b/app/anaconda:/mnt/b/app/anaconda/Scripts:/mnt/b/app/anaconda/Library/bin:/mnt/b/opencv/opencv/build/x64/vc16/bin:/mnt/c/Users/xc/.dotnet/tools:/mnt/c/Users/xc/AppData/Local/Programs/Ollama:/mnt/c/Users/xc/.local/bin/:/mnt/c/Users/xc/go/bin:/snap/bin:/home/xc2204/.vscode-server/extensions/ms-python.debugpy-2026.6.0-linux-x64/bundled/scripts/noConfigScripts'), ('XDG_RUNTIME_DIR', '/run/user/1000/'), ('DISPLAY', ':0'), ('VSCODE_DEBUGPY_ADAPTER_ENDPOINTS', '/home/xc2204/.vscode-server/extensions/ms-python.debugpy-2026.6.0-linux-x64/.noConfigDebugAdapterEndpoints/endpoint-62e707d203d127ef.txt'), ('LANG', 'C.UTF-8'), ('PYTHONSTARTUP', '/home/xc2204/.vscode-server/data/User/workspaceStorage/edf733d14958791d67cbdcdbb8519592/ms-python.python/pythonrc.py'), ('LS_COLORS', 'rs=0:di=01;34:ln=01;36:mh=00:pi=40;33:so=01;35:do=01;35:bd=40;33;01:cd=40;33;01:or=40;31;01:mi=00:su=37;41:sg=30;43:ca=30;41:tw=30;42:ow=34;42:st=37;44:ex=01;32:*.tar=01;31:*.tgz=01;31:*.arc=01;31:*.arj=01;31:*.taz=01;31:*.lha=01;31:*.lz4=01;31:*.lzh=01;31:*.lzma=01;31:*.tlz=01;31:*.txz=01;31:*.tzo=01;31:*.t7z=01;31:*.zip=01;31:*.z=01;31:*.dz=01;31:*.gz=01;31:*.lrz=01;31:*.lz=01;31:*.lzo=01;31:*.xz=01;31:*.zst=01;31:*.tzst=01;31:*.bz2=01;31:*.bz=01;31:*.tbz=01;31:*.tbz2=01;31:*.tz=01;31:*.deb=01;31:*.rpm=01;31:*.jar=01;31:*.war=01;31:*.ear=01;31:*.sar=01;31:*.rar=01;31:*.alz=01;31:*.ace=01;31:*.zoo=01;31:*.cpio=01;31:*.7z=01;31:*.rz=01;31:*.cab=01;31:*.wim=01;31:*.swm=01;31:*.dwm=01;31:*.esd=01;31:*.jpg=01;35:*.jpeg=01;35:*.mjpg=01;35:*.mjpeg=01;35:*.gif=01;35:*.bmp=01;35:*.pbm=01;35:*.pgm=01;35:*.ppm=01;35:*.tga=01;35:*.xbm=01;35:*.xpm=01;35:*.tif=01;35:*.tiff=01;35:*.png=01;35:*.svg=01;35:*.svgz=01;35:*.mng=01;35:*.pcx=01;35:*.mov=01;35:*.mpg=01;35:*.mpeg=01;35:*.m2v=01;35:*.mkv=01;35:*.webm=01;35:*.webp=01;35:*.ogm=01;35:*.mp4=01;35:*.m4v=01;35:*.mp4v=01;35:*.vob=01;35:*.qt=01;35:*.nuv=01;35:*.wmv=01;35:*.asf=01;35:*.rm=01;35:*.rmvb=01;35:*.flc=01;35:*.avi=01;35:*.fli=01;35:*.flv=01;35:*.gl=01;35:*.dl=01;35:*.xcf=01;35:*.xwd=01;35:*.yuv=01;35:*.cgm=01;35:*.emf=01;35:*.ogv=01;35:*.ogx=01;35:*.aac=00;36:*.au=00;36:*.flac=00;36:*.m4a=00;36:*.mid=00;36:*.midi=00;36:*.mka=00;36:*.mp3=00;36:*.mpc=00;36:*.ogg=00;36:*.ra=00;36:*.wav=00;36:*.oga=00;36:*.opus=00;36:*.spx=00;36:*.xspf=00;36:'), ('VSCODE_GIT_IPC_HANDLE', '/run/user/1000/vscode-git-0900024275.sock'), ('TERM_PROGRAM', 'vscode'), ('AMENT_PREFIX_PATH', '/home/xc2204/ros2_new_study/install/test_pkg:/home/xc2204/ros2_new_study/install/pc_stuts:/home/xc2204/ros2_new_study/install/msg_interfaces:/home/xc2204/ros2_new_study/install/face_detect:/opt/ros/humble'), ('SHELL', '/bin/bash'), ('LESSCLOSE', '/usr/bin/lesspipe %s %s'), ('VSCODE_GIT_ASKPASS_EXTRA_ARGS', ''), ('PWD', '/home/xc2204/ros2_new_study/build/msg_interfaces'), ('XDG_DATA_DIRS', '/usr/local/share:/usr/share:/var/lib/snapd/desktop'), ('PYTHONPATH', '/home/xc2204/ros2_new_study/install/test_pkg/lib/python3.10/site-packages:/home/xc2204/ros2_new_study/install/pc_stuts/lib/python3.10/site-packages:/home/xc2204/ros2_new_study/install/msg_interfaces/local/lib/python3.10/dist-packages:/home/xc2204/ros2_new_study/install/face_detect/lib/python3.10/site-packages:/opt/ros/humble/lib/python3.10/site-packages:/opt/ros/humble/local/lib/python3.10/dist-packages'), ('COLCON', '1'), ('WSL2_GUI_APPS_ENABLED', '1'), ('HOSTTYPE', 'x86_64'), ('CMAKE_PREFIX_PATH', '/home/xc2204/ros2_new_study/install/msg_interfaces:/home/xc2204/ros2_new_study/install/test_pkg:/home/xc2204/ros2_new_study/install/pc_stuts:/home/xc2204/ros2_new_study/install/face_detect:/opt/ros/humble'), ('WSLENV', 'VSCODE_WSL_EXT_LOCATION/up')]), 'shell': False}
[0.099464] (-) TimerEvent: {}
[0.199897] (-) TimerEvent: {}
[0.300256] (-) TimerEvent: {}
[0.394458] (msg_interfaces) StdoutLine: {'line': b'-- The C compiler identification is GNU 11.4.0\n'}
[0.400376] (-) TimerEvent: {}
[0.500691] (-) TimerEvent: {}
[0.600995] (-) TimerEvent: {}
[0.699201] (face_detect) Command: {'cmd': ['/usr/bin/python3', '-W', 'ignore:setup.py install is deprecated', '-W', 'ignore:easy_install command is deprecated', 'setup.py', 'egg_info', '--egg-base', '../../build/face_detect', 'build', '--build-base', '/home/xc2204/ros2_new_study/build/face_detect/build', 'install', '--record', '/home/xc2204/ros2_new_study/build/face_detect/install.log', '--single-version-externally-managed', 'install_data'], 'cwd': '/home/xc2204/ros2_new_study/src/face_detect', 'env': {'PYTHON_BASIC_REPL': '1', 'LESSOPEN': '| /usr/bin/lesspipe %s', 'USER': 'xc2204', 'GIT_ASKPASS': '/home/xc2204/.vscode-server/bin/f6cfa2ea2403534de03f069bdf160d06451ed282/extensions/git/dist/askpass.sh', 'SHLVL': '1', 'RCUTILS_CONSOLE_OUTPUT_FORMAT': '[{function_name}:{line_number}]: {message}', 'LD_LIBRARY_PATH': '/home/xc2204/ros2_new_study/install/msg_interfaces/lib:/usr/lib/x86_64-linux-gnu/gazebo-11/plugins:/opt/ros/humble/opt/rviz_ogre_vendor/lib:/opt/ros/humble/lib/x86_64-linux-gnu:/opt/ros/humble/lib', 'MOTD_SHOWN': 'update-motd', 'HOME': '/home/xc2204', 'OLDPWD': '/home/xc2204/ros2_new_study/src', 'TERM_PROGRAM_VERSION': '1.121.0', 'VSCODE_IPC_HOOK_CLI': '/run/user/1000/vscode-ipc-88d29027-1a0e-4c95-88b0-4d70352ec398.sock', 'ROS_PYTHON_VERSION': '3', 'VSCODE_GIT_ASKPASS_MAIN': '/home/xc2204/.vscode-server/bin/f6cfa2ea2403534de03f069bdf160d06451ed282/extensions/git/dist/askpass-main.js', 'VSCODE_GIT_ASKPASS_NODE': '/home/xc2204/.vscode-server/bin/f6cfa2ea2403534de03f069bdf160d06451ed282/node', 'PYDEVD_DISABLE_FILE_VALIDATION': '1', 'BUNDLED_DEBUGPY_PATH': '/home/xc2204/.vscode-server/extensions/ms-python.debugpy-2026.6.0-linux-x64/bundled/libs/debugpy', 'VSCODE_PYTHON_AUTOACTIVATE_GUARD': '1', 'DBUS_SESSION_BUS_ADDRESS': 'unix:path=/run/user/1000/bus', 'COLORTERM': 'truecolor', 'WSL_DISTRO_NAME': 'Ubuntu-22.04', 'WAYLAND_DISPLAY': 'wayland-0', 'COLCON_PREFIX_PATH': '/home/xc2204/ros2_new_study/install', 'ROS_DISTRO': 'humble', 'LOGNAME': 'xc2204', 'NAME': 'DESKTOP-LOL67EV', 'WSL_INTEROP': '/run/WSL/444_interop', 'PULSE_SERVER': 'unix:/mnt/wslg/PulseServer', '_': '/usr/bin/colcon', 'ROS_VERSION': '2', 'TERM': 'xterm-256color', 'ROS_LOCALHOST_ONLY': '0', 'PATH': '/home/xc2204/.local/bin:/home/xc2204/.vscode-server/data/User/globalStorage/github.copilot-chat/debugCommand:/home/xc2204/.vscode-server/data/User/globalStorage/github.copilot-chat/copilotCli:/home/xc2204/.vscode-server/bin/f6cfa2ea2403534de03f069bdf160d06451ed282/bin/remote-cli:/home/xc2204/.local/bin:/home/xc2204/.local/bin:/opt/ros/humble/bin:/usr/local/sbin:/usr/local/bin:/usr/sbin:/usr/bin:/sbin:/bin:/usr/games:/usr/local/games:/usr/lib/wsl/lib:/mnt/c/app/vmware station/bin/:/mnt/c/app/python3.13.2/Scripts/:/mnt/c/app/python3.13.2/:/mnt/c/WINDOWS/system32:/mnt/c/WINDOWS:/mnt/c/WINDOWS/System32/Wbem:/mnt/c/WINDOWS/System32/WindowsPowerShell/v1.0/:/mnt/c/WINDOWS/System32/OpenSSH/:/mnt/c/Users/Administrator/AppData/Local/Microsoft/WindowsApps:/mnt/c/Recovery/OEM/Backup/:/mnt/c/Program Files/dotnet/:/mnt/c/Program Files (x86)/NVIDIA Corporation/PhysX/Common:/mnt/c/Windows Kits/10/Windows Performance Toolkit/:/mnt/c/WINDOWS/system32:/mnt/c/WINDOWS:/mnt/c/WINDOWS/System32/Wbem:/mnt/c/WINDOWS/System32/WindowsPowerShell/v1.0/:/mnt/c/WINDOWS/System32/OpenSSH/:/mnt/c/app/MySQL/MySQL/MySQL Server 8.0/bin:/mnt/c/Program Files/nvm:/mnt/c/nvm4w/nodejs:/mnt/c/ProgramData/chocolatey/bin:/mnt/c/Program Files/nvm/v16.18.0:/mnt/c/app/web_study/Java11.0.30/bin:/mnt/c/Program Files (x86)/Microsoft SQL Server/160/Tools/Binn/:/mnt/c/Program Files/Microsoft SQL Server/160/Tools/Binn/:/mnt/c/Program Files/Microsoft SQL Server/Client SDK/ODBC/170/Tools/Binn/:/mnt/c/Program Files/Microsoft SQL Server/160/DTS/Binn/:/mnt/c/Program Files (x86)/Windows Kits/8.1/Windows Performance Toolkit/:/mnt/c/Program Files/NVIDIA Corporation/NVIDIA App/NvDLISR:/mnt/c/app/git/git/Git/cmd:/mnt/c/app/git/git/Git/mingw64/bin:/mnt/c/app/git/git/Git/usr/bin:/mnt/d/app/Matlab/matlab/runtime/win64:/mnt/d/app/Matlab/matlab/bin:/mnt/c/Program Files/Docker/Docker/resources/bin:/mnt/c/Program Files (x86)/Go/bin:/mnt/c/app/MySQL/MySQL/MySQL Shell 8.0/bin/:/mnt/c/Users/xc/AppData/Local/Microsoft/WindowsApps:/mnt/c/app/vscode/Microsoft VS Code/bin:/mnt/c/app/idea/IntelliJ IDEA Community Edition 2025.1.1.1/bin:/mnt/c/Program Files/nvm:/mnt/c/nvm4w/nodejs:/mnt/b/app/anaconda:/mnt/b/app/anaconda/Scripts:/mnt/b/app/anaconda/Library/bin:/mnt/b/opencv/opencv/build/x64/vc16/bin:/mnt/c/Users/xc/.dotnet/tools:/mnt/c/Users/xc/AppData/Local/Programs/Ollama:/mnt/c/Users/xc/.local/bin/:/mnt/c/Users/xc/go/bin:/snap/bin:/home/xc2204/.vscode-server/extensions/ms-python.debugpy-2026.6.0-linux-x64/bundled/scripts/noConfigScripts', 'XDG_RUNTIME_DIR': '/run/user/1000/', 'DISPLAY': ':0', 'VSCODE_DEBUGPY_ADAPTER_ENDPOINTS': '/home/xc2204/.vscode-server/extensions/ms-python.debugpy-2026.6.0-linux-x64/.noConfigDebugAdapterEndpoints/endpoint-62e707d203d127ef.txt', 'LANG': 'C.UTF-8', 'PYTHONSTARTUP': '/home/xc2204/.vscode-server/data/User/workspaceStorage/edf733d14958791d67cbdcdbb8519592/ms-python.python/pythonrc.py', 'LS_COLORS': 'rs=0:di=01;34:ln=01;36:mh=00:pi=40;33:so=01;35:do=01;35:bd=40;33;01:cd=40;33;01:or=40;31;01:mi=00:su=37;41:sg=30;43:ca=30;41:tw=30;42:ow=34;42:st=37;44:ex=01;32:*.tar=01;31:*.tgz=01;31:*.arc=01;31:*.arj=01;31:*.taz=01;31:*.lha=01;31:*.lz4=01;31:*.lzh=01;31:*.lzma=01;31:*.tlz=01;31:*.txz=01;31:*.tzo=01;31:*.t7z=01;31:*.zip=01;31:*.z=01;31:*.dz=01;31:*.gz=01;31:*.lrz=01;31:*.lz=01;31:*.lzo=01;31:*.xz=01;31:*.zst=01;31:*.tzst=01;31:*.bz2=01;31:*.bz=01;31:*.tbz=01;31:*.tbz2=01;31:*.tz=01;31:*.deb=01;31:*.rpm=01;31:*.jar=01;31:*.war=01;31:*.ear=01;31:*.sar=01;31:*.rar=01;31:*.alz=01;31:*.ace=01;31:*.zoo=01;31:*.cpio=01;31:*.7z=01;31:*.rz=01;31:*.cab=01;31:*.wim=01;31:*.swm=01;31:*.dwm=01;31:*.esd=01;31:*.jpg=01;35:*.jpeg=01;35:*.mjpg=01;35:*.mjpeg=01;35:*.gif=01;35:*.bmp=01;35:*.pbm=01;35:*.pgm=01;35:*.ppm=01;35:*.tga=01;35:*.xbm=01;35:*.xpm=01;35:*.tif=01;35:*.tiff=01;35:*.png=01;35:*.svg=01;35:*.svgz=01;35:*.mng=01;35:*.pcx=01;35:*.mov=01;35:*.mpg=01;35:*.mpeg=01;35:*.m2v=01;35:*.mkv=01;35:*.webm=01;35:*.webp=01;35:*.ogm=01;35:*.mp4=01;35:*.m4v=01;35:*.mp4v=01;35:*.vob=01;35:*.qt=01;35:*.nuv=01;35:*.wmv=01;35:*.asf=01;35:*.rm=01;35:*.rmvb=01;35:*.flc=01;35:*.avi=01;35:*.fli=01;35:*.flv=01;35:*.gl=01;35:*.dl=01;35:*.xcf=01;35:*.xwd=01;35:*.yuv=01;35:*.cgm=01;35:*.emf=01;35:*.ogv=01;35:*.ogx=01;35:*.aac=00;36:*.au=00;36:*.flac=00;36:*.m4a=00;36:*.mid=00;36:*.midi=00;36:*.mka=00;36:*.mp3=00;36:*.mpc=00;36:*.ogg=00;36:*.ra=00;36:*.wav=00;36:*.oga=00;36:*.opus=00;36:*.spx=00;36:*.xspf=00;36:', 'VSCODE_GIT_IPC_HANDLE': '/run/user/1000/vscode-git-0900024275.sock', 'TERM_PROGRAM': 'vscode', 'AMENT_PREFIX_PATH': '/home/xc2204/ros2_new_study/install/test_pkg:/home/xc2204/ros2_new_study/install/pc_stuts:/home/xc2204/ros2_new_study/install/msg_interfaces:/home/xc2204/ros2_new_study/install/face_detect:/opt/ros/humble', 'SHELL': '/bin/bash', 'LESSCLOSE': '/usr/bin/lesspipe %s %s', 'VSCODE_GIT_ASKPASS_EXTRA_ARGS': '', 'PWD': '/home/xc2204/ros2_new_study/build/face_detect', 'XDG_DATA_DIRS': '/usr/local/share:/usr/share:/var/lib/snapd/desktop', 'PYTHONPATH': '/home/xc2204/ros2_new_study/build/face_detect/prefix_override:/usr/lib/python3/dist-packages/colcon_core/task/python/colcon_distutils_commands:/home/xc2204/ros2_new_study/install/face_detect/lib/python3.10/site-packages:/home/xc2204/ros2_new_study/install/test_pkg/lib/python3.10/site-packages:/home/xc2204/ros2_new_study/install/pc_stuts/lib/python3.10/site-packages:/home/xc2204/ros2_new_study/install/msg_interfaces/local/lib/python3.10/dist-packages:/home/xc2204/ros2_new_study/install/face_detect/lib/python3.10/site-packages:/opt/ros/humble/lib/python3.10/site-packages:/opt/ros/humble/local/lib/python3.10/dist-packages', 'COLCON': '1', 'WSL2_GUI_APPS_ENABLED': '1', 'HOSTTYPE': 'x86_64', 'CMAKE_PREFIX_PATH': '/home/xc2204/ros2_new_study/install/msg_interfaces', 'WSLENV': 'VSCODE_WSL_EXT_LOCATION/up'}, 'shell': False}
[0.701073] (-) TimerEvent: {}
[0.801337] (-) TimerEvent: {}
[0.893364] (face_detect) StdoutLine: {'line': b'running egg_info\n'}
[0.893863] (face_detect) StdoutLine: {'line': b'creating ../../build/face_detect/face_detect.egg-info\n'}
[0.894188] (face_detect) StdoutLine: {'line': b'writing ../../build/face_detect/face_detect.egg-info/PKG-INFO\n'}
[0.894483] (face_detect) StdoutLine: {'line': b'writing dependency_links to ../../build/face_detect/face_detect.egg-info/dependency_links.txt\n'}
[0.894677] (face_detect) StdoutLine: {'line': b'writing entry points to ../../build/face_detect/face_detect.egg-info/entry_points.txt\n'}
[0.894819] (face_detect) StdoutLine: {'line': b'writing requirements to ../../build/face_detect/face_detect.egg-info/requires.txt\n'}
[0.894891] (face_detect) StdoutLine: {'line': b'writing top-level names to ../../build/face_detect/face_detect.egg-info/top_level.txt\n'}
[0.895034] (face_detect) StdoutLine: {'line': b"writing manifest file '../../build/face_detect/face_detect.egg-info/SOURCES.txt'\n"}
[0.896327] (face_detect) StdoutLine: {'line': b"reading manifest file '../../build/face_detect/face_detect.egg-info/SOURCES.txt'\n"}
[0.897456] (face_detect) StdoutLine: {'line': b"writing manifest file '../../build/face_detect/face_detect.egg-info/SOURCES.txt'\n"}
[0.897756] (face_detect) StdoutLine: {'line': b'running build\n'}
[0.897996] (face_detect) StdoutLine: {'line': b'running build_py\n'}
[0.898067] (face_detect) StdoutLine: {'line': b'creating /home/xc2204/ros2_new_study/build/face_detect/build\n'}
[0.898397] (face_detect) StdoutLine: {'line': b'creating /home/xc2204/ros2_new_study/build/face_detect/build/lib\n'}
[0.898575] (face_detect) StdoutLine: {'line': b'creating /home/xc2204/ros2_new_study/build/face_detect/build/lib/face_detect\n'}
[0.898743] (face_detect) StdoutLine: {'line': b'copying face_detect/srv_face_detect.py -> /home/xc2204/ros2_new_study/build/face_detect/build/lib/face_detect\n'}
[0.898863] (face_detect) StdoutLine: {'line': b'copying face_detect/video_detect.py -> /home/xc2204/ros2_new_study/build/face_detect/build/lib/face_detect\n'}
[0.898991] (face_detect) StdoutLine: {'line': b'copying face_detect/client_face_detect.py -> /home/xc2204/ros2_new_study/build/face_detect/build/lib/face_detect\n'}
[0.899110] (face_detect) StdoutLine: {'line': b'copying face_detect/__init__.py -> /home/xc2204/ros2_new_study/build/face_detect/build/lib/face_detect\n'}
[0.899336] (face_detect) StdoutLine: {'line': b'running install\n'}
[0.899599] (face_detect) StdoutLine: {'line': b'running install_lib\n'}
[0.900399] (face_detect) StdoutLine: {'line': b'creating /home/xc2204/ros2_new_study/install/face_detect/lib/python3.10/site-packages/face_detect\n'}
[0.900607] (face_detect) StdoutLine: {'line': b'copying /home/xc2204/ros2_new_study/build/face_detect/build/lib/face_detect/srv_face_detect.py -> /home/xc2204/ros2_new_study/install/face_detect/lib/python3.10/site-packages/face_detect\n'}
[0.900814] (face_detect) StdoutLine: {'line': b'copying /home/xc2204/ros2_new_study/build/face_detect/build/lib/face_detect/video_detect.py -> /home/xc2204/ros2_new_study/install/face_detect/lib/python3.10/site-packages/face_detect\n'}
[0.900945] (face_detect) StdoutLine: {'line': b'copying /home/xc2204/ros2_new_study/build/face_detect/build/lib/face_detect/client_face_detect.py -> /home/xc2204/ros2_new_study/install/face_detect/lib/python3.10/site-packages/face_detect\n'}
[0.900984] (face_detect) StdoutLine: {'line': b'copying /home/xc2204/ros2_new_study/build/face_detect/build/lib/face_detect/__init__.py -> /home/xc2204/ros2_new_study/install/face_detect/lib/python3.10/site-packages/face_detect\n'}
[0.901273] (face_detect) StdoutLine: {'line': b'byte-compiling /home/xc2204/ros2_new_study/install/face_detect/lib/python3.10/site-packages/face_detect/srv_face_detect.py to srv_face_detect.cpython-310.pyc\n'}
[0.901338] (-) TimerEvent: {}
[0.902139] (face_detect) StdoutLine: {'line': b'byte-compiling /home/xc2204/ros2_new_study/install/face_detect/lib/python3.10/site-packages/face_detect/video_detect.py to video_detect.cpython-310.pyc\n'}
[0.903516] (face_detect) StdoutLine: {'line': b'byte-compiling /home/xc2204/ros2_new_study/install/face_detect/lib/python3.10/site-packages/face_detect/client_face_detect.py to client_face_detect.cpython-310.pyc\n'}
[0.903907] (face_detect) StdoutLine: {'line': b'byte-compiling /home/xc2204/ros2_new_study/install/face_detect/lib/python3.10/site-packages/face_detect/__init__.py to __init__.cpython-310.pyc\n'}
[0.904133] (face_detect) StdoutLine: {'line': b'running install_data\n'}
[0.904282] (face_detect) StdoutLine: {'line': b'creating /home/xc2204/ros2_new_study/install/face_detect/share/ament_index\n'}
[0.904528] (face_detect) StdoutLine: {'line': b'creating /home/xc2204/ros2_new_study/install/face_detect/share/ament_index/resource_index\n'}
[0.904771] (face_detect) StdoutLine: {'line': b'creating /home/xc2204/ros2_new_study/install/face_detect/share/ament_index/resource_index/packages\n'}
[0.904921] (face_detect) StdoutLine: {'line': b'copying resource/face_detect -> /home/xc2204/ros2_new_study/install/face_detect/share/ament_index/resource_index/packages\n'}
[0.904995] (face_detect) StdoutLine: {'line': b'copying package.xml -> /home/xc2204/ros2_new_study/install/face_detect/share/face_detect\n'}
[0.905165] (face_detect) StdoutLine: {'line': b'creating /home/xc2204/ros2_new_study/install/face_detect/share/face_detect/resource\n'}
[0.905235] (face_detect) StdoutLine: {'line': b'copying resource/image.png -> /home/xc2204/ros2_new_study/install/face_detect/share/face_detect/resource\n'}
[0.907362] (face_detect) StdoutLine: {'line': b'copying resource/image_face.png -> /home/xc2204/ros2_new_study/install/face_detect/share/face_detect/resource\n'}
[0.909250] (face_detect) StdoutLine: {'line': b'creating /home/xc2204/ros2_new_study/install/face_detect/share/face_detect/launch\n'}
[0.909745] (face_detect) StdoutLine: {'line': b'copying launch/face _det_python.launch.py -> /home/xc2204/ros2_new_study/install/face_detect/share/face_detect/launch\n'}
[0.910313] (face_detect) StdoutLine: {'line': b'running install_egg_info\n'}
[0.912196] (face_detect) StdoutLine: {'line': b'Copying ../../build/face_detect/face_detect.egg-info to /home/xc2204/ros2_new_study/install/face_detect/lib/python3.10/site-packages/face_detect-0.0.0-py3.10.egg-info\n'}
[0.913251] (face_detect) StdoutLine: {'line': b'running install_scripts\n'}
[0.931133] (face_detect) StdoutLine: {'line': b'Installing client_face_detect script to /home/xc2204/ros2_new_study/install/face_detect/lib/face_detect\n'}
[0.931450] (face_detect) StdoutLine: {'line': b'Installing srv_face_detect script to /home/xc2204/ros2_new_study/install/face_detect/lib/face_detect\n'}
[0.931659] (face_detect) StdoutLine: {'line': b'Installing video_detect script to /home/xc2204/ros2_new_study/install/face_detect/lib/face_detect\n'}
[0.931873] (face_detect) StdoutLine: {'line': b"writing list of installed files to '/home/xc2204/ros2_new_study/build/face_detect/install.log'\n"}
[0.952343] (face_detect) CommandEnded: {'returncode': 0}
[0.967278] (face_detect) JobEnded: {'identifier': 'face_detect', 'rc': 0}
[1.001516] (-) TimerEvent: {}
[1.101837] (-) TimerEvent: {}
[1.202184] (-) TimerEvent: {}
[1.226806] (msg_interfaces) StdoutLine: {'line': b'-- The CXX compiler identification is GNU 11.4.0\n'}
[1.302321] (-) TimerEvent: {}
[1.402691] (-) TimerEvent: {}
[1.503047] (-) TimerEvent: {}
[1.603422] (-) TimerEvent: {}
[1.703876] (-) TimerEvent: {}
[1.789002] (msg_interfaces) StdoutLine: {'line': b'-- Detecting C compiler ABI info\n'}
[1.804038] (-) TimerEvent: {}
[1.904408] (-) TimerEvent: {}
[1.997950] (msg_interfaces) StdoutLine: {'line': b'-- Detecting C compiler ABI info - done\n'}
[2.003221] (msg_interfaces) StdoutLine: {'line': b'-- Check for working C compiler: /usr/bin/cc - skipped\n'}
[2.004264] (msg_interfaces) StdoutLine: {'line': b'-- Detecting C compile features\n'}
[2.004449] (-) TimerEvent: {}
[2.005282] (msg_interfaces) StdoutLine: {'line': b'-- Detecting C compile features - done\n'}
[2.009366] (msg_interfaces) StdoutLine: {'line': b'-- Detecting CXX compiler ABI info\n'}
[2.104593] (-) TimerEvent: {}
[2.204945] (-) TimerEvent: {}
[2.216231] (msg_interfaces) StdoutLine: {'line': b'-- Detecting CXX compiler ABI info - done\n'}
[2.221863] (msg_interfaces) StdoutLine: {'line': b'-- Check for working CXX compiler: /usr/bin/c++ - skipped\n'}
[2.222159] (msg_interfaces) StdoutLine: {'line': b'-- Detecting CXX compile features\n'}
[2.222377] (msg_interfaces) StdoutLine: {'line': b'-- Detecting CXX compile features - done\n'}
[2.247125] (msg_interfaces) StdoutLine: {'line': b'-- Found ament_cmake: 1.3.14 (/opt/ros/humble/share/ament_cmake/cmake)\n'}
[2.305115] (-) TimerEvent: {}
[2.379215] (msg_interfaces) StdoutLine: {'line': b'-- Found Python3: /usr/bin/python3 (found version "3.10.12") found components: Interpreter \n'}
[2.405257] (-) TimerEvent: {}
[2.480761] (msg_interfaces) StdoutLine: {'line': b'-- Found rosidl_default_generators: 1.2.1 (/opt/ros/humble/share/rosidl_default_generators/cmake)\n'}
[2.487467] (msg_interfaces) StdoutLine: {'line': b'-- Using all available rosidl_typesupport_c: rosidl_typesupport_fastrtps_c;rosidl_typesupport_introspection_c\n'}
[2.497676] (msg_interfaces) StdoutLine: {'line': b'-- Found rosidl_adapter: 3.1.8 (/opt/ros/humble/share/rosidl_adapter/cmake)\n'}
[2.505456] (-) TimerEvent: {}
[2.605869] (-) TimerEvent: {}
[2.706217] (-) TimerEvent: {}
[2.781424] (msg_interfaces) StdoutLine: {'line': b'-- Using all available rosidl_typesupport_cpp: rosidl_typesupport_fastrtps_cpp;rosidl_typesupport_introspection_cpp\n'}
[2.806436] (-) TimerEvent: {}
[2.850929] (msg_interfaces) StdoutLine: {'line': b'-- Found builtin_interfaces: 1.2.2 (/opt/ros/humble/share/builtin_interfaces/cmake)\n'}
[2.877610] (msg_interfaces) StdoutLine: {'line': b'-- Found sensor_msgs: 4.9.1 (/opt/ros/humble/share/sensor_msgs/cmake)\n'}
[2.906647] (-) TimerEvent: {}
[3.007216] (-) TimerEvent: {}
[3.107807] (-) TimerEvent: {}
[3.208594] (-) TimerEvent: {}
[3.273639] (msg_interfaces) StdoutLine: {'line': b'-- Found ament_cmake_ros: 0.10.0 (/opt/ros/humble/share/ament_cmake_ros/cmake)\n'}
[3.308876] (-) TimerEvent: {}
[3.409587] (-) TimerEvent: {}
[3.510261] (-) TimerEvent: {}
[3.543729] (msg_interfaces) StdoutLine: {'line': b'-- Using all available rosidl_typesupport_c: rosidl_typesupport_fastrtps_c;rosidl_typesupport_introspection_c\n'}
[3.610441] (-) TimerEvent: {}
[3.710973] (-) TimerEvent: {}
[3.811357] (-) TimerEvent: {}
[3.866162] (msg_interfaces) StdoutLine: {'line': b'-- Using all available rosidl_typesupport_cpp: rosidl_typesupport_fastrtps_cpp;rosidl_typesupport_introspection_cpp\n'}
[3.911551] (-) TimerEvent: {}
[4.012012] (-) TimerEvent: {}
[4.081724] (msg_interfaces) StdoutLine: {'line': b'-- Found PythonInterp: /usr/bin/python3 (found suitable version "3.10.12", minimum required is "3.6") \n'}
[4.084501] (msg_interfaces) StdoutLine: {'line': b'-- Found python_cmake_module: 0.10.0 (/opt/ros/humble/share/python_cmake_module/cmake)\n'}
[4.112142] (-) TimerEvent: {}
[4.212476] (-) TimerEvent: {}
[4.312830] (-) TimerEvent: {}
[4.413210] (-) TimerEvent: {}
[4.513622] (-) TimerEvent: {}
[4.614046] (-) TimerEvent: {}
[4.688352] (msg_interfaces) StdoutLine: {'line': b'-- Found PythonLibs: /usr/lib/x86_64-linux-gnu/libpython3.10.so (found suitable version "3.10.12", minimum required is "3.5") \n'}
[4.688792] (msg_interfaces) StdoutLine: {'line': b'-- Using PYTHON_EXECUTABLE: /usr/bin/python3\n'}
[4.688964] (msg_interfaces) StdoutLine: {'line': b'-- Using PYTHON_INCLUDE_DIRS: /usr/include/python3.10\n'}
[4.689023] (msg_interfaces) StdoutLine: {'line': b'-- Using PYTHON_LIBRARIES: /usr/lib/x86_64-linux-gnu/libpython3.10.so\n'}
[4.705693] (msg_interfaces) StdoutLine: {'line': b'-- Found PythonExtra: .so  \n'}
[4.714207] (-) TimerEvent: {}
[4.814580] (-) TimerEvent: {}
[4.904571] (msg_interfaces) StdoutLine: {'line': b'-- Found ament_lint_auto: 0.12.15 (/opt/ros/humble/share/ament_lint_auto/cmake)\n'}
[4.914747] (-) TimerEvent: {}
[4.935206] (msg_interfaces) StdoutLine: {'line': b"-- Added test 'lint_cmake' to check CMake code style\n"}
[4.937023] (msg_interfaces) StdoutLine: {'line': b"-- Added test 'xmllint' to check XML markup files\n"}
[4.940446] (msg_interfaces) StdoutLine: {'line': b'-- Configuring done\n'}
[4.985038] (msg_interfaces) StdoutLine: {'line': b'-- Generating done\n'}
[4.996625] (msg_interfaces) StdoutLine: {'line': b'-- Build files have been written to: /home/xc2204/ros2_new_study/build/msg_interfaces\n'}
[5.006380] (msg_interfaces) CommandEnded: {'returncode': 0}
[5.006961] (msg_interfaces) JobProgress: {'identifier': 'msg_interfaces', 'progress': 'build'}
[5.008011] (msg_interfaces) Command: {'cmd': ['/usr/bin/cmake', '--build', '/home/xc2204/ros2_new_study/build/msg_interfaces', '--', '-j20', '-l20'], 'cwd': '/home/xc2204/ros2_new_study/build/msg_interfaces', 'env': OrderedDict([('PYTHON_BASIC_REPL', '1'), ('LESSOPEN', '| /usr/bin/lesspipe %s'), ('USER', 'xc2204'), ('GIT_ASKPASS', '/home/xc2204/.vscode-server/bin/f6cfa2ea2403534de03f069bdf160d06451ed282/extensions/git/dist/askpass.sh'), ('SHLVL', '1'), ('RCUTILS_CONSOLE_OUTPUT_FORMAT', '[{function_name}:{line_number}]: {message}'), ('LD_LIBRARY_PATH', '/home/xc2204/ros2_new_study/install/msg_interfaces/lib:/usr/lib/x86_64-linux-gnu/gazebo-11/plugins:/opt/ros/humble/opt/rviz_ogre_vendor/lib:/opt/ros/humble/lib/x86_64-linux-gnu:/opt/ros/humble/lib'), ('MOTD_SHOWN', 'update-motd'), ('HOME', '/home/xc2204'), ('OLDPWD', '/home/xc2204/ros2_new_study/src'), ('TERM_PROGRAM_VERSION', '1.121.0'), ('VSCODE_IPC_HOOK_CLI', '/run/user/1000/vscode-ipc-88d29027-1a0e-4c95-88b0-4d70352ec398.sock'), ('ROS_PYTHON_VERSION', '3'), ('VSCODE_GIT_ASKPASS_MAIN', '/home/xc2204/.vscode-server/bin/f6cfa2ea2403534de03f069bdf160d06451ed282/extensions/git/dist/askpass-main.js'), ('VSCODE_GIT_ASKPASS_NODE', '/home/xc2204/.vscode-server/bin/f6cfa2ea2403534de03f069bdf160d06451ed282/node'), ('PYDEVD_DISABLE_FILE_VALIDATION', '1'), ('BUNDLED_DEBUGPY_PATH', '/home/xc2204/.vscode-server/extensions/ms-python.debugpy-2026.6.0-linux-x64/bundled/libs/debugpy'), ('VSCODE_PYTHON_AUTOACTIVATE_GUARD', '1'), ('DBUS_SESSION_BUS_ADDRESS', 'unix:path=/run/user/1000/bus'), ('COLORTERM', 'truecolor'), ('WSL_DISTRO_NAME', 'Ubuntu-22.04'), ('WAYLAND_DISPLAY', 'wayland-0'), ('COLCON_PREFIX_PATH', '/home/xc2204/ros2_new_study/install'), ('ROS_DISTRO', 'humble'), ('LOGNAME', 'xc2204'), ('NAME', 'DESKTOP-LOL67EV'), ('WSL_INTEROP', '/run/WSL/444_interop'), ('PULSE_SERVER', 'unix:/mnt/wslg/PulseServer'), ('_', '/usr/bin/colcon'), ('ROS_VERSION', '2'), ('TERM', 'xterm-256color'), ('ROS_LOCALHOST_ONLY', '0'), ('PATH', '/home/xc2204/.local/bin:/home/xc2204/.vscode-server/data/User/globalStorage/github.copilot-chat/debugCommand:/home/xc2204/.vscode-server/data/User/globalStorage/github.copilot-chat/copilotCli:/home/xc2204/.vscode-server/bin/f6cfa2ea2403534de03f069bdf160d06451ed282/bin/remote-cli:/home/xc2204/.local/bin:/home/xc2204/.local/bin:/opt/ros/humble/bin:/usr/local/sbin:/usr/local/bin:/usr/sbin:/usr/bin:/sbin:/bin:/usr/games:/usr/local/games:/usr/lib/wsl/lib:/mnt/c/app/vmware station/bin/:/mnt/c/app/python3.13.2/Scripts/:/mnt/c/app/python3.13.2/:/mnt/c/WINDOWS/system32:/mnt/c/WINDOWS:/mnt/c/WINDOWS/System32/Wbem:/mnt/c/WINDOWS/System32/WindowsPowerShell/v1.0/:/mnt/c/WINDOWS/System32/OpenSSH/:/mnt/c/Users/Administrator/AppData/Local/Microsoft/WindowsApps:/mnt/c/Recovery/OEM/Backup/:/mnt/c/Program Files/dotnet/:/mnt/c/Program Files (x86)/NVIDIA Corporation/PhysX/Common:/mnt/c/Windows Kits/10/Windows Performance Toolkit/:/mnt/c/WINDOWS/system32:/mnt/c/WINDOWS:/mnt/c/WINDOWS/System32/Wbem:/mnt/c/WINDOWS/System32/WindowsPowerShell/v1.0/:/mnt/c/WINDOWS/System32/OpenSSH/:/mnt/c/app/MySQL/MySQL/MySQL Server 8.0/bin:/mnt/c/Program Files/nvm:/mnt/c/nvm4w/nodejs:/mnt/c/ProgramData/chocolatey/bin:/mnt/c/Program Files/nvm/v16.18.0:/mnt/c/app/web_study/Java11.0.30/bin:/mnt/c/Program Files (x86)/Microsoft SQL Server/160/Tools/Binn/:/mnt/c/Program Files/Microsoft SQL Server/160/Tools/Binn/:/mnt/c/Program Files/Microsoft SQL Server/Client SDK/ODBC/170/Tools/Binn/:/mnt/c/Program Files/Microsoft SQL Server/160/DTS/Binn/:/mnt/c/Program Files (x86)/Windows Kits/8.1/Windows Performance Toolkit/:/mnt/c/Program Files/NVIDIA Corporation/NVIDIA App/NvDLISR:/mnt/c/app/git/git/Git/cmd:/mnt/c/app/git/git/Git/mingw64/bin:/mnt/c/app/git/git/Git/usr/bin:/mnt/d/app/Matlab/matlab/runtime/win64:/mnt/d/app/Matlab/matlab/bin:/mnt/c/Program Files/Docker/Docker/resources/bin:/mnt/c/Program Files (x86)/Go/bin:/mnt/c/app/MySQL/MySQL/MySQL Shell 8.0/bin/:/mnt/c/Users/xc/AppData/Local/Microsoft/WindowsApps:/mnt/c/app/vscode/Microsoft VS Code/bin:/mnt/c/app/idea/IntelliJ IDEA Community Edition 2025.1.1.1/bin:/mnt/c/Program Files/nvm:/mnt/c/nvm4w/nodejs:/mnt/b/app/anaconda:/mnt/b/app/anaconda/Scripts:/mnt/b/app/anaconda/Library/bin:/mnt/b/opencv/opencv/build/x64/vc16/bin:/mnt/c/Users/xc/.dotnet/tools:/mnt/c/Users/xc/AppData/Local/Programs/Ollama:/mnt/c/Users/xc/.local/bin/:/mnt/c/Users/xc/go/bin:/snap/bin:/home/xc2204/.vscode-server/extensions/ms-python.debugpy-2026.6.0-linux-x64/bundled/scripts/noConfigScripts'), ('XDG_RUNTIME_DIR', '/run/user/1000/'), ('DISPLAY', ':0'), ('VSCODE_DEBUGPY_ADAPTER_ENDPOINTS', '/home/xc2204/.vscode-server/extensions/ms-python.debugpy-2026.6.0-linux-x64/.noConfigDebugAdapterEndpoints/endpoint-62e707d203d127ef.txt'), ('LANG', 'C.UTF-8'), ('PYTHONSTARTUP', '/home/xc2204/.vscode-server/data/User/workspaceStorage/edf733d14958791d67cbdcdbb8519592/ms-python.python/pythonrc.py'), ('LS_COLORS', 'rs=0:di=01;34:ln=01;36:mh=00:pi=40;33:so=01;35:do=01;35:bd=40;33;01:cd=40;33;01:or=40;31;01:mi=00:su=37;41:sg=30;43:ca=30;41:tw=30;42:ow=34;42:st=37;44:ex=01;32:*.tar=01;31:*.tgz=01;31:*.arc=01;31:*.arj=01;31:*.taz=01;31:*.lha=01;31:*.lz4=01;31:*.lzh=01;31:*.lzma=01;31:*.tlz=01;31:*.txz=01;31:*.tzo=01;31:*.t7z=01;31:*.zip=01;31:*.z=01;31:*.dz=01;31:*.gz=01;31:*.lrz=01;31:*.lz=01;31:*.lzo=01;31:*.xz=01;31:*.zst=01;31:*.tzst=01;31:*.bz2=01;31:*.bz=01;31:*.tbz=01;31:*.tbz2=01;31:*.tz=01;31:*.deb=01;31:*.rpm=01;31:*.jar=01;31:*.war=01;31:*.ear=01;31:*.sar=01;31:*.rar=01;31:*.alz=01;31:*.ace=01;31:*.zoo=01;31:*.cpio=01;31:*.7z=01;31:*.rz=01;31:*.cab=01;31:*.wim=01;31:*.swm=01;31:*.dwm=01;31:*.esd=01;31:*.jpg=01;35:*.jpeg=01;35:*.mjpg=01;35:*.mjpeg=01;35:*.gif=01;35:*.bmp=01;35:*.pbm=01;35:*.pgm=01;35:*.ppm=01;35:*.tga=01;35:*.xbm=01;35:*.xpm=01;35:*.tif=01;35:*.tiff=01;35:*.png=01;35:*.svg=01;35:*.svgz=01;35:*.mng=01;35:*.pcx=01;35:*.mov=01;35:*.mpg=01;35:*.mpeg=01;35:*.m2v=01;35:*.mkv=01;35:*.webm=01;35:*.webp=01;35:*.ogm=01;35:*.mp4=01;35:*.m4v=01;35:*.mp4v=01;35:*.vob=01;35:*.qt=01;35:*.nuv=01;35:*.wmv=01;35:*.asf=01;35:*.rm=01;35:*.rmvb=01;35:*.flc=01;35:*.avi=01;35:*.fli=01;35:*.flv=01;35:*.gl=01;35:*.dl=01;35:*.xcf=01;35:*.xwd=01;35:*.yuv=01;35:*.cgm=01;35:*.emf=01;35:*.ogv=01;35:*.ogx=01;35:*.aac=00;36:*.au=00;36:*.flac=00;36:*.m4a=00;36:*.mid=00;36:*.midi=00;36:*.mka=00;36:*.mp3=00;36:*.mpc=00;36:*.ogg=00;36:*.ra=00;36:*.wav=00;36:*.oga=00;36:*.opus=00;36:*.spx=00;36:*.xspf=00;36:'), ('VSCODE_GIT_IPC_HANDLE', '/run/user/1000/vscode-git-0900024275.sock'), ('TERM_PROGRAM', 'vscode'), ('AMENT_PREFIX_PATH', '/home/xc2204/ros2_new_study/install/test_pkg:/home/xc2204/ros2_new_study/install/pc_stuts:/home/xc2204/ros2_new_study/install/msg_interfaces:/home/xc2204/ros2_new_study/install/face_detect:/opt/ros/humble'), ('SHELL', '/bin/bash'), ('LESSCLOSE', '/usr/bin/lesspipe %s %s'), ('VSCODE_GIT_ASKPASS_EXTRA_ARGS', ''), ('PWD', '/home/xc2204/ros2_new_study/build/msg_interfaces'), ('XDG_DATA_DIRS', '/usr/local/share:/usr/share:/var/lib/snapd/desktop'), ('PYTHONPATH', '/home/xc2204/ros2_new_study/install/test_pkg/lib/python3.10/site-packages:/home/xc2204/ros2_new_study/install/pc_stuts/lib/python3.10/site-packages:/home/xc2204/ros2_new_study/install/msg_interfaces/local/lib/python3.10/dist-packages:/home/xc2204/ros2_new_study/install/face_detect/lib/python3.10/site-packages:/opt/ros/humble/lib/python3.10/site-packages:/opt/ros/humble/local/lib/python3.10/dist-packages'), ('COLCON', '1'), ('WSL2_GUI_APPS_ENABLED', '1'), ('HOSTTYPE', 'x86_64'), ('CMAKE_PREFIX_PATH', '/home/xc2204/ros2_new_study/install/msg_interfaces:/home/xc2204/ros2_new_study/install/test_pkg:/home/xc2204/ros2_new_study/install/pc_stuts:/home/xc2204/ros2_new_study/install/face_detect:/opt/ros/humble'), ('WSLENV', 'VSCODE_WSL_EXT_LOCATION/up')]), 'shell': False}
[5.014896] (-) TimerEvent: {}
[5.041098] (msg_interfaces) StdoutLine: {'line': b'[  2%] \x1b[34m\x1b[1mGenerating C code for ROS interfaces\x1b[0m\n'}
[5.049655] (msg_interfaces) StdoutLine: {'line': b'[  5%] \x1b[34m\x1b[1mGenerating Rust code for ROS interfaces\x1b[0m\n'}
[5.050947] (msg_interfaces) StdoutLine: {'line': b'[  7%] \x1b[34m\x1b[1mGenerating C++ code for ROS interfaces\x1b[0m\n'}
[5.058871] (msg_interfaces) StdoutLine: {'line': b'[  7%] Built target ament_cmake_python_copy_msg_interfaces\n'}
[5.115093] (-) TimerEvent: {}
[5.215760] (-) TimerEvent: {}
[5.313725] (msg_interfaces) StdoutLine: {'line': b'running egg_info\n'}
[5.314258] (msg_interfaces) StdoutLine: {'line': b'creating msg_interfaces.egg-info\n'}
[5.314683] (msg_interfaces) StdoutLine: {'line': b'writing msg_interfaces.egg-info/PKG-INFO\n'}
[5.315061] (msg_interfaces) StdoutLine: {'line': b'writing dependency_links to msg_interfaces.egg-info/dependency_links.txt\n'}
[5.315425] (msg_interfaces) StdoutLine: {'line': b'writing top-level names to msg_interfaces.egg-info/top_level.txt\n'}
[5.315608] (msg_interfaces) StdoutLine: {'line': b"writing manifest file 'msg_interfaces.egg-info/SOURCES.txt'\n"}
[5.315889] (-) TimerEvent: {}
[5.317969] (msg_interfaces) StdoutLine: {'line': b"reading manifest file 'msg_interfaces.egg-info/SOURCES.txt'\n"}
[5.318462] (msg_interfaces) StdoutLine: {'line': b"writing manifest file 'msg_interfaces.egg-info/SOURCES.txt'\n"}
[5.355980] (msg_interfaces) StdoutLine: {'line': b'[  7%] Built target ament_cmake_python_build_msg_interfaces_egg\n'}
[5.409832] (msg_interfaces) StdoutLine: {'line': b'[  7%] Built target msg_interfaces__rs\n'}
[5.416202] (-) TimerEvent: {}
[5.441219] (msg_interfaces) StdoutLine: {'line': b'[ 10%] \x1b[32mBuilding C object CMakeFiles/msg_interfaces__rosidl_generator_c.dir/rosidl_generator_c/msg_interfaces/msg/detail/system_status__functions.c.o\x1b[0m\n'}
[5.442612] (msg_interfaces) StdoutLine: {'line': b'[ 12%] \x1b[32mBuilding C object CMakeFiles/msg_interfaces__rosidl_generator_c.dir/rosidl_generator_c/msg_interfaces/srv/detail/face_detector__functions.c.o\x1b[0m\n'}
[5.451480] (msg_interfaces) StdoutLine: {'line': b'[ 12%] Built target msg_interfaces__cpp\n'}
[5.461280] (msg_interfaces) StdoutLine: {'line': b'[ 17%] \x1b[34m\x1b[1mGenerating C++ type support for eProsima Fast-RTPS\x1b[0m\n'}
[5.461508] (msg_interfaces) StdoutLine: {'line': b'[ 17%] \x1b[34m\x1b[1mGenerating C++ introspection for ROS interfaces\x1b[0m\n'}
[5.464128] (msg_interfaces) StdoutLine: {'line': b'[ 20%] \x1b[34m\x1b[1mGenerating C++ type support dispatch for ROS interfaces\x1b[0m\n'}
[5.516414] (-) TimerEvent: {}
[5.549520] (msg_interfaces) StdoutLine: {'line': b'[ 22%] \x1b[32m\x1b[1mLinking C shared library libmsg_interfaces__rosidl_generator_c.so\x1b[0m\n'}
[5.616503] (-) TimerEvent: {}
[5.716979] (-) TimerEvent: {}
[5.815385] (msg_interfaces) StdoutLine: {'line': b'[ 25%] \x1b[32mBuilding CXX object CMakeFiles/msg_interfaces__rosidl_typesupport_cpp.dir/rosidl_typesupport_cpp/msg_interfaces/msg/system_status__type_support.cpp.o\x1b[0m\n'}
[5.816208] (msg_interfaces) StdoutLine: {'line': b'[ 27%] \x1b[32mBuilding CXX object CMakeFiles/msg_interfaces__rosidl_typesupport_cpp.dir/rosidl_typesupport_cpp/msg_interfaces/srv/face_detector__type_support.cpp.o\x1b[0m\n'}
[5.817090] (-) TimerEvent: {}
[5.847330] (msg_interfaces) StdoutLine: {'line': b'[ 27%] Built target msg_interfaces__rosidl_generator_c\n'}
[5.851695] (msg_interfaces) StdoutLine: {'line': b'[ 30%] \x1b[32mBuilding CXX object CMakeFiles/msg_interfaces__rosidl_typesupport_introspection_cpp.dir/rosidl_typesupport_introspection_cpp/msg_interfaces/srv/detail/face_detector__type_support.cpp.o\x1b[0m\n'}
[5.853358] (msg_interfaces) StdoutLine: {'line': b'[ 32%] \x1b[32mBuilding CXX object CMakeFiles/msg_interfaces__rosidl_typesupport_introspection_cpp.dir/rosidl_typesupport_introspection_cpp/msg_interfaces/msg/detail/system_status__type_support.cpp.o\x1b[0m\n'}
[5.860208] (msg_interfaces) StdoutLine: {'line': b'[ 35%] \x1b[34m\x1b[1mGenerating C type support dispatch for ROS interfaces\x1b[0m\n'}
[5.860618] (msg_interfaces) StdoutLine: {'line': b'[ 40%] \x1b[32mBuilding CXX object CMakeFiles/msg_interfaces__rosidl_typesupport_fastrtps_cpp.dir/rosidl_typesupport_fastrtps_cpp/msg_interfaces/srv/detail/dds_fastrtps/face_detector__type_support.cpp.o\x1b[0m\n'}
[5.860961] (msg_interfaces) StdoutLine: {'line': b'[ 40%] \x1b[34m\x1b[1mGenerating C type support for eProsima Fast-RTPS\x1b[0m\n'}
[5.861074] (msg_interfaces) StdoutLine: {'line': b'[ 42%] \x1b[32mBuilding CXX object CMakeFiles/msg_interfaces__rosidl_typesupport_fastrtps_cpp.dir/rosidl_typesupport_fastrtps_cpp/msg_interfaces/msg/detail/dds_fastrtps/system_status__type_support.cpp.o\x1b[0m\n'}
[5.865525] (msg_interfaces) StdoutLine: {'line': b'[ 45%] \x1b[34m\x1b[1mGenerating C introspection for ROS interfaces\x1b[0m\n'}
[5.917249] (-) TimerEvent: {}
[6.017762] (-) TimerEvent: {}
[6.118369] (-) TimerEvent: {}
[6.218960] (-) TimerEvent: {}
[6.288884] (msg_interfaces) StdoutLine: {'line': b'[ 47%] \x1b[32m\x1b[1mLinking CXX shared library libmsg_interfaces__rosidl_typesupport_cpp.so\x1b[0m\n'}
[6.311619] (msg_interfaces) StdoutLine: {'line': b'[ 50%] \x1b[32mBuilding CXX object CMakeFiles/msg_interfaces__rosidl_typesupport_c.dir/rosidl_typesupport_c/msg_interfaces/msg/system_status__type_support.cpp.o\x1b[0m\n'}
[6.312772] (msg_interfaces) StdoutLine: {'line': b'[ 52%] \x1b[32mBuilding CXX object CMakeFiles/msg_interfaces__rosidl_typesupport_c.dir/rosidl_typesupport_c/msg_interfaces/srv/face_detector__type_support.cpp.o\x1b[0m\n'}
[6.319137] (-) TimerEvent: {}
[6.344999] (msg_interfaces) StdoutLine: {'line': b'[ 55%] \x1b[32mBuilding C object CMakeFiles/msg_interfaces__rosidl_typesupport_introspection_c.dir/rosidl_typesupport_introspection_c/msg_interfaces/msg/detail/system_status__type_support.c.o\x1b[0m\n'}
[6.345451] (msg_interfaces) StdoutLine: {'line': b'[ 57%] \x1b[32mBuilding C object CMakeFiles/msg_interfaces__rosidl_typesupport_introspection_c.dir/rosidl_typesupport_introspection_c/msg_interfaces/srv/detail/face_detector__type_support.c.o\x1b[0m\n'}
[6.354561] (msg_interfaces) StdoutLine: {'line': b'[ 60%] \x1b[32mBuilding CXX object CMakeFiles/msg_interfaces__rosidl_typesupport_fastrtps_c.dir/rosidl_typesupport_fastrtps_c/msg_interfaces/srv/detail/face_detector__type_support_c.cpp.o\x1b[0m\n'}
[6.356666] (msg_interfaces) StdoutLine: {'line': b'[ 65%] \x1b[32mBuilding CXX object CMakeFiles/msg_interfaces__rosidl_typesupport_fastrtps_c.dir/rosidl_typesupport_fastrtps_c/msg_interfaces/msg/detail/system_status__type_support_c.cpp.o\x1b[0m\n'}
[6.357070] (msg_interfaces) StdoutLine: {'line': b'[ 65%] \x1b[32m\x1b[1mLinking CXX shared library libmsg_interfaces__rosidl_typesupport_c.so\x1b[0m\n'}
[6.413149] (msg_interfaces) StdoutLine: {'line': b'[ 67%] \x1b[32m\x1b[1mLinking C shared library libmsg_interfaces__rosidl_typesupport_introspection_c.so\x1b[0m\n'}
[6.419331] (-) TimerEvent: {}
[6.504206] (msg_interfaces) StdoutLine: {'line': b'[ 70%] \x1b[32m\x1b[1mLinking CXX shared library libmsg_interfaces__rosidl_typesupport_introspection_cpp.so\x1b[0m\n'}
[6.519466] (-) TimerEvent: {}
[6.532134] (msg_interfaces) StdoutLine: {'line': b'[ 72%] \x1b[32m\x1b[1mLinking CXX shared library libmsg_interfaces__rosidl_typesupport_fastrtps_cpp.so\x1b[0m\n'}
[6.619661] (-) TimerEvent: {}
[6.625334] (msg_interfaces) StdoutLine: {'line': b'[ 72%] Built target msg_interfaces__rosidl_typesupport_cpp\n'}
[6.636299] (msg_interfaces) StdoutLine: {'line': b'[ 72%] Built target msg_interfaces__rosidl_typesupport_c\n'}
[6.693249] (msg_interfaces) StdoutLine: {'line': b'[ 72%] Built target msg_interfaces__rosidl_typesupport_introspection_c\n'}
[6.719831] (-) TimerEvent: {}
[6.737139] (msg_interfaces) StdoutLine: {'line': b'[ 75%] \x1b[32m\x1b[1mLinking CXX shared library libmsg_interfaces__rosidl_typesupport_fastrtps_c.so\x1b[0m\n'}
[6.785294] (msg_interfaces) StdoutLine: {'line': b'[ 75%] Built target msg_interfaces__rosidl_typesupport_introspection_cpp\n'}
[6.820048] (-) TimerEvent: {}
[6.832059] (msg_interfaces) StdoutLine: {'line': b'[ 75%] Built target msg_interfaces__rosidl_typesupport_fastrtps_cpp\n'}
[6.920172] (-) TimerEvent: {}
[6.982816] (msg_interfaces) StdoutLine: {'line': b'[ 75%] Built target msg_interfaces__rosidl_typesupport_fastrtps_c\n'}
[7.000052] (msg_interfaces) StdoutLine: {'line': b'[ 75%] Built target msg_interfaces\n'}
[7.020351] (-) TimerEvent: {}
[7.020695] (msg_interfaces) StdoutLine: {'line': b'[ 77%] \x1b[34m\x1b[1mGenerating Python code for ROS interfaces\x1b[0m\n'}
[7.120484] (-) TimerEvent: {}
[7.220957] (-) TimerEvent: {}
[7.321332] (-) TimerEvent: {}
[7.421769] (-) TimerEvent: {}
[7.481710] (msg_interfaces) StdoutLine: {'line': b'[ 77%] Built target msg_interfaces__py\n'}
[7.500773] (msg_interfaces) StdoutLine: {'line': b'[ 82%] \x1b[32mBuilding C object CMakeFiles/msg_interfaces__rosidl_generator_py.dir/rosidl_generator_py/msg_interfaces/srv/_face_detector_s.c.o\x1b[0m\n'}
[7.501115] (msg_interfaces) StdoutLine: {'line': b'[ 82%] \x1b[32mBuilding C object CMakeFiles/msg_interfaces__rosidl_generator_py.dir/rosidl_generator_py/msg_interfaces/msg/_system_status_s.c.o\x1b[0m\n'}
[7.521913] (-) TimerEvent: {}
[7.622267] (-) TimerEvent: {}
[7.668890] (msg_interfaces) StdoutLine: {'line': b'[ 85%] \x1b[32m\x1b[1mLinking C shared library rosidl_generator_py/msg_interfaces/libmsg_interfaces__rosidl_generator_py.so\x1b[0m\n'}
[7.722387] (-) TimerEvent: {}
[7.822720] (-) TimerEvent: {}
[7.855652] (msg_interfaces) StdoutLine: {'line': b'[ 85%] Built target msg_interfaces__rosidl_generator_py\n'}
[7.872375] (msg_interfaces) StdoutLine: {'line': b'[ 87%] \x1b[32mBuilding C object CMakeFiles/msg_interfaces__rosidl_typesupport_fastrtps_c__pyext.dir/rosidl_generator_py/msg_interfaces/_msg_interfaces_s.ep.rosidl_typesupport_fastrtps_c.c.o\x1b[0m\n'}
[7.872719] (msg_interfaces) StdoutLine: {'line': b'[ 90%] \x1b[32mBuilding C object CMakeFiles/msg_interfaces__rosidl_typesupport_c__pyext.dir/rosidl_generator_py/msg_interfaces/_msg_interfaces_s.ep.rosidl_typesupport_c.c.o\x1b[0m\n'}
[7.872804] (msg_interfaces) StdoutLine: {'line': b'[ 92%] \x1b[32mBuilding C object CMakeFiles/msg_interfaces__rosidl_typesupport_introspection_c__pyext.dir/rosidl_generator_py/msg_interfaces/_msg_interfaces_s.ep.rosidl_typesupport_introspection_c.c.o\x1b[0m\n'}
[7.922907] (-) TimerEvent: {}
[7.962754] (msg_interfaces) StdoutLine: {'line': b'[ 95%] \x1b[32m\x1b[1mLinking C shared library rosidl_generator_py/msg_interfaces/msg_interfaces_s__rosidl_typesupport_c.cpython-310-x86_64-linux-gnu.so\x1b[0m\n'}
[7.962979] (msg_interfaces) StdoutLine: {'line': b'[ 97%] \x1b[32m\x1b[1mLinking C shared library rosidl_generator_py/msg_interfaces/msg_interfaces_s__rosidl_typesupport_introspection_c.cpython-310-x86_64-linux-gnu.so\x1b[0m\n'}
[7.964915] (msg_interfaces) StdoutLine: {'line': b'[100%] \x1b[32m\x1b[1mLinking C shared library rosidl_generator_py/msg_interfaces/msg_interfaces_s__rosidl_typesupport_fastrtps_c.cpython-310-x86_64-linux-gnu.so\x1b[0m\n'}
[8.023064] (-) TimerEvent: {}
[8.123628] (msg_interfaces) StdoutLine: {'line': b'[100%] Built target msg_interfaces__rosidl_typesupport_introspection_c__pyext\n'}
[8.123827] (-) TimerEvent: {}
[8.123989] (msg_interfaces) StdoutLine: {'line': b'[100%] Built target msg_interfaces__rosidl_typesupport_c__pyext\n'}
[8.173406] (msg_interfaces) StdoutLine: {'line': b'[100%] Built target msg_interfaces__rosidl_typesupport_fastrtps_c__pyext\n'}
[8.184552] (msg_interfaces) CommandEnded: {'returncode': 0}
[8.185555] (msg_interfaces) JobProgress: {'identifier': 'msg_interfaces', 'progress': 'install'}
[8.193656] (msg_interfaces) Command: {'cmd': ['/usr/bin/cmake', '--install', '/home/xc2204/ros2_new_study/build/msg_interfaces'], 'cwd': '/home/xc2204/ros2_new_study/build/msg_interfaces', 'env': OrderedDict([('PYTHON_BASIC_REPL', '1'), ('LESSOPEN', '| /usr/bin/lesspipe %s'), ('USER', 'xc2204'), ('GIT_ASKPASS', '/home/xc2204/.vscode-server/bin/f6cfa2ea2403534de03f069bdf160d06451ed282/extensions/git/dist/askpass.sh'), ('SHLVL', '1'), ('RCUTILS_CONSOLE_OUTPUT_FORMAT', '[{function_name}:{line_number}]: {message}'), ('LD_LIBRARY_PATH', '/home/xc2204/ros2_new_study/install/msg_interfaces/lib:/usr/lib/x86_64-linux-gnu/gazebo-11/plugins:/opt/ros/humble/opt/rviz_ogre_vendor/lib:/opt/ros/humble/lib/x86_64-linux-gnu:/opt/ros/humble/lib'), ('MOTD_SHOWN', 'update-motd'), ('HOME', '/home/xc2204'), ('OLDPWD', '/home/xc2204/ros2_new_study/src'), ('TERM_PROGRAM_VERSION', '1.121.0'), ('VSCODE_IPC_HOOK_CLI', '/run/user/1000/vscode-ipc-88d29027-1a0e-4c95-88b0-4d70352ec398.sock'), ('ROS_PYTHON_VERSION', '3'), ('VSCODE_GIT_ASKPASS_MAIN', '/home/xc2204/.vscode-server/bin/f6cfa2ea2403534de03f069bdf160d06451ed282/extensions/git/dist/askpass-main.js'), ('VSCODE_GIT_ASKPASS_NODE', '/home/xc2204/.vscode-server/bin/f6cfa2ea2403534de03f069bdf160d06451ed282/node'), ('PYDEVD_DISABLE_FILE_VALIDATION', '1'), ('BUNDLED_DEBUGPY_PATH', '/home/xc2204/.vscode-server/extensions/ms-python.debugpy-2026.6.0-linux-x64/bundled/libs/debugpy'), ('VSCODE_PYTHON_AUTOACTIVATE_GUARD', '1'), ('DBUS_SESSION_BUS_ADDRESS', 'unix:path=/run/user/1000/bus'), ('COLORTERM', 'truecolor'), ('WSL_DISTRO_NAME', 'Ubuntu-22.04'), ('WAYLAND_DISPLAY', 'wayland-0'), ('COLCON_PREFIX_PATH', '/home/xc2204/ros2_new_study/install'), ('ROS_DISTRO', 'humble'), ('LOGNAME', 'xc2204'), ('NAME', 'DESKTOP-LOL67EV'), ('WSL_INTEROP', '/run/WSL/444_interop'), ('PULSE_SERVER', 'unix:/mnt/wslg/PulseServer'), ('_', '/usr/bin/colcon'), ('ROS_VERSION', '2'), ('TERM', 'xterm-256color'), ('ROS_LOCALHOST_ONLY', '0'), ('PATH', '/home/xc2204/.local/bin:/home/xc2204/.vscode-server/data/User/globalStorage/github.copilot-chat/debugCommand:/home/xc2204/.vscode-server/data/User/globalStorage/github.copilot-chat/copilotCli:/home/xc2204/.vscode-server/bin/f6cfa2ea2403534de03f069bdf160d06451ed282/bin/remote-cli:/home/xc2204/.local/bin:/home/xc2204/.local/bin:/opt/ros/humble/bin:/usr/local/sbin:/usr/local/bin:/usr/sbin:/usr/bin:/sbin:/bin:/usr/games:/usr/local/games:/usr/lib/wsl/lib:/mnt/c/app/vmware station/bin/:/mnt/c/app/python3.13.2/Scripts/:/mnt/c/app/python3.13.2/:/mnt/c/WINDOWS/system32:/mnt/c/WINDOWS:/mnt/c/WINDOWS/System32/Wbem:/mnt/c/WINDOWS/System32/WindowsPowerShell/v1.0/:/mnt/c/WINDOWS/System32/OpenSSH/:/mnt/c/Users/Administrator/AppData/Local/Microsoft/WindowsApps:/mnt/c/Recovery/OEM/Backup/:/mnt/c/Program Files/dotnet/:/mnt/c/Program Files (x86)/NVIDIA Corporation/PhysX/Common:/mnt/c/Windows Kits/10/Windows Performance Toolkit/:/mnt/c/WINDOWS/system32:/mnt/c/WINDOWS:/mnt/c/WINDOWS/System32/Wbem:/mnt/c/WINDOWS/System32/WindowsPowerShell/v1.0/:/mnt/c/WINDOWS/System32/OpenSSH/:/mnt/c/app/MySQL/MySQL/MySQL Server 8.0/bin:/mnt/c/Program Files/nvm:/mnt/c/nvm4w/nodejs:/mnt/c/ProgramData/chocolatey/bin:/mnt/c/Program Files/nvm/v16.18.0:/mnt/c/app/web_study/Java11.0.30/bin:/mnt/c/Program Files (x86)/Microsoft SQL Server/160/Tools/Binn/:/mnt/c/Program Files/Microsoft SQL Server/160/Tools/Binn/:/mnt/c/Program Files/Microsoft SQL Server/Client SDK/ODBC/170/Tools/Binn/:/mnt/c/Program Files/Microsoft SQL Server/160/DTS/Binn/:/mnt/c/Program Files (x86)/Windows Kits/8.1/Windows Performance Toolkit/:/mnt/c/Program Files/NVIDIA Corporation/NVIDIA App/NvDLISR:/mnt/c/app/git/git/Git/cmd:/mnt/c/app/git/git/Git/mingw64/bin:/mnt/c/app/git/git/Git/usr/bin:/mnt/d/app/Matlab/matlab/runtime/win64:/mnt/d/app/Matlab/matlab/bin:/mnt/c/Program Files/Docker/Docker/resources/bin:/mnt/c/Program Files (x86)/Go/bin:/mnt/c/app/MySQL/MySQL/MySQL Shell 8.0/bin/:/mnt/c/Users/xc/AppData/Local/Microsoft/WindowsApps:/mnt/c/app/vscode/Microsoft VS Code/bin:/mnt/c/app/idea/IntelliJ IDEA Community Edition 2025.1.1.1/bin:/mnt/c/Program Files/nvm:/mnt/c/nvm4w/nodejs:/mnt/b/app/anaconda:/mnt/b/app/anaconda/Scripts:/mnt/b/app/anaconda/Library/bin:/mnt/b/opencv/opencv/build/x64/vc16/bin:/mnt/c/Users/xc/.dotnet/tools:/mnt/c/Users/xc/AppData/Local/Programs/Ollama:/mnt/c/Users/xc/.local/bin/:/mnt/c/Users/xc/go/bin:/snap/bin:/home/xc2204/.vscode-server/extensions/ms-python.debugpy-2026.6.0-linux-x64/bundled/scripts/noConfigScripts'), ('XDG_RUNTIME_DIR', '/run/user/1000/'), ('DISPLAY', ':0'), ('VSCODE_DEBUGPY_ADAPTER_ENDPOINTS', '/home/xc2204/.vscode-server/extensions/ms-python.debugpy-2026.6.0-linux-x64/.noConfigDebugAdapterEndpoints/endpoint-62e707d203d127ef.txt'), ('LANG', 'C.UTF-8'), ('PYTHONSTARTUP', '/home/xc2204/.vscode-server/data/User/workspaceStorage/edf733d14958791d67cbdcdbb8519592/ms-python.python/pythonrc.py'), ('LS_COLORS', 'rs=0:di=01;34:ln=01;36:mh=00:pi=40;33:so=01;35:do=01;35:bd=40;33;01:cd=40;33;01:or=40;31;01:mi=00:su=37;41:sg=30;43:ca=30;41:tw=30;42:ow=34;42:st=37;44:ex=01;32:*.tar=01;31:*.tgz=01;31:*.arc=01;31:*.arj=01;31:*.taz=01;31:*.lha=01;31:*.lz4=01;31:*.lzh=01;31:*.lzma=01;31:*.tlz=01;31:*.txz=01;31:*.tzo=01;31:*.t7z=01;31:*.zip=01;31:*.z=01;31:*.dz=01;31:*.gz=01;31:*.lrz=01;31:*.lz=01;31:*.lzo=01;31:*.xz=01;31:*.zst=01;31:*.tzst=01;31:*.bz2=01;31:*.bz=01;31:*.tbz=01;31:*.tbz2=01;31:*.tz=01;31:*.deb=01;31:*.rpm=01;31:*.jar=01;31:*.war=01;31:*.ear=01;31:*.sar=01;31:*.rar=01;31:*.alz=01;31:*.ace=01;31:*.zoo=01;31:*.cpio=01;31:*.7z=01;31:*.rz=01;31:*.cab=01;31:*.wim=01;31:*.swm=01;31:*.dwm=01;31:*.esd=01;31:*.jpg=01;35:*.jpeg=01;35:*.mjpg=01;35:*.mjpeg=01;35:*.gif=01;35:*.bmp=01;35:*.pbm=01;35:*.pgm=01;35:*.ppm=01;35:*.tga=01;35:*.xbm=01;35:*.xpm=01;35:*.tif=01;35:*.tiff=01;35:*.png=01;35:*.svg=01;35:*.svgz=01;35:*.mng=01;35:*.pcx=01;35:*.mov=01;35:*.mpg=01;35:*.mpeg=01;35:*.m2v=01;35:*.mkv=01;35:*.webm=01;35:*.webp=01;35:*.ogm=01;35:*.mp4=01;35:*.m4v=01;35:*.mp4v=01;35:*.vob=01;35:*.qt=01;35:*.nuv=01;35:*.wmv=01;35:*.asf=01;35:*.rm=01;35:*.rmvb=01;35:*.flc=01;35:*.avi=01;35:*.fli=01;35:*.flv=01;35:*.gl=01;35:*.dl=01;35:*.xcf=01;35:*.xwd=01;35:*.yuv=01;35:*.cgm=01;35:*.emf=01;35:*.ogv=01;35:*.ogx=01;35:*.aac=00;36:*.au=00;36:*.flac=00;36:*.m4a=00;36:*.mid=00;36:*.midi=00;36:*.mka=00;36:*.mp3=00;36:*.mpc=00;36:*.ogg=00;36:*.ra=00;36:*.wav=00;36:*.oga=00;36:*.opus=00;36:*.spx=00;36:*.xspf=00;36:'), ('VSCODE_GIT_IPC_HANDLE', '/run/user/1000/vscode-git-0900024275.sock'), ('TERM_PROGRAM', 'vscode'), ('AMENT_PREFIX_PATH', '/home/xc2204/ros2_new_study/install/test_pkg:/home/xc2204/ros2_new_study/install/pc_stuts:/home/xc2204/ros2_new_study/install/msg_interfaces:/home/xc2204/ros2_new_study/install/face_detect:/opt/ros/humble'), ('SHELL', '/bin/bash'), ('LESSCLOSE', '/usr/bin/lesspipe %s %s'), ('VSCODE_GIT_ASKPASS_EXTRA_ARGS', ''), ('PWD', '/home/xc2204/ros2_new_study/build/msg_interfaces'), ('XDG_DATA_DIRS', '/usr/local/share:/usr/share:/var/lib/snapd/desktop'), ('PYTHONPATH', '/home/xc2204/ros2_new_study/install/test_pkg/lib/python3.10/site-packages:/home/xc2204/ros2_new_study/install/pc_stuts/lib/python3.10/site-packages:/home/xc2204/ros2_new_study/install/msg_interfaces/local/lib/python3.10/dist-packages:/home/xc2204/ros2_new_study/install/face_detect/lib/python3.10/site-packages:/opt/ros/humble/lib/python3.10/site-packages:/opt/ros/humble/local/lib/python3.10/dist-packages'), ('COLCON', '1'), ('WSL2_GUI_APPS_ENABLED', '1'), ('HOSTTYPE', 'x86_64'), ('CMAKE_PREFIX_PATH', '/home/xc2204/ros2_new_study/install/msg_interfaces:/home/xc2204/ros2_new_study/install/test_pkg:/home/xc2204/ros2_new_study/install/pc_stuts:/home/xc2204/ros2_new_study/install/face_detect:/opt/ros/humble'), ('WSLENV', 'VSCODE_WSL_EXT_LOCATION/up')]), 'shell': False}
[8.199118] (msg_interfaces) StdoutLine: {'line': b'-- Install configuration: ""\n'}
[8.199691] (msg_interfaces) StdoutLine: {'line': b'-- Installing: /home/xc2204/ros2_new_study/install/msg_interfaces/share/ament_index/resource_index/rosidl_interfaces/msg_interfaces\n'}
[8.199865] (msg_interfaces) StdoutLine: {'line': b'-- Installing: /home/xc2204/ros2_new_study/install/msg_interfaces/include/msg_interfaces/msg_interfaces\n'}
[8.200252] (msg_interfaces) StdoutLine: {'line': b'-- Installing: /home/xc2204/ros2_new_study/install/msg_interfaces/include/msg_interfaces/msg_interfaces/msg\n'}
[8.200450] (msg_interfaces) StdoutLine: {'line': b'-- Installing: /home/xc2204/ros2_new_study/install/msg_interfaces/include/msg_interfaces/msg_interfaces/msg/rosidl_generator_c__visibility_control.h\n'}
[8.200597] (msg_interfaces) StdoutLine: {'line': b'-- Installing: /home/xc2204/ros2_new_study/install/msg_interfaces/include/msg_interfaces/msg_interfaces/msg/detail\n'}
[8.200792] (msg_interfaces) StdoutLine: {'line': b'-- Installing: /home/xc2204/ros2_new_study/install/msg_interfaces/include/msg_interfaces/msg_interfaces/msg/detail/system_status__functions.h\n'}
[8.200970] (msg_interfaces) StdoutLine: {'line': b'-- Installing: /home/xc2204/ros2_new_study/install/msg_interfaces/include/msg_interfaces/msg_interfaces/msg/detail/system_status__struct.h\n'}
[8.201177] (msg_interfaces) StdoutLine: {'line': b'-- Installing: /home/xc2204/ros2_new_study/install/msg_interfaces/include/msg_interfaces/msg_interfaces/msg/detail/system_status__type_support.h\n'}
[8.201253] (msg_interfaces) StdoutLine: {'line': b'-- Installing: /home/xc2204/ros2_new_study/install/msg_interfaces/include/msg_interfaces/msg_interfaces/msg/detail/system_status__functions.c\n'}
[8.201350] (msg_interfaces) StdoutLine: {'line': b'-- Installing: /home/xc2204/ros2_new_study/install/msg_interfaces/include/msg_interfaces/msg_interfaces/msg/system_status.h\n'}
[8.201442] (msg_interfaces) StdoutLine: {'line': b'-- Installing: /home/xc2204/ros2_new_study/install/msg_interfaces/include/msg_interfaces/msg_interfaces/srv\n'}
[8.201791] (msg_interfaces) StdoutLine: {'line': b'-- Installing: /home/xc2204/ros2_new_study/install/msg_interfaces/include/msg_interfaces/msg_interfaces/srv/face_detector.h\n'}
[8.201853] (msg_interfaces) StdoutLine: {'line': b'-- Installing: /home/xc2204/ros2_new_study/install/msg_interfaces/include/msg_interfaces/msg_interfaces/srv/detail\n'}
[8.201888] (msg_interfaces) StdoutLine: {'line': b'-- Installing: /home/xc2204/ros2_new_study/install/msg_interfaces/include/msg_interfaces/msg_interfaces/srv/detail/face_detector__functions.h\n'}
[8.201917] (msg_interfaces) StdoutLine: {'line': b'-- Installing: /home/xc2204/ros2_new_study/install/msg_interfaces/include/msg_interfaces/msg_interfaces/srv/detail/face_detector__struct.h\n'}
[8.201946] (msg_interfaces) StdoutLine: {'line': b'-- Installing: /home/xc2204/ros2_new_study/install/msg_interfaces/include/msg_interfaces/msg_interfaces/srv/detail/face_detector__functions.c\n'}
[8.201974] (msg_interfaces) StdoutLine: {'line': b'-- Installing: /home/xc2204/ros2_new_study/install/msg_interfaces/include/msg_interfaces/msg_interfaces/srv/detail/face_detector__type_support.h\n'}
[8.202061] (msg_interfaces) StdoutLine: {'line': b'-- Installing: /home/xc2204/ros2_new_study/install/msg_interfaces/share/msg_interfaces/environment/library_path.sh\n'}
[8.202171] (msg_interfaces) StdoutLine: {'line': b'-- Installing: /home/xc2204/ros2_new_study/install/msg_interfaces/share/msg_interfaces/environment/library_path.dsv\n'}
[8.202357] (msg_interfaces) StdoutLine: {'line': b'-- Installing: /home/xc2204/ros2_new_study/install/msg_interfaces/lib/libmsg_interfaces__rosidl_generator_c.so\n'}
[8.202844] (msg_interfaces) StdoutLine: {'line': b'-- Set runtime path of "/home/xc2204/ros2_new_study/install/msg_interfaces/lib/libmsg_interfaces__rosidl_generator_c.so" to ""\n'}
[8.203102] (msg_interfaces) StdoutLine: {'line': b'-- Up-to-date: /home/xc2204/ros2_new_study/install/msg_interfaces/include/msg_interfaces/msg_interfaces\n'}
[8.203223] (msg_interfaces) StdoutLine: {'line': b'-- Up-to-date: /home/xc2204/ros2_new_study/install/msg_interfaces/include/msg_interfaces/msg_interfaces/msg\n'}
[8.203292] (msg_interfaces) StdoutLine: {'line': b'-- Installing: /home/xc2204/ros2_new_study/install/msg_interfaces/include/msg_interfaces/msg_interfaces/msg/rosidl_typesupport_fastrtps_c__visibility_control.h\n'}
[8.203463] (msg_interfaces) StdoutLine: {'line': b'-- Up-to-date: /home/xc2204/ros2_new_study/install/msg_interfaces/include/msg_interfaces/msg_interfaces/msg/detail\n'}
[8.203577] (msg_interfaces) StdoutLine: {'line': b'-- Installing: /home/xc2204/ros2_new_study/install/msg_interfaces/include/msg_interfaces/msg_interfaces/msg/detail/system_status__rosidl_typesupport_fastrtps_c.h\n'}
[8.203619] (msg_interfaces) StdoutLine: {'line': b'-- Up-to-date: /home/xc2204/ros2_new_study/install/msg_interfaces/include/msg_interfaces/msg_interfaces/srv\n'}
[8.203714] (msg_interfaces) StdoutLine: {'line': b'-- Up-to-date: /home/xc2204/ros2_new_study/install/msg_interfaces/include/msg_interfaces/msg_interfaces/srv/detail\n'}
[8.203773] (msg_interfaces) StdoutLine: {'line': b'-- Installing: /home/xc2204/ros2_new_study/install/msg_interfaces/include/msg_interfaces/msg_interfaces/srv/detail/face_detector__rosidl_typesupport_fastrtps_c.h\n'}
[8.203840] (msg_interfaces) StdoutLine: {'line': b'-- Installing: /home/xc2204/ros2_new_study/install/msg_interfaces/lib/libmsg_interfaces__rosidl_typesupport_fastrtps_c.so\n'}
[8.203972] (msg_interfaces) StdoutLine: {'line': b'-- Set runtime path of "/home/xc2204/ros2_new_study/install/msg_interfaces/lib/libmsg_interfaces__rosidl_typesupport_fastrtps_c.so" to ""\n'}
[8.204081] (msg_interfaces) StdoutLine: {'line': b'-- Up-to-date: /home/xc2204/ros2_new_study/install/msg_interfaces/include/msg_interfaces/msg_interfaces\n'}
[8.204177] (msg_interfaces) StdoutLine: {'line': b'-- Up-to-date: /home/xc2204/ros2_new_study/install/msg_interfaces/include/msg_interfaces/msg_interfaces/msg\n'}
[8.204230] (msg_interfaces) StdoutLine: {'line': b'-- Installing: /home/xc2204/ros2_new_study/install/msg_interfaces/include/msg_interfaces/msg_interfaces/msg/rosidl_typesupport_introspection_c__visibility_control.h\n'}
[8.204262] (msg_interfaces) StdoutLine: {'line': b'-- Up-to-date: /home/xc2204/ros2_new_study/install/msg_interfaces/include/msg_interfaces/msg_interfaces/msg/detail\n'}
[8.204292] (msg_interfaces) StdoutLine: {'line': b'-- Installing: /home/xc2204/ros2_new_study/install/msg_interfaces/include/msg_interfaces/msg_interfaces/msg/detail/system_status__type_support.c\n'}
[8.204458] (msg_interfaces) StdoutLine: {'line': b'-- Installing: /home/xc2204/ros2_new_study/install/msg_interfaces/include/msg_interfaces/msg_interfaces/msg/detail/system_status__rosidl_typesupport_introspection_c.h\n'}
[8.204672] (msg_interfaces) StdoutLine: {'line': b'-- Up-to-date: /home/xc2204/ros2_new_study/install/msg_interfaces/include/msg_interfaces/msg_interfaces/srv\n'}
[8.204836] (msg_interfaces) StdoutLine: {'line': b'-- Up-to-date: /home/xc2204/ros2_new_study/install/msg_interfaces/include/msg_interfaces/msg_interfaces/srv/detail\n'}
[8.204936] (msg_interfaces) StdoutLine: {'line': b'-- Installing: /home/xc2204/ros2_new_study/install/msg_interfaces/include/msg_interfaces/msg_interfaces/srv/detail/face_detector__rosidl_typesupport_introspection_c.h\n'}
[8.205087] (msg_interfaces) StdoutLine: {'line': b'-- Installing: /home/xc2204/ros2_new_study/install/msg_interfaces/include/msg_interfaces/msg_interfaces/srv/detail/face_detector__type_support.c\n'}
[8.205286] (msg_interfaces) StdoutLine: {'line': b'-- Installing: /home/xc2204/ros2_new_study/install/msg_interfaces/lib/libmsg_interfaces__rosidl_typesupport_introspection_c.so\n'}
[8.205638] (msg_interfaces) StdoutLine: {'line': b'-- Set runtime path of "/home/xc2204/ros2_new_study/install/msg_interfaces/lib/libmsg_interfaces__rosidl_typesupport_introspection_c.so" to ""\n'}
[8.205732] (msg_interfaces) StdoutLine: {'line': b'-- Installing: /home/xc2204/ros2_new_study/install/msg_interfaces/lib/libmsg_interfaces__rosidl_typesupport_c.so\n'}
[8.205992] (msg_interfaces) StdoutLine: {'line': b'-- Set runtime path of "/home/xc2204/ros2_new_study/install/msg_interfaces/lib/libmsg_interfaces__rosidl_typesupport_c.so" to ""\n'}
[8.206094] (msg_interfaces) StdoutLine: {'line': b'-- Up-to-date: /home/xc2204/ros2_new_study/install/msg_interfaces/include/msg_interfaces/msg_interfaces\n'}
[8.206300] (msg_interfaces) StdoutLine: {'line': b'-- Up-to-date: /home/xc2204/ros2_new_study/install/msg_interfaces/include/msg_interfaces/msg_interfaces/msg\n'}
[8.206428] (msg_interfaces) StdoutLine: {'line': b'-- Up-to-date: /home/xc2204/ros2_new_study/install/msg_interfaces/include/msg_interfaces/msg_interfaces/msg/detail\n'}
[8.206501] (msg_interfaces) StdoutLine: {'line': b'-- Installing: /home/xc2204/ros2_new_study/install/msg_interfaces/include/msg_interfaces/msg_interfaces/msg/detail/system_status__traits.hpp\n'}
[8.206569] (msg_interfaces) StdoutLine: {'line': b'-- Installing: /home/xc2204/ros2_new_study/install/msg_interfaces/include/msg_interfaces/msg_interfaces/msg/detail/system_status__struct.hpp\n'}
[8.206656] (msg_interfaces) StdoutLine: {'line': b'-- Installing: /home/xc2204/ros2_new_study/install/msg_interfaces/include/msg_interfaces/msg_interfaces/msg/detail/system_status__type_support.hpp\n'}
[8.206870] (msg_interfaces) StdoutLine: {'line': b'-- Installing: /home/xc2204/ros2_new_study/install/msg_interfaces/include/msg_interfaces/msg_interfaces/msg/detail/system_status__builder.hpp\n'}
[8.206966] (msg_interfaces) StdoutLine: {'line': b'-- Installing: /home/xc2204/ros2_new_study/install/msg_interfaces/include/msg_interfaces/msg_interfaces/msg/rosidl_generator_cpp__visibility_control.hpp\n'}
[8.207101] (msg_interfaces) StdoutLine: {'line': b'-- Installing: /home/xc2204/ros2_new_study/install/msg_interfaces/include/msg_interfaces/msg_interfaces/msg/system_status.hpp\n'}
[8.207184] (msg_interfaces) StdoutLine: {'line': b'-- Up-to-date: /home/xc2204/ros2_new_study/install/msg_interfaces/include/msg_interfaces/msg_interfaces/srv\n'}
[8.207264] (msg_interfaces) StdoutLine: {'line': b'-- Up-to-date: /home/xc2204/ros2_new_study/install/msg_interfaces/include/msg_interfaces/msg_interfaces/srv/detail\n'}
[8.207349] (msg_interfaces) StdoutLine: {'line': b'-- Installing: /home/xc2204/ros2_new_study/install/msg_interfaces/include/msg_interfaces/msg_interfaces/srv/detail/face_detector__traits.hpp\n'}
[8.207580] (msg_interfaces) StdoutLine: {'line': b'-- Installing: /home/xc2204/ros2_new_study/install/msg_interfaces/include/msg_interfaces/msg_interfaces/srv/detail/face_detector__builder.hpp\n'}
[8.207643] (msg_interfaces) StdoutLine: {'line': b'-- Installing: /home/xc2204/ros2_new_study/install/msg_interfaces/include/msg_interfaces/msg_interfaces/srv/detail/face_detector__type_support.hpp\n'}
[8.207679] (msg_interfaces) StdoutLine: {'line': b'-- Installing: /home/xc2204/ros2_new_study/install/msg_interfaces/include/msg_interfaces/msg_interfaces/srv/detail/face_detector__struct.hpp\n'}
[8.207710] (msg_interfaces) StdoutLine: {'line': b'-- Installing: /home/xc2204/ros2_new_study/install/msg_interfaces/include/msg_interfaces/msg_interfaces/srv/face_detector.hpp\n'}
[8.207742] (msg_interfaces) StdoutLine: {'line': b'-- Up-to-date: /home/xc2204/ros2_new_study/install/msg_interfaces/include/msg_interfaces/msg_interfaces\n'}
[8.207774] (msg_interfaces) StdoutLine: {'line': b'-- Up-to-date: /home/xc2204/ros2_new_study/install/msg_interfaces/include/msg_interfaces/msg_interfaces/msg\n'}
[8.207858] (msg_interfaces) StdoutLine: {'line': b'-- Installing: /home/xc2204/ros2_new_study/install/msg_interfaces/include/msg_interfaces/msg_interfaces/msg/rosidl_typesupport_fastrtps_cpp__visibility_control.h\n'}
[8.208048] (msg_interfaces) StdoutLine: {'line': b'-- Up-to-date: /home/xc2204/ros2_new_study/install/msg_interfaces/include/msg_interfaces/msg_interfaces/msg/detail\n'}
[8.208133] (msg_interfaces) StdoutLine: {'line': b'-- Installing: /home/xc2204/ros2_new_study/install/msg_interfaces/include/msg_interfaces/msg_interfaces/msg/detail/system_status__rosidl_typesupport_fastrtps_cpp.hpp\n'}
[8.208166] (msg_interfaces) StdoutLine: {'line': b'-- Installing: /home/xc2204/ros2_new_study/install/msg_interfaces/include/msg_interfaces/msg_interfaces/msg/detail/dds_fastrtps\n'}
[8.208195] (msg_interfaces) StdoutLine: {'line': b'-- Up-to-date: /home/xc2204/ros2_new_study/install/msg_interfaces/include/msg_interfaces/msg_interfaces/srv\n'}
[8.208231] (msg_interfaces) StdoutLine: {'line': b'-- Up-to-date: /home/xc2204/ros2_new_study/install/msg_interfaces/include/msg_interfaces/msg_interfaces/srv/detail\n'}
[8.208257] (msg_interfaces) StdoutLine: {'line': b'-- Installing: /home/xc2204/ros2_new_study/install/msg_interfaces/include/msg_interfaces/msg_interfaces/srv/detail/dds_fastrtps\n'}
[8.208461] (msg_interfaces) StdoutLine: {'line': b'-- Installing: /home/xc2204/ros2_new_study/install/msg_interfaces/include/msg_interfaces/msg_interfaces/srv/detail/face_detector__rosidl_typesupport_fastrtps_cpp.hpp\n'}
[8.208788] (msg_interfaces) StdoutLine: {'line': b'-- Installing: /home/xc2204/ros2_new_study/install/msg_interfaces/lib/libmsg_interfaces__rosidl_typesupport_fastrtps_cpp.so\n'}
[8.209180] (msg_interfaces) StdoutLine: {'line': b'-- Set runtime path of "/home/xc2204/ros2_new_study/install/msg_interfaces/lib/libmsg_interfaces__rosidl_typesupport_fastrtps_cpp.so" to ""\n'}
[8.209373] (msg_interfaces) StdoutLine: {'line': b'-- Up-to-date: /home/xc2204/ros2_new_study/install/msg_interfaces/include/msg_interfaces/msg_interfaces\n'}
[8.209418] (msg_interfaces) StdoutLine: {'line': b'-- Up-to-date: /home/xc2204/ros2_new_study/install/msg_interfaces/include/msg_interfaces/msg_interfaces/msg\n'}
[8.209449] (msg_interfaces) StdoutLine: {'line': b'-- Up-to-date: /home/xc2204/ros2_new_study/install/msg_interfaces/include/msg_interfaces/msg_interfaces/msg/detail\n'}
[8.209579] (msg_interfaces) StdoutLine: {'line': b'-- Installing: /home/xc2204/ros2_new_study/install/msg_interfaces/include/msg_interfaces/msg_interfaces/msg/detail/system_status__type_support.cpp\n'}
[8.209664] (msg_interfaces) StdoutLine: {'line': b'-- Installing: /home/xc2204/ros2_new_study/install/msg_interfaces/include/msg_interfaces/msg_interfaces/msg/detail/system_status__rosidl_typesupport_introspection_cpp.hpp\n'}
[8.209750] (msg_interfaces) StdoutLine: {'line': b'-- Up-to-date: /home/xc2204/ros2_new_study/install/msg_interfaces/include/msg_interfaces/msg_interfaces/srv\n'}
[8.209968] (msg_interfaces) StdoutLine: {'line': b'-- Up-to-date: /home/xc2204/ros2_new_study/install/msg_interfaces/include/msg_interfaces/msg_interfaces/srv/detail\n'}
[8.210017] (msg_interfaces) StdoutLine: {'line': b'-- Installing: /home/xc2204/ros2_new_study/install/msg_interfaces/include/msg_interfaces/msg_interfaces/srv/detail/face_detector__type_support.cpp\n'}
[8.210048] (msg_interfaces) StdoutLine: {'line': b'-- Installing: /home/xc2204/ros2_new_study/install/msg_interfaces/include/msg_interfaces/msg_interfaces/srv/detail/face_detector__rosidl_typesupport_introspection_cpp.hpp\n'}
[8.210077] (msg_interfaces) StdoutLine: {'line': b'-- Installing: /home/xc2204/ros2_new_study/install/msg_interfaces/lib/libmsg_interfaces__rosidl_typesupport_introspection_cpp.so\n'}
[8.210315] (msg_interfaces) StdoutLine: {'line': b'-- Set runtime path of "/home/xc2204/ros2_new_study/install/msg_interfaces/lib/libmsg_interfaces__rosidl_typesupport_introspection_cpp.so" to ""\n'}
[8.210388] (msg_interfaces) StdoutLine: {'line': b'-- Installing: /home/xc2204/ros2_new_study/install/msg_interfaces/lib/libmsg_interfaces__rosidl_typesupport_cpp.so\n'}
[8.210576] (msg_interfaces) StdoutLine: {'line': b'-- Set runtime path of "/home/xc2204/ros2_new_study/install/msg_interfaces/lib/libmsg_interfaces__rosidl_typesupport_cpp.so" to ""\n'}
[8.210758] (msg_interfaces) StdoutLine: {'line': b'-- Installing: /home/xc2204/ros2_new_study/install/msg_interfaces/share/msg_interfaces/environment/pythonpath.sh\n'}
[8.210919] (msg_interfaces) StdoutLine: {'line': b'-- Installing: /home/xc2204/ros2_new_study/install/msg_interfaces/share/msg_interfaces/environment/pythonpath.dsv\n'}
[8.211011] (msg_interfaces) StdoutLine: {'line': b'-- Installing: /home/xc2204/ros2_new_study/install/msg_interfaces/local/lib/python3.10/dist-packages/msg_interfaces-0.0.0-py3.10.egg-info\n'}
[8.211935] (msg_interfaces) StdoutLine: {'line': b'-- Installing: /home/xc2204/ros2_new_study/install/msg_interfaces/local/lib/python3.10/dist-packages/msg_interfaces-0.0.0-py3.10.egg-info/top_level.txt\n'}
[8.212205] (msg_interfaces) StdoutLine: {'line': b'-- Installing: /home/xc2204/ros2_new_study/install/msg_interfaces/local/lib/python3.10/dist-packages/msg_interfaces-0.0.0-py3.10.egg-info/SOURCES.txt\n'}
[8.212399] (msg_interfaces) StdoutLine: {'line': b'-- Installing: /home/xc2204/ros2_new_study/install/msg_interfaces/local/lib/python3.10/dist-packages/msg_interfaces-0.0.0-py3.10.egg-info/dependency_links.txt\n'}
[8.212566] (msg_interfaces) StdoutLine: {'line': b'-- Installing: /home/xc2204/ros2_new_study/install/msg_interfaces/local/lib/python3.10/dist-packages/msg_interfaces-0.0.0-py3.10.egg-info/PKG-INFO\n'}
[8.212725] (msg_interfaces) StdoutLine: {'line': b'-- Installing: /home/xc2204/ros2_new_study/install/msg_interfaces/local/lib/python3.10/dist-packages/msg_interfaces\n'}
[8.212965] (msg_interfaces) StdoutLine: {'line': b'-- Installing: /home/xc2204/ros2_new_study/install/msg_interfaces/local/lib/python3.10/dist-packages/msg_interfaces/_msg_interfaces_s.ep.rosidl_typesupport_c.c\n'}
[8.213089] (msg_interfaces) StdoutLine: {'line': b'-- Installing: /home/xc2204/ros2_new_study/install/msg_interfaces/local/lib/python3.10/dist-packages/msg_interfaces/msg\n'}
[8.213232] (msg_interfaces) StdoutLine: {'line': b'-- Installing: /home/xc2204/ros2_new_study/install/msg_interfaces/local/lib/python3.10/dist-packages/msg_interfaces/msg/_system_status.py\n'}
[8.213327] (msg_interfaces) StdoutLine: {'line': b'-- Installing: /home/xc2204/ros2_new_study/install/msg_interfaces/local/lib/python3.10/dist-packages/msg_interfaces/msg/_system_status_s.c\n'}
[8.213499] (msg_interfaces) StdoutLine: {'line': b'-- Installing: /home/xc2204/ros2_new_study/install/msg_interfaces/local/lib/python3.10/dist-packages/msg_interfaces/msg/__init__.py\n'}
[8.213597] (msg_interfaces) StdoutLine: {'line': b'-- Installing: /home/xc2204/ros2_new_study/install/msg_interfaces/local/lib/python3.10/dist-packages/msg_interfaces/libmsg_interfaces__rosidl_generator_py.so\n'}
[8.213716] (msg_interfaces) StdoutLine: {'line': b'-- Installing: /home/xc2204/ros2_new_study/install/msg_interfaces/local/lib/python3.10/dist-packages/msg_interfaces/_msg_interfaces_s.ep.rosidl_typesupport_fastrtps_c.c\n'}
[8.213753] (msg_interfaces) StdoutLine: {'line': b'-- Installing: /home/xc2204/ros2_new_study/install/msg_interfaces/local/lib/python3.10/dist-packages/msg_interfaces/srv\n'}
[8.213830] (msg_interfaces) StdoutLine: {'line': b'-- Installing: /home/xc2204/ros2_new_study/install/msg_interfaces/local/lib/python3.10/dist-packages/msg_interfaces/srv/_face_detector.py\n'}
[8.213920] (msg_interfaces) StdoutLine: {'line': b'-- Installing: /home/xc2204/ros2_new_study/install/msg_interfaces/local/lib/python3.10/dist-packages/msg_interfaces/srv/_face_detector_s.c\n'}
[8.213996] (msg_interfaces) StdoutLine: {'line': b'-- Installing: /home/xc2204/ros2_new_study/install/msg_interfaces/local/lib/python3.10/dist-packages/msg_interfaces/srv/__init__.py\n'}
[8.214124] (msg_interfaces) StdoutLine: {'line': b'-- Installing: /home/xc2204/ros2_new_study/install/msg_interfaces/local/lib/python3.10/dist-packages/msg_interfaces/_msg_interfaces_s.ep.rosidl_typesupport_introspection_c.c\n'}
[8.214280] (msg_interfaces) StdoutLine: {'line': b'-- Installing: /home/xc2204/ros2_new_study/install/msg_interfaces/local/lib/python3.10/dist-packages/msg_interfaces/msg_interfaces_s__rosidl_typesupport_fastrtps_c.cpython-310-x86_64-linux-gnu.so\n'}
[8.214361] (msg_interfaces) StdoutLine: {'line': b'-- Installing: /home/xc2204/ros2_new_study/install/msg_interfaces/local/lib/python3.10/dist-packages/msg_interfaces/msg_interfaces_s__rosidl_typesupport_c.cpython-310-x86_64-linux-gnu.so\n'}
[8.214487] (msg_interfaces) StdoutLine: {'line': b'-- Installing: /home/xc2204/ros2_new_study/install/msg_interfaces/local/lib/python3.10/dist-packages/msg_interfaces/msg_interfaces_s__rosidl_typesupport_introspection_c.cpython-310-x86_64-linux-gnu.so\n'}
[8.214541] (msg_interfaces) StdoutLine: {'line': b'-- Installing: /home/xc2204/ros2_new_study/install/msg_interfaces/local/lib/python3.10/dist-packages/msg_interfaces/__init__.py\n'}
[8.224046] (-) TimerEvent: {}
[8.248909] (msg_interfaces) StdoutLine: {'line': b"Listing '/home/xc2204/ros2_new_study/install/msg_interfaces/local/lib/python3.10/dist-packages/msg_interfaces'...\n"}
[8.249109] (msg_interfaces) StdoutLine: {'line': b"Compiling '/home/xc2204/ros2_new_study/install/msg_interfaces/local/lib/python3.10/dist-packages/msg_interfaces/__init__.py'...\n"}
[8.249173] (msg_interfaces) StdoutLine: {'line': b"Listing '/home/xc2204/ros2_new_study/install/msg_interfaces/local/lib/python3.10/dist-packages/msg_interfaces/msg'...\n"}
[8.249210] (msg_interfaces) StdoutLine: {'line': b"Compiling '/home/xc2204/ros2_new_study/install/msg_interfaces/local/lib/python3.10/dist-packages/msg_interfaces/msg/__init__.py'...\n"}
[8.249244] (msg_interfaces) StdoutLine: {'line': b"Compiling '/home/xc2204/ros2_new_study/install/msg_interfaces/local/lib/python3.10/dist-packages/msg_interfaces/msg/_system_status.py'...\n"}
[8.249283] (msg_interfaces) StdoutLine: {'line': b"Listing '/home/xc2204/ros2_new_study/install/msg_interfaces/local/lib/python3.10/dist-packages/msg_interfaces/srv'...\n"}
[8.249348] (msg_interfaces) StdoutLine: {'line': b"Compiling '/home/xc2204/ros2_new_study/install/msg_interfaces/local/lib/python3.10/dist-packages/msg_interfaces/srv/__init__.py'...\n"}
[8.249406] (msg_interfaces) StdoutLine: {'line': b"Compiling '/home/xc2204/ros2_new_study/install/msg_interfaces/local/lib/python3.10/dist-packages/msg_interfaces/srv/_face_detector.py'...\n"}
[8.253652] (msg_interfaces) StdoutLine: {'line': b'-- Installing: /home/xc2204/ros2_new_study/install/msg_interfaces/local/lib/python3.10/dist-packages/msg_interfaces/msg_interfaces_s__rosidl_typesupport_fastrtps_c.cpython-310-x86_64-linux-gnu.so\n'}
[8.253969] (msg_interfaces) StdoutLine: {'line': b'-- Set runtime path of "/home/xc2204/ros2_new_study/install/msg_interfaces/local/lib/python3.10/dist-packages/msg_interfaces/msg_interfaces_s__rosidl_typesupport_fastrtps_c.cpython-310-x86_64-linux-gnu.so" to ""\n'}
[8.254049] (msg_interfaces) StdoutLine: {'line': b'-- Installing: /home/xc2204/ros2_new_study/install/msg_interfaces/local/lib/python3.10/dist-packages/msg_interfaces/msg_interfaces_s__rosidl_typesupport_introspection_c.cpython-310-x86_64-linux-gnu.so\n'}
[8.254145] (msg_interfaces) StdoutLine: {'line': b'-- Set runtime path of "/home/xc2204/ros2_new_study/install/msg_interfaces/local/lib/python3.10/dist-packages/msg_interfaces/msg_interfaces_s__rosidl_typesupport_introspection_c.cpython-310-x86_64-linux-gnu.so" to ""\n'}
[8.254257] (msg_interfaces) StdoutLine: {'line': b'-- Installing: /home/xc2204/ros2_new_study/install/msg_interfaces/local/lib/python3.10/dist-packages/msg_interfaces/msg_interfaces_s__rosidl_typesupport_c.cpython-310-x86_64-linux-gnu.so\n'}
[8.254450] (msg_interfaces) StdoutLine: {'line': b'-- Set runtime path of "/home/xc2204/ros2_new_study/install/msg_interfaces/local/lib/python3.10/dist-packages/msg_interfaces/msg_interfaces_s__rosidl_typesupport_c.cpython-310-x86_64-linux-gnu.so" to ""\n'}
[8.254658] (msg_interfaces) StdoutLine: {'line': b'-- Installing: /home/xc2204/ros2_new_study/install/msg_interfaces/lib/libmsg_interfaces__rosidl_generator_py.so\n'}
[8.254901] (msg_interfaces) StdoutLine: {'line': b'-- Set runtime path of "/home/xc2204/ros2_new_study/install/msg_interfaces/lib/libmsg_interfaces__rosidl_generator_py.so" to ""\n'}
[8.255188] (msg_interfaces) StdoutLine: {'line': b'-- Installing: /home/xc2204/ros2_new_study/install/msg_interfaces/share/ament_index/resource_index/rust_packages/msg_interfaces\n'}
[8.255318] (msg_interfaces) StdoutLine: {'line': b'-- Installing: /home/xc2204/ros2_new_study/install/msg_interfaces/share/msg_interfaces/rust\n'}
[8.255525] (msg_interfaces) StdoutLine: {'line': b'-- Installing: /home/xc2204/ros2_new_study/install/msg_interfaces/share/msg_interfaces/rust/build.rs\n'}
[8.255781] (msg_interfaces) StdoutLine: {'line': b'-- Installing: /home/xc2204/ros2_new_study/install/msg_interfaces/share/msg_interfaces/rust/src\n'}
[8.256152] (msg_interfaces) StdoutLine: {'line': b'-- Installing: /home/xc2204/ros2_new_study/install/msg_interfaces/share/msg_interfaces/rust/src/srv.rs\n'}
[8.256393] (msg_interfaces) StdoutLine: {'line': b'-- Installing: /home/xc2204/ros2_new_study/install/msg_interfaces/share/msg_interfaces/rust/src/msg\n'}
[8.256486] (msg_interfaces) StdoutLine: {'line': b'-- Installing: /home/xc2204/ros2_new_study/install/msg_interfaces/share/msg_interfaces/rust/src/msg/rmw.rs\n'}
[8.256595] (msg_interfaces) StdoutLine: {'line': b'-- Installing: /home/xc2204/ros2_new_study/install/msg_interfaces/share/msg_interfaces/rust/src/lib.rs\n'}
[8.256649] (msg_interfaces) StdoutLine: {'line': b'-- Installing: /home/xc2204/ros2_new_study/install/msg_interfaces/share/msg_interfaces/rust/src/srv\n'}
[8.256785] (msg_interfaces) StdoutLine: {'line': b'-- Installing: /home/xc2204/ros2_new_study/install/msg_interfaces/share/msg_interfaces/rust/src/srv/rmw.rs\n'}
[8.256933] (msg_interfaces) StdoutLine: {'line': b'-- Installing: /home/xc2204/ros2_new_study/install/msg_interfaces/share/msg_interfaces/rust/src/msg.rs\n'}
[8.256999] (msg_interfaces) StdoutLine: {'line': b'-- Installing: /home/xc2204/ros2_new_study/install/msg_interfaces/share/msg_interfaces/rust/Cargo.toml\n'}
[8.257096] (msg_interfaces) StdoutLine: {'line': b'-- Installing: /home/xc2204/ros2_new_study/install/msg_interfaces/share/msg_interfaces/msg/SystemStatus.idl\n'}
[8.257413] (msg_interfaces) StdoutLine: {'line': b'-- Installing: /home/xc2204/ros2_new_study/install/msg_interfaces/share/msg_interfaces/srv/FaceDetector.idl\n'}
[8.257673] (msg_interfaces) StdoutLine: {'line': b'-- Installing: /home/xc2204/ros2_new_study/install/msg_interfaces/share/msg_interfaces/msg/SystemStatus.msg\n'}
[8.257818] (msg_interfaces) StdoutLine: {'line': b'-- Installing: /home/xc2204/ros2_new_study/install/msg_interfaces/share/msg_interfaces/srv/FaceDetector.srv\n'}
[8.257995] (msg_interfaces) StdoutLine: {'line': b'-- Installing: /home/xc2204/ros2_new_study/install/msg_interfaces/share/msg_interfaces/srv/FaceDetector_Request.msg\n'}
[8.258053] (msg_interfaces) StdoutLine: {'line': b'-- Installing: /home/xc2204/ros2_new_study/install/msg_interfaces/share/msg_interfaces/srv/FaceDetector_Response.msg\n'}
[8.258220] (msg_interfaces) StdoutLine: {'line': b'-- Installing: /home/xc2204/ros2_new_study/install/msg_interfaces/share/ament_index/resource_index/package_run_dependencies/msg_interfaces\n'}
[8.258538] (msg_interfaces) StdoutLine: {'line': b'-- Installing: /home/xc2204/ros2_new_study/install/msg_interfaces/share/ament_index/resource_index/parent_prefix_path/msg_interfaces\n'}
[8.258706] (msg_interfaces) StdoutLine: {'line': b'-- Installing: /home/xc2204/ros2_new_study/install/msg_interfaces/share/msg_interfaces/environment/ament_prefix_path.sh\n'}
[8.258774] (msg_interfaces) StdoutLine: {'line': b'-- Installing: /home/xc2204/ros2_new_study/install/msg_interfaces/share/msg_interfaces/environment/ament_prefix_path.dsv\n'}
[8.258908] (msg_interfaces) StdoutLine: {'line': b'-- Installing: /home/xc2204/ros2_new_study/install/msg_interfaces/share/msg_interfaces/environment/path.sh\n'}
[8.259095] (msg_interfaces) StdoutLine: {'line': b'-- Installing: /home/xc2204/ros2_new_study/install/msg_interfaces/share/msg_interfaces/environment/path.dsv\n'}
[8.259267] (msg_interfaces) StdoutLine: {'line': b'-- Installing: /home/xc2204/ros2_new_study/install/msg_interfaces/share/msg_interfaces/local_setup.bash\n'}
[8.259353] (msg_interfaces) StdoutLine: {'line': b'-- Installing: /home/xc2204/ros2_new_study/install/msg_interfaces/share/msg_interfaces/local_setup.sh\n'}
[8.259499] (msg_interfaces) StdoutLine: {'line': b'-- Installing: /home/xc2204/ros2_new_study/install/msg_interfaces/share/msg_interfaces/local_setup.zsh\n'}
[8.259565] (msg_interfaces) StdoutLine: {'line': b'-- Installing: /home/xc2204/ros2_new_study/install/msg_interfaces/share/msg_interfaces/local_setup.dsv\n'}
[8.259597] (msg_interfaces) StdoutLine: {'line': b'-- Installing: /home/xc2204/ros2_new_study/install/msg_interfaces/share/msg_interfaces/package.dsv\n'}
[8.259698] (msg_interfaces) StdoutLine: {'line': b'-- Installing: /home/xc2204/ros2_new_study/install/msg_interfaces/share/ament_index/resource_index/packages/msg_interfaces\n'}
[8.260034] (msg_interfaces) StdoutLine: {'line': b'-- Installing: /home/xc2204/ros2_new_study/install/msg_interfaces/share/msg_interfaces/cmake/export_msg_interfaces__rosidl_generator_cExport.cmake\n'}
[8.260191] (msg_interfaces) StdoutLine: {'line': b'-- Installing: /home/xc2204/ros2_new_study/install/msg_interfaces/share/msg_interfaces/cmake/export_msg_interfaces__rosidl_generator_cExport-noconfig.cmake\n'}
[8.260388] (msg_interfaces) StdoutLine: {'line': b'-- Installing: /home/xc2204/ros2_new_study/install/msg_interfaces/share/msg_interfaces/cmake/export_msg_interfaces__rosidl_typesupport_fastrtps_cExport.cmake\n'}
[8.260523] (msg_interfaces) StdoutLine: {'line': b'-- Installing: /home/xc2204/ros2_new_study/install/msg_interfaces/share/msg_interfaces/cmake/export_msg_interfaces__rosidl_typesupport_fastrtps_cExport-noconfig.cmake\n'}
[8.260562] (msg_interfaces) StdoutLine: {'line': b'-- Installing: /home/xc2204/ros2_new_study/install/msg_interfaces/share/msg_interfaces/cmake/msg_interfaces__rosidl_typesupport_introspection_cExport.cmake\n'}
[8.260685] (msg_interfaces) StdoutLine: {'line': b'-- Installing: /home/xc2204/ros2_new_study/install/msg_interfaces/share/msg_interfaces/cmake/msg_interfaces__rosidl_typesupport_introspection_cExport-noconfig.cmake\n'}
[8.260840] (msg_interfaces) StdoutLine: {'line': b'-- Installing: /home/xc2204/ros2_new_study/install/msg_interfaces/share/msg_interfaces/cmake/msg_interfaces__rosidl_typesupport_cExport.cmake\n'}
[8.260891] (msg_interfaces) StdoutLine: {'line': b'-- Installing: /home/xc2204/ros2_new_study/install/msg_interfaces/share/msg_interfaces/cmake/msg_interfaces__rosidl_typesupport_cExport-noconfig.cmake\n'}
[8.260995] (msg_interfaces) StdoutLine: {'line': b'-- Installing: /home/xc2204/ros2_new_study/install/msg_interfaces/share/msg_interfaces/cmake/export_msg_interfaces__rosidl_generator_cppExport.cmake\n'}
[8.261117] (msg_interfaces) StdoutLine: {'line': b'-- Installing: /home/xc2204/ros2_new_study/install/msg_interfaces/share/msg_interfaces/cmake/export_msg_interfaces__rosidl_typesupport_fastrtps_cppExport.cmake\n'}
[8.261266] (msg_interfaces) StdoutLine: {'line': b'-- Installing: /home/xc2204/ros2_new_study/install/msg_interfaces/share/msg_interfaces/cmake/export_msg_interfaces__rosidl_typesupport_fastrtps_cppExport-noconfig.cmake\n'}
[8.261413] (msg_interfaces) StdoutLine: {'line': b'-- Installing: /home/xc2204/ros2_new_study/install/msg_interfaces/share/msg_interfaces/cmake/msg_interfaces__rosidl_typesupport_introspection_cppExport.cmake\n'}
[8.261607] (msg_interfaces) StdoutLine: {'line': b'-- Installing: /home/xc2204/ros2_new_study/install/msg_interfaces/share/msg_interfaces/cmake/msg_interfaces__rosidl_typesupport_introspection_cppExport-noconfig.cmake\n'}
[8.261739] (msg_interfaces) StdoutLine: {'line': b'-- Installing: /home/xc2204/ros2_new_study/install/msg_interfaces/share/msg_interfaces/cmake/msg_interfaces__rosidl_typesupport_cppExport.cmake\n'}
[8.261807] (msg_interfaces) StdoutLine: {'line': b'-- Installing: /home/xc2204/ros2_new_study/install/msg_interfaces/share/msg_interfaces/cmake/msg_interfaces__rosidl_typesupport_cppExport-noconfig.cmake\n'}
[8.261841] (msg_interfaces) StdoutLine: {'line': b'-- Installing: /home/xc2204/ros2_new_study/install/msg_interfaces/share/msg_interfaces/cmake/export_msg_interfaces__rosidl_generator_pyExport.cmake\n'}
[8.261926] (msg_interfaces) StdoutLine: {'line': b'-- Installing: /home/xc2204/ros2_new_study/install/msg_interfaces/share/msg_interfaces/cmake/export_msg_interfaces__rosidl_generator_pyExport-noconfig.cmake\n'}
[8.262038] (msg_interfaces) StdoutLine: {'line': b'-- Installing: /home/xc2204/ros2_new_study/install/msg_interfaces/share/msg_interfaces/cmake/rosidl_cmake-extras.cmake\n'}
[8.262162] (msg_interfaces) StdoutLine: {'line': b'-- Installing: /home/xc2204/ros2_new_study/install/msg_interfaces/share/msg_interfaces/cmake/ament_cmake_export_dependencies-extras.cmake\n'}
[8.262293] (msg_interfaces) StdoutLine: {'line': b'-- Installing: /home/xc2204/ros2_new_study/install/msg_interfaces/share/msg_interfaces/cmake/ament_cmake_export_include_directories-extras.cmake\n'}
[8.262336] (msg_interfaces) StdoutLine: {'line': b'-- Installing: /home/xc2204/ros2_new_study/install/msg_interfaces/share/msg_interfaces/cmake/ament_cmake_export_libraries-extras.cmake\n'}
[8.262467] (msg_interfaces) StdoutLine: {'line': b'-- Installing: /home/xc2204/ros2_new_study/install/msg_interfaces/share/msg_interfaces/cmake/ament_cmake_export_targets-extras.cmake\n'}
[8.262558] (msg_interfaces) StdoutLine: {'line': b'-- Installing: /home/xc2204/ros2_new_study/install/msg_interfaces/share/msg_interfaces/cmake/rosidl_cmake_export_typesupport_targets-extras.cmake\n'}
[8.262709] (msg_interfaces) StdoutLine: {'line': b'-- Installing: /home/xc2204/ros2_new_study/install/msg_interfaces/share/msg_interfaces/cmake/rosidl_cmake_export_typesupport_libraries-extras.cmake\n'}
[8.262781] (msg_interfaces) StdoutLine: {'line': b'-- Installing: /home/xc2204/ros2_new_study/install/msg_interfaces/share/msg_interfaces/cmake/msg_interfacesConfig.cmake\n'}
[8.262895] (msg_interfaces) StdoutLine: {'line': b'-- Installing: /home/xc2204/ros2_new_study/install/msg_interfaces/share/msg_interfaces/cmake/msg_interfacesConfig-version.cmake\n'}
[8.263067] (msg_interfaces) StdoutLine: {'line': b'-- Installing: /home/xc2204/ros2_new_study/install/msg_interfaces/share/msg_interfaces/package.xml\n'}
[8.265371] (msg_interfaces) CommandEnded: {'returncode': 0}
[8.280525] (msg_interfaces) JobEnded: {'identifier': 'msg_interfaces', 'rc': 0}
[8.281562] (pc_stuts) JobStarted: {'identifier': 'pc_stuts'}
[8.286593] (test_pkg) JobStarted: {'identifier': 'test_pkg'}
[8.324209] (-) TimerEvent: {}
[8.424604] (-) TimerEvent: {}
[8.525112] (-) TimerEvent: {}
[8.625627] (-) TimerEvent: {}
[8.726244] (-) TimerEvent: {}
[8.826952] (-) TimerEvent: {}
[8.927414] (-) TimerEvent: {}
[9.027795] (-) TimerEvent: {}
[9.128188] (-) TimerEvent: {}
[9.228644] (-) TimerEvent: {}
[9.294470] (test_pkg) Command: {'cmd': ['/usr/bin/python3', '-W', 'ignore:setup.py install is deprecated', '-W', 'ignore:easy_install command is deprecated', 'setup.py', 'egg_info', '--egg-base', '../../build/test_pkg', 'build', '--build-base', '/home/xc2204/ros2_new_study/build/test_pkg/build', 'install', '--record', '/home/xc2204/ros2_new_study/build/test_pkg/install.log', '--single-version-externally-managed', 'install_data'], 'cwd': '/home/xc2204/ros2_new_study/src/test_pkg', 'env': {'PYTHON_BASIC_REPL': '1', 'LESSOPEN': '| /usr/bin/lesspipe %s', 'USER': 'xc2204', 'GIT_ASKPASS': '/home/xc2204/.vscode-server/bin/f6cfa2ea2403534de03f069bdf160d06451ed282/extensions/git/dist/askpass.sh', 'SHLVL': '1', 'RCUTILS_CONSOLE_OUTPUT_FORMAT': '[{function_name}:{line_number}]: {message}', 'LD_LIBRARY_PATH': '/home/xc2204/ros2_new_study/install/msg_interfaces/lib:/usr/lib/x86_64-linux-gnu/gazebo-11/plugins:/opt/ros/humble/opt/rviz_ogre_vendor/lib:/opt/ros/humble/lib/x86_64-linux-gnu:/opt/ros/humble/lib', 'MOTD_SHOWN': 'update-motd', 'HOME': '/home/xc2204', 'OLDPWD': '/home/xc2204/ros2_new_study/src', 'TERM_PROGRAM_VERSION': '1.121.0', 'VSCODE_IPC_HOOK_CLI': '/run/user/1000/vscode-ipc-88d29027-1a0e-4c95-88b0-4d70352ec398.sock', 'ROS_PYTHON_VERSION': '3', 'VSCODE_GIT_ASKPASS_MAIN': '/home/xc2204/.vscode-server/bin/f6cfa2ea2403534de03f069bdf160d06451ed282/extensions/git/dist/askpass-main.js', 'VSCODE_GIT_ASKPASS_NODE': '/home/xc2204/.vscode-server/bin/f6cfa2ea2403534de03f069bdf160d06451ed282/node', 'PYDEVD_DISABLE_FILE_VALIDATION': '1', 'BUNDLED_DEBUGPY_PATH': '/home/xc2204/.vscode-server/extensions/ms-python.debugpy-2026.6.0-linux-x64/bundled/libs/debugpy', 'VSCODE_PYTHON_AUTOACTIVATE_GUARD': '1', 'DBUS_SESSION_BUS_ADDRESS': 'unix:path=/run/user/1000/bus', 'COLORTERM': 'truecolor', 'WSL_DISTRO_NAME': 'Ubuntu-22.04', 'WAYLAND_DISPLAY': 'wayland-0', 'COLCON_PREFIX_PATH': '/home/xc2204/ros2_new_study/install', 'ROS_DISTRO': 'humble', 'LOGNAME': 'xc2204', 'NAME': 'DESKTOP-LOL67EV', 'WSL_INTEROP': '/run/WSL/444_interop', 'PULSE_SERVER': 'unix:/mnt/wslg/PulseServer', '_': '/usr/bin/colcon', 'ROS_VERSION': '2', 'TERM': 'xterm-256color', 'ROS_LOCALHOST_ONLY': '0', 'PATH': '/home/xc2204/.local/bin:/home/xc2204/.vscode-server/data/User/globalStorage/github.copilot-chat/debugCommand:/home/xc2204/.vscode-server/data/User/globalStorage/github.copilot-chat/copilotCli:/home/xc2204/.vscode-server/bin/f6cfa2ea2403534de03f069bdf160d06451ed282/bin/remote-cli:/home/xc2204/.local/bin:/home/xc2204/.local/bin:/opt/ros/humble/bin:/usr/local/sbin:/usr/local/bin:/usr/sbin:/usr/bin:/sbin:/bin:/usr/games:/usr/local/games:/usr/lib/wsl/lib:/mnt/c/app/vmware station/bin/:/mnt/c/app/python3.13.2/Scripts/:/mnt/c/app/python3.13.2/:/mnt/c/WINDOWS/system32:/mnt/c/WINDOWS:/mnt/c/WINDOWS/System32/Wbem:/mnt/c/WINDOWS/System32/WindowsPowerShell/v1.0/:/mnt/c/WINDOWS/System32/OpenSSH/:/mnt/c/Users/Administrator/AppData/Local/Microsoft/WindowsApps:/mnt/c/Recovery/OEM/Backup/:/mnt/c/Program Files/dotnet/:/mnt/c/Program Files (x86)/NVIDIA Corporation/PhysX/Common:/mnt/c/Windows Kits/10/Windows Performance Toolkit/:/mnt/c/WINDOWS/system32:/mnt/c/WINDOWS:/mnt/c/WINDOWS/System32/Wbem:/mnt/c/WINDOWS/System32/WindowsPowerShell/v1.0/:/mnt/c/WINDOWS/System32/OpenSSH/:/mnt/c/app/MySQL/MySQL/MySQL Server 8.0/bin:/mnt/c/Program Files/nvm:/mnt/c/nvm4w/nodejs:/mnt/c/ProgramData/chocolatey/bin:/mnt/c/Program Files/nvm/v16.18.0:/mnt/c/app/web_study/Java11.0.30/bin:/mnt/c/Program Files (x86)/Microsoft SQL Server/160/Tools/Binn/:/mnt/c/Program Files/Microsoft SQL Server/160/Tools/Binn/:/mnt/c/Program Files/Microsoft SQL Server/Client SDK/ODBC/170/Tools/Binn/:/mnt/c/Program Files/Microsoft SQL Server/160/DTS/Binn/:/mnt/c/Program Files (x86)/Windows Kits/8.1/Windows Performance Toolkit/:/mnt/c/Program Files/NVIDIA Corporation/NVIDIA App/NvDLISR:/mnt/c/app/git/git/Git/cmd:/mnt/c/app/git/git/Git/mingw64/bin:/mnt/c/app/git/git/Git/usr/bin:/mnt/d/app/Matlab/matlab/runtime/win64:/mnt/d/app/Matlab/matlab/bin:/mnt/c/Program Files/Docker/Docker/resources/bin:/mnt/c/Program Files (x86)/Go/bin:/mnt/c/app/MySQL/MySQL/MySQL Shell 8.0/bin/:/mnt/c/Users/xc/AppData/Local/Microsoft/WindowsApps:/mnt/c/app/vscode/Microsoft VS Code/bin:/mnt/c/app/idea/IntelliJ IDEA Community Edition 2025.1.1.1/bin:/mnt/c/Program Files/nvm:/mnt/c/nvm4w/nodejs:/mnt/b/app/anaconda:/mnt/b/app/anaconda/Scripts:/mnt/b/app/anaconda/Library/bin:/mnt/b/opencv/opencv/build/x64/vc16/bin:/mnt/c/Users/xc/.dotnet/tools:/mnt/c/Users/xc/AppData/Local/Programs/Ollama:/mnt/c/Users/xc/.local/bin/:/mnt/c/Users/xc/go/bin:/snap/bin:/home/xc2204/.vscode-server/extensions/ms-python.debugpy-2026.6.0-linux-x64/bundled/scripts/noConfigScripts', 'XDG_RUNTIME_DIR': '/run/user/1000/', 'DISPLAY': ':0', 'VSCODE_DEBUGPY_ADAPTER_ENDPOINTS': '/home/xc2204/.vscode-server/extensions/ms-python.debugpy-2026.6.0-linux-x64/.noConfigDebugAdapterEndpoints/endpoint-62e707d203d127ef.txt', 'LANG': 'C.UTF-8', 'PYTHONSTARTUP': '/home/xc2204/.vscode-server/data/User/workspaceStorage/edf733d14958791d67cbdcdbb8519592/ms-python.python/pythonrc.py', 'LS_COLORS': 'rs=0:di=01;34:ln=01;36:mh=00:pi=40;33:so=01;35:do=01;35:bd=40;33;01:cd=40;33;01:or=40;31;01:mi=00:su=37;41:sg=30;43:ca=30;41:tw=30;42:ow=34;42:st=37;44:ex=01;32:*.tar=01;31:*.tgz=01;31:*.arc=01;31:*.arj=01;31:*.taz=01;31:*.lha=01;31:*.lz4=01;31:*.lzh=01;31:*.lzma=01;31:*.tlz=01;31:*.txz=01;31:*.tzo=01;31:*.t7z=01;31:*.zip=01;31:*.z=01;31:*.dz=01;31:*.gz=01;31:*.lrz=01;31:*.lz=01;31:*.lzo=01;31:*.xz=01;31:*.zst=01;31:*.tzst=01;31:*.bz2=01;31:*.bz=01;31:*.tbz=01;31:*.tbz2=01;31:*.tz=01;31:*.deb=01;31:*.rpm=01;31:*.jar=01;31:*.war=01;31:*.ear=01;31:*.sar=01;31:*.rar=01;31:*.alz=01;31:*.ace=01;31:*.zoo=01;31:*.cpio=01;31:*.7z=01;31:*.rz=01;31:*.cab=01;31:*.wim=01;31:*.swm=01;31:*.dwm=01;31:*.esd=01;31:*.jpg=01;35:*.jpeg=01;35:*.mjpg=01;35:*.mjpeg=01;35:*.gif=01;35:*.bmp=01;35:*.pbm=01;35:*.pgm=01;35:*.ppm=01;35:*.tga=01;35:*.xbm=01;35:*.xpm=01;35:*.tif=01;35:*.tiff=01;35:*.png=01;35:*.svg=01;35:*.svgz=01;35:*.mng=01;35:*.pcx=01;35:*.mov=01;35:*.mpg=01;35:*.mpeg=01;35:*.m2v=01;35:*.mkv=01;35:*.webm=01;35:*.webp=01;35:*.ogm=01;35:*.mp4=01;35:*.m4v=01;35:*.mp4v=01;35:*.vob=01;35:*.qt=01;35:*.nuv=01;35:*.wmv=01;35:*.asf=01;35:*.rm=01;35:*.rmvb=01;35:*.flc=01;35:*.avi=01;35:*.fli=01;35:*.flv=01;35:*.gl=01;35:*.dl=01;35:*.xcf=01;35:*.xwd=01;35:*.yuv=01;35:*.cgm=01;35:*.emf=01;35:*.ogv=01;35:*.ogx=01;35:*.aac=00;36:*.au=00;36:*.flac=00;36:*.m4a=00;36:*.mid=00;36:*.midi=00;36:*.mka=00;36:*.mp3=00;36:*.mpc=00;36:*.ogg=00;36:*.ra=00;36:*.wav=00;36:*.oga=00;36:*.opus=00;36:*.spx=00;36:*.xspf=00;36:', 'VSCODE_GIT_IPC_HANDLE': '/run/user/1000/vscode-git-0900024275.sock', 'TERM_PROGRAM': 'vscode', 'AMENT_PREFIX_PATH': '/home/xc2204/ros2_new_study/install/test_pkg:/home/xc2204/ros2_new_study/install/pc_stuts:/home/xc2204/ros2_new_study/install/msg_interfaces:/home/xc2204/ros2_new_study/install/face_detect:/opt/ros/humble', 'SHELL': '/bin/bash', 'LESSCLOSE': '/usr/bin/lesspipe %s %s', 'VSCODE_GIT_ASKPASS_EXTRA_ARGS': '', 'PWD': '/home/xc2204/ros2_new_study/build/test_pkg', 'XDG_DATA_DIRS': '/usr/local/share:/usr/share:/var/lib/snapd/desktop', 'PYTHONPATH': '/home/xc2204/ros2_new_study/build/test_pkg/prefix_override:/usr/lib/python3/dist-packages/colcon_core/task/python/colcon_distutils_commands:/home/xc2204/ros2_new_study/install/test_pkg/lib/python3.10/site-packages:/home/xc2204/ros2_new_study/install/test_pkg/lib/python3.10/site-packages:/home/xc2204/ros2_new_study/install/pc_stuts/lib/python3.10/site-packages:/home/xc2204/ros2_new_study/install/msg_interfaces/local/lib/python3.10/dist-packages:/home/xc2204/ros2_new_study/install/face_detect/lib/python3.10/site-packages:/opt/ros/humble/lib/python3.10/site-packages:/opt/ros/humble/local/lib/python3.10/dist-packages', 'COLCON': '1', 'WSL2_GUI_APPS_ENABLED': '1', 'HOSTTYPE': 'x86_64', 'CMAKE_PREFIX_PATH': '/home/xc2204/ros2_new_study/install/msg_interfaces', 'WSLENV': 'VSCODE_WSL_EXT_LOCATION/up'}, 'shell': False}
[9.328778] (-) TimerEvent: {}
[9.429197] (-) TimerEvent: {}
[9.520093] (pc_stuts) Command: {'cmd': ['/usr/bin/python3', '-W', 'ignore:setup.py install is deprecated', '-W', 'ignore:easy_install command is deprecated', 'setup.py', 'egg_info', '--egg-base', '../../build/pc_stuts', 'build', '--build-base', '/home/xc2204/ros2_new_study/build/pc_stuts/build', 'install', '--record', '/home/xc2204/ros2_new_study/build/pc_stuts/install.log', '--single-version-externally-managed', 'install_data'], 'cwd': '/home/xc2204/ros2_new_study/src/pc_stuts', 'env': {'PYTHON_BASIC_REPL': '1', 'LESSOPEN': '| /usr/bin/lesspipe %s', 'USER': 'xc2204', 'GIT_ASKPASS': '/home/xc2204/.vscode-server/bin/f6cfa2ea2403534de03f069bdf160d06451ed282/extensions/git/dist/askpass.sh', 'SHLVL': '1', 'RCUTILS_CONSOLE_OUTPUT_FORMAT': '[{function_name}:{line_number}]: {message}', 'LD_LIBRARY_PATH': '/home/xc2204/ros2_new_study/install/msg_interfaces/lib:/usr/lib/x86_64-linux-gnu/gazebo-11/plugins:/opt/ros/humble/opt/rviz_ogre_vendor/lib:/opt/ros/humble/lib/x86_64-linux-gnu:/opt/ros/humble/lib', 'MOTD_SHOWN': 'update-motd', 'HOME': '/home/xc2204', 'OLDPWD': '/home/xc2204/ros2_new_study/src', 'TERM_PROGRAM_VERSION': '1.121.0', 'VSCODE_IPC_HOOK_CLI': '/run/user/1000/vscode-ipc-88d29027-1a0e-4c95-88b0-4d70352ec398.sock', 'ROS_PYTHON_VERSION': '3', 'VSCODE_GIT_ASKPASS_MAIN': '/home/xc2204/.vscode-server/bin/f6cfa2ea2403534de03f069bdf160d06451ed282/extensions/git/dist/askpass-main.js', 'VSCODE_GIT_ASKPASS_NODE': '/home/xc2204/.vscode-server/bin/f6cfa2ea2403534de03f069bdf160d06451ed282/node', 'PYDEVD_DISABLE_FILE_VALIDATION': '1', 'BUNDLED_DEBUGPY_PATH': '/home/xc2204/.vscode-server/extensions/ms-python.debugpy-2026.6.0-linux-x64/bundled/libs/debugpy', 'VSCODE_PYTHON_AUTOACTIVATE_GUARD': '1', 'DBUS_SESSION_BUS_ADDRESS': 'unix:path=/run/user/1000/bus', 'COLORTERM': 'truecolor', 'WSL_DISTRO_NAME': 'Ubuntu-22.04', 'WAYLAND_DISPLAY': 'wayland-0', 'COLCON_PREFIX_PATH': '/home/xc2204/ros2_new_study/install', 'ROS_DISTRO': 'humble', 'LOGNAME': 'xc2204', 'NAME': 'DESKTOP-LOL67EV', 'WSL_INTEROP': '/run/WSL/444_interop', 'PULSE_SERVER': 'unix:/mnt/wslg/PulseServer', '_': '/usr/bin/colcon', 'ROS_VERSION': '2', 'TERM': 'xterm-256color', 'ROS_LOCALHOST_ONLY': '0', 'PATH': '/home/xc2204/.local/bin:/home/xc2204/.vscode-server/data/User/globalStorage/github.copilot-chat/debugCommand:/home/xc2204/.vscode-server/data/User/globalStorage/github.copilot-chat/copilotCli:/home/xc2204/.vscode-server/bin/f6cfa2ea2403534de03f069bdf160d06451ed282/bin/remote-cli:/home/xc2204/.local/bin:/home/xc2204/.local/bin:/opt/ros/humble/bin:/usr/local/sbin:/usr/local/bin:/usr/sbin:/usr/bin:/sbin:/bin:/usr/games:/usr/local/games:/usr/lib/wsl/lib:/mnt/c/app/vmware station/bin/:/mnt/c/app/python3.13.2/Scripts/:/mnt/c/app/python3.13.2/:/mnt/c/WINDOWS/system32:/mnt/c/WINDOWS:/mnt/c/WINDOWS/System32/Wbem:/mnt/c/WINDOWS/System32/WindowsPowerShell/v1.0/:/mnt/c/WINDOWS/System32/OpenSSH/:/mnt/c/Users/Administrator/AppData/Local/Microsoft/WindowsApps:/mnt/c/Recovery/OEM/Backup/:/mnt/c/Program Files/dotnet/:/mnt/c/Program Files (x86)/NVIDIA Corporation/PhysX/Common:/mnt/c/Windows Kits/10/Windows Performance Toolkit/:/mnt/c/WINDOWS/system32:/mnt/c/WINDOWS:/mnt/c/WINDOWS/System32/Wbem:/mnt/c/WINDOWS/System32/WindowsPowerShell/v1.0/:/mnt/c/WINDOWS/System32/OpenSSH/:/mnt/c/app/MySQL/MySQL/MySQL Server 8.0/bin:/mnt/c/Program Files/nvm:/mnt/c/nvm4w/nodejs:/mnt/c/ProgramData/chocolatey/bin:/mnt/c/Program Files/nvm/v16.18.0:/mnt/c/app/web_study/Java11.0.30/bin:/mnt/c/Program Files (x86)/Microsoft SQL Server/160/Tools/Binn/:/mnt/c/Program Files/Microsoft SQL Server/160/Tools/Binn/:/mnt/c/Program Files/Microsoft SQL Server/Client SDK/ODBC/170/Tools/Binn/:/mnt/c/Program Files/Microsoft SQL Server/160/DTS/Binn/:/mnt/c/Program Files (x86)/Windows Kits/8.1/Windows Performance Toolkit/:/mnt/c/Program Files/NVIDIA Corporation/NVIDIA App/NvDLISR:/mnt/c/app/git/git/Git/cmd:/mnt/c/app/git/git/Git/mingw64/bin:/mnt/c/app/git/git/Git/usr/bin:/mnt/d/app/Matlab/matlab/runtime/win64:/mnt/d/app/Matlab/matlab/bin:/mnt/c/Program Files/Docker/Docker/resources/bin:/mnt/c/Program Files (x86)/Go/bin:/mnt/c/app/MySQL/MySQL/MySQL Shell 8.0/bin/:/mnt/c/Users/xc/AppData/Local/Microsoft/WindowsApps:/mnt/c/app/vscode/Microsoft VS Code/bin:/mnt/c/app/idea/IntelliJ IDEA Community Edition 2025.1.1.1/bin:/mnt/c/Program Files/nvm:/mnt/c/nvm4w/nodejs:/mnt/b/app/anaconda:/mnt/b/app/anaconda/Scripts:/mnt/b/app/anaconda/Library/bin:/mnt/b/opencv/opencv/build/x64/vc16/bin:/mnt/c/Users/xc/.dotnet/tools:/mnt/c/Users/xc/AppData/Local/Programs/Ollama:/mnt/c/Users/xc/.local/bin/:/mnt/c/Users/xc/go/bin:/snap/bin:/home/xc2204/.vscode-server/extensions/ms-python.debugpy-2026.6.0-linux-x64/bundled/scripts/noConfigScripts', 'XDG_RUNTIME_DIR': '/run/user/1000/', 'DISPLAY': ':0', 'VSCODE_DEBUGPY_ADAPTER_ENDPOINTS': '/home/xc2204/.vscode-server/extensions/ms-python.debugpy-2026.6.0-linux-x64/.noConfigDebugAdapterEndpoints/endpoint-62e707d203d127ef.txt', 'LANG': 'C.UTF-8', 'PYTHONSTARTUP': '/home/xc2204/.vscode-server/data/User/workspaceStorage/edf733d14958791d67cbdcdbb8519592/ms-python.python/pythonrc.py', 'LS_COLORS': 'rs=0:di=01;34:ln=01;36:mh=00:pi=40;33:so=01;35:do=01;35:bd=40;33;01:cd=40;33;01:or=40;31;01:mi=00:su=37;41:sg=30;43:ca=30;41:tw=30;42:ow=34;42:st=37;44:ex=01;32:*.tar=01;31:*.tgz=01;31:*.arc=01;31:*.arj=01;31:*.taz=01;31:*.lha=01;31:*.lz4=01;31:*.lzh=01;31:*.lzma=01;31:*.tlz=01;31:*.txz=01;31:*.tzo=01;31:*.t7z=01;31:*.zip=01;31:*.z=01;31:*.dz=01;31:*.gz=01;31:*.lrz=01;31:*.lz=01;31:*.lzo=01;31:*.xz=01;31:*.zst=01;31:*.tzst=01;31:*.bz2=01;31:*.bz=01;31:*.tbz=01;31:*.tbz2=01;31:*.tz=01;31:*.deb=01;31:*.rpm=01;31:*.jar=01;31:*.war=01;31:*.ear=01;31:*.sar=01;31:*.rar=01;31:*.alz=01;31:*.ace=01;31:*.zoo=01;31:*.cpio=01;31:*.7z=01;31:*.rz=01;31:*.cab=01;31:*.wim=01;31:*.swm=01;31:*.dwm=01;31:*.esd=01;31:*.jpg=01;35:*.jpeg=01;35:*.mjpg=01;35:*.mjpeg=01;35:*.gif=01;35:*.bmp=01;35:*.pbm=01;35:*.pgm=01;35:*.ppm=01;35:*.tga=01;35:*.xbm=01;35:*.xpm=01;35:*.tif=01;35:*.tiff=01;35:*.png=01;35:*.svg=01;35:*.svgz=01;35:*.mng=01;35:*.pcx=01;35:*.mov=01;35:*.mpg=01;35:*.mpeg=01;35:*.m2v=01;35:*.mkv=01;35:*.webm=01;35:*.webp=01;35:*.ogm=01;35:*.mp4=01;35:*.m4v=01;35:*.mp4v=01;35:*.vob=01;35:*.qt=01;35:*.nuv=01;35:*.wmv=01;35:*.asf=01;35:*.rm=01;35:*.rmvb=01;35:*.flc=01;35:*.avi=01;35:*.fli=01;35:*.flv=01;35:*.gl=01;35:*.dl=01;35:*.xcf=01;35:*.xwd=01;35:*.yuv=01;35:*.cgm=01;35:*.emf=01;35:*.ogv=01;35:*.ogx=01;35:*.aac=00;36:*.au=00;36:*.flac=00;36:*.m4a=00;36:*.mid=00;36:*.midi=00;36:*.mka=00;36:*.mp3=00;36:*.mpc=00;36:*.ogg=00;36:*.ra=00;36:*.wav=00;36:*.oga=00;36:*.opus=00;36:*.spx=00;36:*.xspf=00;36:', 'VSCODE_GIT_IPC_HANDLE': '/run/user/1000/vscode-git-0900024275.sock', 'TERM_PROGRAM': 'vscode', 'AMENT_PREFIX_PATH': '/home/xc2204/ros2_new_study/install/test_pkg:/home/xc2204/ros2_new_study/install/pc_stuts:/home/xc2204/ros2_new_study/install/msg_interfaces:/home/xc2204/ros2_new_study/install/face_detect:/opt/ros/humble', 'SHELL': '/bin/bash', 'LESSCLOSE': '/usr/bin/lesspipe %s %s', 'VSCODE_GIT_ASKPASS_EXTRA_ARGS': '', 'PWD': '/home/xc2204/ros2_new_study/build/pc_stuts', 'XDG_DATA_DIRS': '/usr/local/share:/usr/share:/var/lib/snapd/desktop', 'PYTHONPATH': '/home/xc2204/ros2_new_study/build/pc_stuts/prefix_override:/usr/lib/python3/dist-packages/colcon_core/task/python/colcon_distutils_commands:/home/xc2204/ros2_new_study/install/pc_stuts/lib/python3.10/site-packages:/home/xc2204/ros2_new_study/install/test_pkg/lib/python3.10/site-packages:/home/xc2204/ros2_new_study/install/pc_stuts/lib/python3.10/site-packages:/home/xc2204/ros2_new_study/install/msg_interfaces/local/lib/python3.10/dist-packages:/home/xc2204/ros2_new_study/install/face_detect/lib/python3.10/site-packages:/opt/ros/humble/lib/python3.10/site-packages:/opt/ros/humble/local/lib/python3.10/dist-packages', 'COLCON': '1', 'WSL2_GUI_APPS_ENABLED': '1', 'HOSTTYPE': 'x86_64', 'CMAKE_PREFIX_PATH': '/home/xc2204/ros2_new_study/install/msg_interfaces', 'WSLENV': 'VSCODE_WSL_EXT_LOCATION/up'}, 'shell': False}
[9.529359] (-) TimerEvent: {}
[9.560736] (test_pkg) StdoutLine: {'line': b'running egg_info\n'}
[9.561441] (test_pkg) StdoutLine: {'line': b'creating ../../build/test_pkg/test_pkg.egg-info\n'}
[9.562326] (test_pkg) StdoutLine: {'line': b'writing ../../build/test_pkg/test_pkg.egg-info/PKG-INFO\n'}
[9.562719] (test_pkg) StdoutLine: {'line': b'writing dependency_links to ../../build/test_pkg/test_pkg.egg-info/dependency_links.txt\n'}
[9.562983] (test_pkg) StdoutLine: {'line': b'writing entry points to ../../build/test_pkg/test_pkg.egg-info/entry_points.txt\n'}
[9.563144] (test_pkg) StdoutLine: {'line': b'writing requirements to ../../build/test_pkg/test_pkg.egg-info/requires.txt\n'}
[9.563342] (test_pkg) StdoutLine: {'line': b'writing top-level names to ../../build/test_pkg/test_pkg.egg-info/top_level.txt\n'}
[9.563585] (test_pkg) StdoutLine: {'line': b"writing manifest file '../../build/test_pkg/test_pkg.egg-info/SOURCES.txt'\n"}
[9.565495] (test_pkg) StdoutLine: {'line': b"reading manifest file '../../build/test_pkg/test_pkg.egg-info/SOURCES.txt'\n"}
[9.565631] (test_pkg) StdoutLine: {'line': b"adding license file 'LICENSE'\n"}
[9.566220] (test_pkg) StdoutLine: {'line': b"writing manifest file '../../build/test_pkg/test_pkg.egg-info/SOURCES.txt'\n"}
[9.566465] (test_pkg) StdoutLine: {'line': b'running build\n'}
[9.566518] (test_pkg) StdoutLine: {'line': b'running build_py\n'}
[9.566636] (test_pkg) StdoutLine: {'line': b'creating /home/xc2204/ros2_new_study/build/test_pkg/build\n'}
[9.567016] (test_pkg) StdoutLine: {'line': b'creating /home/xc2204/ros2_new_study/build/test_pkg/build/lib\n'}
[9.567230] (test_pkg) StdoutLine: {'line': b'creating /home/xc2204/ros2_new_study/build/test_pkg/build/lib/test_pkg\n'}
[9.567547] (test_pkg) StdoutLine: {'line': b'copying test_pkg/subscriber.py -> /home/xc2204/ros2_new_study/build/test_pkg/build/lib/test_pkg\n'}
[9.567763] (test_pkg) StdoutLine: {'line': b'copying test_pkg/publisher.py -> /home/xc2204/ros2_new_study/build/test_pkg/build/lib/test_pkg\n'}
[9.567966] (test_pkg) StdoutLine: {'line': b'copying test_pkg/download.py -> /home/xc2204/ros2_new_study/build/test_pkg/build/lib/test_pkg\n'}
[9.568092] (test_pkg) StdoutLine: {'line': b'copying test_pkg/hello.py -> /home/xc2204/ros2_new_study/build/test_pkg/build/lib/test_pkg\n'}
[9.568184] (test_pkg) StdoutLine: {'line': b'copying test_pkg/__init__.py -> /home/xc2204/ros2_new_study/build/test_pkg/build/lib/test_pkg\n'}
[9.568383] (test_pkg) StdoutLine: {'line': b'running install\n'}
[9.568585] (test_pkg) StdoutLine: {'line': b'running install_lib\n'}
[9.569220] (test_pkg) StdoutLine: {'line': b'creating /home/xc2204/ros2_new_study/install/test_pkg/lib/python3.10/site-packages/test_pkg\n'}
[9.569558] (test_pkg) StdoutLine: {'line': b'copying /home/xc2204/ros2_new_study/build/test_pkg/build/lib/test_pkg/subscriber.py -> /home/xc2204/ros2_new_study/install/test_pkg/lib/python3.10/site-packages/test_pkg\n'}
[9.569762] (test_pkg) StdoutLine: {'line': b'copying /home/xc2204/ros2_new_study/build/test_pkg/build/lib/test_pkg/publisher.py -> /home/xc2204/ros2_new_study/install/test_pkg/lib/python3.10/site-packages/test_pkg\n'}
[9.569872] (test_pkg) StdoutLine: {'line': b'copying /home/xc2204/ros2_new_study/build/test_pkg/build/lib/test_pkg/download.py -> /home/xc2204/ros2_new_study/install/test_pkg/lib/python3.10/site-packages/test_pkg\n'}
[9.570049] (test_pkg) StdoutLine: {'line': b'copying /home/xc2204/ros2_new_study/build/test_pkg/build/lib/test_pkg/hello.py -> /home/xc2204/ros2_new_study/install/test_pkg/lib/python3.10/site-packages/test_pkg\n'}
[9.570177] (test_pkg) StdoutLine: {'line': b'copying /home/xc2204/ros2_new_study/build/test_pkg/build/lib/test_pkg/__init__.py -> /home/xc2204/ros2_new_study/install/test_pkg/lib/python3.10/site-packages/test_pkg\n'}
[9.570473] (test_pkg) StdoutLine: {'line': b'byte-compiling /home/xc2204/ros2_new_study/install/test_pkg/lib/python3.10/site-packages/test_pkg/subscriber.py to subscriber.cpython-310.pyc\n'}
[9.571330] (test_pkg) StdoutLine: {'line': b'byte-compiling /home/xc2204/ros2_new_study/install/test_pkg/lib/python3.10/site-packages/test_pkg/publisher.py to publisher.cpython-310.pyc\n'}
[9.572068] (test_pkg) StdoutLine: {'line': b'byte-compiling /home/xc2204/ros2_new_study/install/test_pkg/lib/python3.10/site-packages/test_pkg/download.py to download.cpython-310.pyc\n'}
[9.572374] (test_pkg) StdoutLine: {'line': b'byte-compiling /home/xc2204/ros2_new_study/install/test_pkg/lib/python3.10/site-packages/test_pkg/hello.py to hello.cpython-310.pyc\n'}
[9.572564] (test_pkg) StdoutLine: {'line': b'byte-compiling /home/xc2204/ros2_new_study/install/test_pkg/lib/python3.10/site-packages/test_pkg/__init__.py to __init__.cpython-310.pyc\n'}
[9.572801] (test_pkg) StdoutLine: {'line': b'running install_data\n'}
[9.573011] (test_pkg) StdoutLine: {'line': b'creating /home/xc2204/ros2_new_study/install/test_pkg/share/ament_index\n'}
[9.573235] (test_pkg) StdoutLine: {'line': b'creating /home/xc2204/ros2_new_study/install/test_pkg/share/ament_index/resource_index\n'}
[9.573515] (test_pkg) StdoutLine: {'line': b'creating /home/xc2204/ros2_new_study/install/test_pkg/share/ament_index/resource_index/packages\n'}
[9.573825] (test_pkg) StdoutLine: {'line': b'copying resource/test_pkg -> /home/xc2204/ros2_new_study/install/test_pkg/share/ament_index/resource_index/packages\n'}
[9.574563] (test_pkg) StdoutLine: {'line': b'copying package.xml -> /home/xc2204/ros2_new_study/install/test_pkg/share/test_pkg\n'}
[9.574797] (test_pkg) StdoutLine: {'line': b'running install_egg_info\n'}
[9.576596] (test_pkg) StdoutLine: {'line': b'Copying ../../build/test_pkg/test_pkg.egg-info to /home/xc2204/ros2_new_study/install/test_pkg/lib/python3.10/site-packages/test_pkg-0.0.0-py3.10.egg-info\n'}
[9.578820] (test_pkg) StdoutLine: {'line': b'running install_scripts\n'}
[9.596918] (test_pkg) StdoutLine: {'line': b'Installing download_node script to /home/xc2204/ros2_new_study/install/test_pkg/lib/test_pkg\n'}
[9.597294] (test_pkg) StdoutLine: {'line': b'Installing name_node script to /home/xc2204/ros2_new_study/install/test_pkg/lib/test_pkg\n'}
[9.597564] (test_pkg) StdoutLine: {'line': b'Installing publisher_node script to /home/xc2204/ros2_new_study/install/test_pkg/lib/test_pkg\n'}
[9.597906] (test_pkg) StdoutLine: {'line': b'Installing subscriber_node script to /home/xc2204/ros2_new_study/install/test_pkg/lib/test_pkg\n'}
[9.598207] (test_pkg) StdoutLine: {'line': b"writing list of installed files to '/home/xc2204/ros2_new_study/build/test_pkg/install.log'\n"}
[9.625936] (test_pkg) CommandEnded: {'returncode': 0}
[9.629804] (-) TimerEvent: {}
[9.633728] (test_pkg) JobEnded: {'identifier': 'test_pkg', 'rc': 0}
[9.726956] (pc_stuts) StdoutLine: {'line': b'running egg_info\n'}
[9.727374] (pc_stuts) StdoutLine: {'line': b'creating ../../build/pc_stuts/pc_stuts.egg-info\n'}
[9.727865] (pc_stuts) StdoutLine: {'line': b'writing ../../build/pc_stuts/pc_stuts.egg-info/PKG-INFO\n'}
[9.728556] (pc_stuts) StdoutLine: {'line': b'writing dependency_links to ../../build/pc_stuts/pc_stuts.egg-info/dependency_links.txt\n'}
[9.728840] (pc_stuts) StdoutLine: {'line': b'writing entry points to ../../build/pc_stuts/pc_stuts.egg-info/entry_points.txt\n'}
[9.728983] (pc_stuts) StdoutLine: {'line': b'writing requirements to ../../build/pc_stuts/pc_stuts.egg-info/requires.txt\n'}
[9.729180] (pc_stuts) StdoutLine: {'line': b'writing top-level names to ../../build/pc_stuts/pc_stuts.egg-info/top_level.txt\n'}
[9.729381] (pc_stuts) StdoutLine: {'line': b"writing manifest file '../../build/pc_stuts/pc_stuts.egg-info/SOURCES.txt'\n"}
[9.729899] (-) TimerEvent: {}
[9.730956] (pc_stuts) StdoutLine: {'line': b"reading manifest file '../../build/pc_stuts/pc_stuts.egg-info/SOURCES.txt'\n"}
[9.731702] (pc_stuts) StdoutLine: {'line': b"writing manifest file '../../build/pc_stuts/pc_stuts.egg-info/SOURCES.txt'\n"}
[9.731909] (pc_stuts) StdoutLine: {'line': b'running build\n'}
[9.732097] (pc_stuts) StdoutLine: {'line': b'running build_py\n'}
[9.732237] (pc_stuts) StdoutLine: {'line': b'creating /home/xc2204/ros2_new_study/build/pc_stuts/build\n'}
[9.732829] (pc_stuts) StdoutLine: {'line': b'creating /home/xc2204/ros2_new_study/build/pc_stuts/build/lib\n'}
[9.733187] (pc_stuts) StdoutLine: {'line': b'creating /home/xc2204/ros2_new_study/build/pc_stuts/build/lib/pc_stuts\n'}
[9.733565] (pc_stuts) StdoutLine: {'line': b'copying pc_stuts/qt_ui.py -> /home/xc2204/ros2_new_study/build/pc_stuts/build/lib/pc_stuts\n'}
[9.733708] (pc_stuts) StdoutLine: {'line': b'copying pc_stuts/stuts_pub.py -> /home/xc2204/ros2_new_study/build/pc_stuts/build/lib/pc_stuts\n'}
[9.733771] (pc_stuts) StdoutLine: {'line': b'copying pc_stuts/__init__.py -> /home/xc2204/ros2_new_study/build/pc_stuts/build/lib/pc_stuts\n'}
[9.733905] (pc_stuts) StdoutLine: {'line': b'copying pc_stuts/stuts_sub.py -> /home/xc2204/ros2_new_study/build/pc_stuts/build/lib/pc_stuts\n'}
[9.733977] (pc_stuts) StdoutLine: {'line': b'running install\n'}
[9.734190] (pc_stuts) StdoutLine: {'line': b'running install_lib\n'}
[9.734850] (pc_stuts) StdoutLine: {'line': b'creating /home/xc2204/ros2_new_study/install/pc_stuts/lib/python3.10/site-packages/pc_stuts\n'}
[9.735117] (pc_stuts) StdoutLine: {'line': b'copying /home/xc2204/ros2_new_study/build/pc_stuts/build/lib/pc_stuts/qt_ui.py -> /home/xc2204/ros2_new_study/install/pc_stuts/lib/python3.10/site-packages/pc_stuts\n'}
[9.735274] (pc_stuts) StdoutLine: {'line': b'copying /home/xc2204/ros2_new_study/build/pc_stuts/build/lib/pc_stuts/stuts_pub.py -> /home/xc2204/ros2_new_study/install/pc_stuts/lib/python3.10/site-packages/pc_stuts\n'}
[9.735464] (pc_stuts) StdoutLine: {'line': b'copying /home/xc2204/ros2_new_study/build/pc_stuts/build/lib/pc_stuts/__init__.py -> /home/xc2204/ros2_new_study/install/pc_stuts/lib/python3.10/site-packages/pc_stuts\n'}
[9.735583] (pc_stuts) StdoutLine: {'line': b'copying /home/xc2204/ros2_new_study/build/pc_stuts/build/lib/pc_stuts/stuts_sub.py -> /home/xc2204/ros2_new_study/install/pc_stuts/lib/python3.10/site-packages/pc_stuts\n'}
[9.735820] (pc_stuts) StdoutLine: {'line': b'byte-compiling /home/xc2204/ros2_new_study/install/pc_stuts/lib/python3.10/site-packages/pc_stuts/qt_ui.py to qt_ui.cpython-310.pyc\n'}
[9.737011] (pc_stuts) StdoutLine: {'line': b'byte-compiling /home/xc2204/ros2_new_study/install/pc_stuts/lib/python3.10/site-packages/pc_stuts/stuts_pub.py to stuts_pub.cpython-310.pyc\n'}
[9.737411] (pc_stuts) StdoutLine: {'line': b'byte-compiling /home/xc2204/ros2_new_study/install/pc_stuts/lib/python3.10/site-packages/pc_stuts/__init__.py to __init__.cpython-310.pyc\n'}
[9.737611] (pc_stuts) StdoutLine: {'line': b'byte-compiling /home/xc2204/ros2_new_study/install/pc_stuts/lib/python3.10/site-packages/pc_stuts/stuts_sub.py to stuts_sub.cpython-310.pyc\n'}
[9.737947] (pc_stuts) StdoutLine: {'line': b'running install_data\n'}
[9.738100] (pc_stuts) StdoutLine: {'line': b'creating /home/xc2204/ros2_new_study/install/pc_stuts/share/ament_index\n'}
[9.738384] (pc_stuts) StdoutLine: {'line': b'creating /home/xc2204/ros2_new_study/install/pc_stuts/share/ament_index/resource_index\n'}
[9.738456] (pc_stuts) StdoutLine: {'line': b'creating /home/xc2204/ros2_new_study/install/pc_stuts/share/ament_index/resource_index/packages\n'}
[9.738617] (pc_stuts) StdoutLine: {'line': b'copying resource/pc_stuts -> /home/xc2204/ros2_new_study/install/pc_stuts/share/ament_index/resource_index/packages\n'}
[9.738794] (pc_stuts) StdoutLine: {'line': b'copying package.xml -> /home/xc2204/ros2_new_study/install/pc_stuts/share/pc_stuts\n'}
[9.738965] (pc_stuts) StdoutLine: {'line': b'running install_egg_info\n'}
[9.740596] (pc_stuts) StdoutLine: {'line': b'Copying ../../build/pc_stuts/pc_stuts.egg-info to /home/xc2204/ros2_new_study/install/pc_stuts/lib/python3.10/site-packages/pc_stuts-0.0.0-py3.10.egg-info\n'}
[9.741362] (pc_stuts) StdoutLine: {'line': b'running install_scripts\n'}
[9.759463] (pc_stuts) StdoutLine: {'line': b'Installing qt_ui script to /home/xc2204/ros2_new_study/install/pc_stuts/lib/pc_stuts\n'}
[9.759897] (pc_stuts) StdoutLine: {'line': b'Installing stuts_pub script to /home/xc2204/ros2_new_study/install/pc_stuts/lib/pc_stuts\n'}
[9.760129] (pc_stuts) StdoutLine: {'line': b'Installing stuts_sub script to /home/xc2204/ros2_new_study/install/pc_stuts/lib/pc_stuts\n'}
[9.760408] (pc_stuts) StdoutLine: {'line': b"writing list of installed files to '/home/xc2204/ros2_new_study/build/pc_stuts/install.log'\n"}
[9.782132] (pc_stuts) CommandEnded: {'returncode': 0}
[9.787552] (pc_stuts) JobEnded: {'identifier': 'pc_stuts', 'rc': 0}
[9.788784] (-) EventReactorShutdown: {}
