[0.000000] (-) TimerEvent: {}
[0.001157] (TF_study) JobQueued: {'identifier': 'TF_study', 'dependencies': OrderedDict()}
[0.001392] (face_detect) JobQueued: {'identifier': 'face_detect', 'dependencies': OrderedDict()}
[0.001518] (msg_interfaces) JobQueued: {'identifier': 'msg_interfaces', 'dependencies': OrderedDict()}
[0.001555] (urdf_study) JobQueued: {'identifier': 'urdf_study', 'dependencies': OrderedDict()}
[0.001581] (pc_stuts) JobQueued: {'identifier': 'pc_stuts', 'dependencies': OrderedDict([('msg_interfaces', '/home/xc2204/ros2_new_study/install/msg_interfaces')])}
[0.001611] (test_pkg) JobQueued: {'identifier': 'test_pkg', 'dependencies': OrderedDict([('msg_interfaces', '/home/xc2204/ros2_new_study/install/msg_interfaces')])}
[0.001636] (msg_interfaces) JobStarted: {'identifier': 'msg_interfaces'}
[0.014532] (TF_study) JobStarted: {'identifier': 'TF_study'}
[0.023117] (face_detect) JobStarted: {'identifier': 'face_detect'}
[0.028601] (urdf_study) JobStarted: {'identifier': 'urdf_study'}
[0.036257] (msg_interfaces) JobProgress: {'identifier': 'msg_interfaces', 'progress': 'cmake'}
[0.037210] (msg_interfaces) JobProgress: {'identifier': 'msg_interfaces', 'progress': 'build'}
[0.038062] (msg_interfaces) Command: {'cmd': ['/usr/bin/cmake', '--build', '/home/xc2204/ros2_new_study/build/msg_interfaces', '--', '-j20', '-l20'], 'cwd': '/home/xc2204/ros2_new_study/build/msg_interfaces', 'env': OrderedDict([('LESSOPEN', '| /usr/bin/lesspipe %s'), ('USER', 'xc2204'), ('GIT_ASKPASS', '/home/xc2204/.vscode-server/bin/8761a5560cfd65fdd19ce7e2bd18dab5c0a4d84e/extensions/git/dist/askpass.sh'), ('SHLVL', '1'), ('RCUTILS_CONSOLE_OUTPUT_FORMAT', '[{function_name}:{line_number}]: {message}'), ('LD_LIBRARY_PATH', '/usr/local/cuda-12.4/lib64:/usr/local/cuda-12.4/lib64:/usr/lib/x86_64-linux-gnu/gazebo-11/plugins:/opt/ros/humble/opt/rviz_ogre_vendor/lib:/opt/ros/humble/lib/x86_64-linux-gnu:/opt/ros/humble/lib'), ('HOME', '/home/xc2204'), ('TERM_PROGRAM_VERSION', '1.122.1'), ('VSCODE_IPC_HOOK_CLI', '/run/user/1000/vscode-ipc-544457f5-9234-4635-8115-91864fbc5be9.sock'), ('ROS_PYTHON_VERSION', '3'), ('VSCODE_GIT_ASKPASS_MAIN', '/home/xc2204/.vscode-server/bin/8761a5560cfd65fdd19ce7e2bd18dab5c0a4d84e/extensions/git/dist/askpass-main.js'), ('VSCODE_GIT_ASKPASS_NODE', '/home/xc2204/.vscode-server/bin/8761a5560cfd65fdd19ce7e2bd18dab5c0a4d84e/node'), ('VSCODE_PYTHON_AUTOACTIVATE_GUARD', '1'), ('DBUS_SESSION_BUS_ADDRESS', 'unix:path=/run/user/1000/bus'), ('COLORTERM', 'truecolor'), ('WSL_DISTRO_NAME', 'Ubuntu-22.04'), ('WAYLAND_DISPLAY', 'wayland-0'), ('ROS_DISTRO', 'humble'), ('LOGNAME', 'xc2204'), ('NAME', 'DESKTOP-LOL67EV'), ('WSL_INTEROP', '/run/WSL/899_interop'), ('PULSE_SERVER', 'unix:/mnt/wslg/PulseServer'), ('_', '/usr/bin/colcon'), ('ROS_VERSION', '2'), ('TERM', 'xterm-256color'), ('ROS_LOCALHOST_ONLY', '0'), ('PATH', '/usr/local/cuda-12.4/bin:/home/xc2204/.local/bin:/home/xc2204/.vscode-server/data/User/globalStorage/github.copilot-chat/debugCommand:/home/xc2204/.vscode-server/data/User/globalStorage/github.copilot-chat/copilotCli:/home/xc2204/.vscode-server/bin/8761a5560cfd65fdd19ce7e2bd18dab5c0a4d84e/bin/remote-cli:/home/xc2204/.local/bin:/usr/local/cuda-12.4/bin:/home/xc2204/.local/bin:/opt/ros/humble/bin:/usr/local/sbin:/usr/local/bin:/usr/sbin:/usr/bin:/sbin:/bin:/usr/games:/usr/local/games:/usr/lib/wsl/lib:/mnt/c/app/vmware station/bin/:/mnt/c/app/python3.13.2/Scripts/:/mnt/c/app/python3.13.2/:/mnt/c/WINDOWS/system32:/mnt/c/WINDOWS:/mnt/c/WINDOWS/System32/Wbem:/mnt/c/WINDOWS/System32/WindowsPowerShell/v1.0/:/mnt/c/WINDOWS/System32/OpenSSH/:/mnt/c/Users/Administrator/AppData/Local/Microsoft/WindowsApps:/mnt/c/Recovery/OEM/Backup/:/mnt/c/Program Files/dotnet/:/mnt/c/Program Files (x86)/NVIDIA Corporation/PhysX/Common:/mnt/c/Windows Kits/10/Windows Performance Toolkit/:/mnt/c/WINDOWS/system32:/mnt/c/WINDOWS:/mnt/c/WINDOWS/System32/Wbem:/mnt/c/WINDOWS/System32/WindowsPowerShell/v1.0/:/mnt/c/WINDOWS/System32/OpenSSH/:/mnt/c/app/MySQL/MySQL/MySQL Server 8.0/bin:/mnt/c/Program Files/nvm:/mnt/c/nvm4w/nodejs:/mnt/c/ProgramData/chocolatey/bin:/mnt/c/Program Files/nvm/v16.18.0:/mnt/c/app/web_study/Java11.0.30/bin:/mnt/c/Program Files (x86)/Microsoft SQL Server/160/Tools/Binn/:/mnt/c/Program Files/Microsoft SQL Server/160/Tools/Binn/:/mnt/c/Program Files/Microsoft SQL Server/Client SDK/ODBC/170/Tools/Binn/:/mnt/c/Program Files/Microsoft SQL Server/160/DTS/Binn/:/mnt/c/Program Files (x86)/Windows Kits/8.1/Windows Performance Toolkit/:/mnt/c/Program Files/NVIDIA Corporation/NVIDIA App/NvDLISR:/mnt/c/app/git/git/Git/cmd:/mnt/c/app/git/git/Git/mingw64/bin:/mnt/c/app/git/git/Git/usr/bin:/mnt/d/app/Matlab/matlab/runtime/win64:/mnt/d/app/Matlab/matlab/bin:/mnt/c/Program Files/Docker/Docker/resources/bin:/mnt/c/Program Files (x86)/Go/bin:/mnt/c/Program Files/usbipd-win/:/mnt/c/app/MySQL/MySQL/MySQL Shell 8.0/bin/:/mnt/c/Users/xc/AppData/Local/Microsoft/WindowsApps:/mnt/c/app/vscode/Microsoft VS Code/bin:/mnt/c/app/idea/IntelliJ IDEA Community Edition 2025.1.1.1/bin:/mnt/c/Program Files/nvm:/mnt/c/nvm4w/nodejs:/mnt/b/app/anaconda:/mnt/b/app/anaconda/Scripts:/mnt/b/app/anaconda/Library/bin:/mnt/b/opencv/opencv/build/x64/vc16/bin:/mnt/c/Users/xc/.dotnet/tools:/mnt/c/Users/xc/AppData/Local/Programs/Ollama:/mnt/c/Users/xc/.local/bin/:/mnt/c/Users/xc/go/bin:/snap/bin'), ('XDG_RUNTIME_DIR', '/run/user/1000/'), ('DISPLAY', ':0'), ('LANG', 'C.UTF-8'), ('LS_COLORS', 'rs=0:di=01;34:ln=01;36:mh=00:pi=40;33:so=01;35:do=01;35:bd=40;33;01:cd=40;33;01:or=40;31;01:mi=00:su=37;41:sg=30;43:ca=30;41:tw=30;42:ow=34;42:st=37;44:ex=01;32:*.tar=01;31:*.tgz=01;31:*.arc=01;31:*.arj=01;31:*.taz=01;31:*.lha=01;31:*.lz4=01;31:*.lzh=01;31:*.lzma=01;31:*.tlz=01;31:*.txz=01;31:*.tzo=01;31:*.t7z=01;31:*.zip=01;31:*.z=01;31:*.dz=01;31:*.gz=01;31:*.lrz=01;31:*.lz=01;31:*.lzo=01;31:*.xz=01;31:*.zst=01;31:*.tzst=01;31:*.bz2=01;31:*.bz=01;31:*.tbz=01;31:*.tbz2=01;31:*.tz=01;31:*.deb=01;31:*.rpm=01;31:*.jar=01;31:*.war=01;31:*.ear=01;31:*.sar=01;31:*.rar=01;31:*.alz=01;31:*.ace=01;31:*.zoo=01;31:*.cpio=01;31:*.7z=01;31:*.rz=01;31:*.cab=01;31:*.wim=01;31:*.swm=01;31:*.dwm=01;31:*.esd=01;31:*.jpg=01;35:*.jpeg=01;35:*.mjpg=01;35:*.mjpeg=01;35:*.gif=01;35:*.bmp=01;35:*.pbm=01;35:*.pgm=01;35:*.ppm=01;35:*.tga=01;35:*.xbm=01;35:*.xpm=01;35:*.tif=01;35:*.tiff=01;35:*.png=01;35:*.svg=01;35:*.svgz=01;35:*.mng=01;35:*.pcx=01;35:*.mov=01;35:*.mpg=01;35:*.mpeg=01;35:*.m2v=01;35:*.mkv=01;35:*.webm=01;35:*.webp=01;35:*.ogm=01;35:*.mp4=01;35:*.m4v=01;35:*.mp4v=01;35:*.vob=01;35:*.qt=01;35:*.nuv=01;35:*.wmv=01;35:*.asf=01;35:*.rm=01;35:*.rmvb=01;35:*.flc=01;35:*.avi=01;35:*.fli=01;35:*.flv=01;35:*.gl=01;35:*.dl=01;35:*.xcf=01;35:*.xwd=01;35:*.yuv=01;35:*.cgm=01;35:*.emf=01;35:*.ogv=01;35:*.ogx=01;35:*.aac=00;36:*.au=00;36:*.flac=00;36:*.m4a=00;36:*.mid=00;36:*.midi=00;36:*.mka=00;36:*.mp3=00;36:*.mpc=00;36:*.ogg=00;36:*.ra=00;36:*.wav=00;36:*.oga=00;36:*.opus=00;36:*.spx=00;36:*.xspf=00;36:'), ('VSCODE_GIT_IPC_HANDLE', '/run/user/1000/vscode-git-0900024275.sock'), ('TERM_PROGRAM', 'vscode'), ('AMENT_PREFIX_PATH', '/opt/ros/humble'), ('SHELL', '/bin/bash'), ('LESSCLOSE', '/usr/bin/lesspipe %s %s'), ('VSCODE_GIT_ASKPASS_EXTRA_ARGS', ''), ('PWD', '/home/xc2204/ros2_new_study/build/msg_interfaces'), ('COPILOT_DEBUG_NONCE', 'b978874a506181b6f4863615adb6c962'), ('XDG_DATA_DIRS', '/usr/local/share:/usr/share:/var/lib/snapd/desktop'), ('PYTHONPATH', '/opt/ros/humble/lib/python3.10/site-packages:/opt/ros/humble/local/lib/python3.10/dist-packages'), ('COLCON', '1'), ('WSL2_GUI_APPS_ENABLED', '1'), ('HOSTTYPE', 'x86_64'), ('WSLENV', 'VSCODE_WSL_EXT_LOCATION/up'), ('CMAKE_PREFIX_PATH', '/opt/ros/humble')]), 'shell': False}
[0.099676] (-) TimerEvent: {}
[0.200043] (-) TimerEvent: {}
[0.300505] (-) TimerEvent: {}
[0.400998] (-) TimerEvent: {}
[0.500909] (msg_interfaces) StdoutLine: {'line': b'[  2%] Built target msg_interfaces__cpp\n'}
[0.501096] (-) TimerEvent: {}
[0.501263] (msg_interfaces) StdoutLine: {'line': b'[  5%] Built target msg_interfaces__rs\n'}
[0.501374] (msg_interfaces) StdoutLine: {'line': b'[  5%] Built target ament_cmake_python_copy_msg_interfaces\n'}
[0.501415] (msg_interfaces) StdoutLine: {'line': b'[ 15%] Built target msg_interfaces__rosidl_generator_c\n'}
[0.501453] (msg_interfaces) StdoutLine: {'line': b'[ 35%] Built target msg_interfaces__rosidl_typesupport_fastrtps_cpp\n'}
[0.501482] (msg_interfaces) StdoutLine: {'line': b'[ 35%] Built target msg_interfaces__rosidl_typesupport_introspection_cpp\n'}
[0.501510] (msg_interfaces) StdoutLine: {'line': b'[ 45%] Built target msg_interfaces__rosidl_typesupport_cpp\n'}
[0.501538] (msg_interfaces) StdoutLine: {'line': b'[ 55%] Built target msg_interfaces__rosidl_typesupport_c\n'}
[0.501566] (msg_interfaces) StdoutLine: {'line': b'[ 65%] Built target msg_interfaces__rosidl_typesupport_introspection_c\n'}
[0.501593] (msg_interfaces) StdoutLine: {'line': b'[ 75%] Built target msg_interfaces__rosidl_typesupport_fastrtps_c\n'}
[0.501621] (msg_interfaces) StdoutLine: {'line': b'[ 75%] Built target msg_interfaces\n'}
[0.501648] (msg_interfaces) StdoutLine: {'line': b'[ 77%] Built target msg_interfaces__py\n'}
[0.501674] (msg_interfaces) StdoutLine: {'line': b'[ 85%] Built target msg_interfaces__rosidl_generator_py\n'}
[0.501701] (msg_interfaces) StdoutLine: {'line': b'[ 90%] Built target msg_interfaces__rosidl_typesupport_c__pyext\n'}
[0.501728] (msg_interfaces) StdoutLine: {'line': b'[ 95%] Built target msg_interfaces__rosidl_typesupport_fastrtps_c__pyext\n'}
[0.501755] (msg_interfaces) StdoutLine: {'line': b'[100%] Built target msg_interfaces__rosidl_typesupport_introspection_c__pyext\n'}
[0.501783] (msg_interfaces) StdoutLine: {'line': b'running egg_info\n'}
[0.501811] (msg_interfaces) StdoutLine: {'line': b'writing msg_interfaces.egg-info/PKG-INFO\n'}
[0.501919] (msg_interfaces) StdoutLine: {'line': b'writing dependency_links to msg_interfaces.egg-info/dependency_links.txt\n'}
[0.502287] (msg_interfaces) StdoutLine: {'line': b'writing top-level names to msg_interfaces.egg-info/top_level.txt\n'}
[0.502361] (msg_interfaces) StdoutLine: {'line': b"reading manifest file 'msg_interfaces.egg-info/SOURCES.txt'\n"}
[0.502547] (msg_interfaces) StdoutLine: {'line': b"writing manifest file 'msg_interfaces.egg-info/SOURCES.txt'\n"}
[0.503028] (msg_interfaces) StdoutLine: {'line': b'[100%] Built target ament_cmake_python_build_msg_interfaces_egg\n'}
[0.504754] (urdf_study) JobProgress: {'identifier': 'urdf_study', 'progress': 'cmake'}
[0.504929] (urdf_study) JobProgress: {'identifier': 'urdf_study', 'progress': 'build'}
[0.505355] (urdf_study) Command: {'cmd': ['/usr/bin/cmake', '--build', '/home/xc2204/ros2_new_study/build/urdf_study', '--', '-j20', '-l20'], 'cwd': '/home/xc2204/ros2_new_study/build/urdf_study', 'env': OrderedDict([('LESSOPEN', '| /usr/bin/lesspipe %s'), ('USER', 'xc2204'), ('GIT_ASKPASS', '/home/xc2204/.vscode-server/bin/8761a5560cfd65fdd19ce7e2bd18dab5c0a4d84e/extensions/git/dist/askpass.sh'), ('SHLVL', '1'), ('RCUTILS_CONSOLE_OUTPUT_FORMAT', '[{function_name}:{line_number}]: {message}'), ('LD_LIBRARY_PATH', '/usr/local/cuda-12.4/lib64:/usr/local/cuda-12.4/lib64:/usr/lib/x86_64-linux-gnu/gazebo-11/plugins:/opt/ros/humble/opt/rviz_ogre_vendor/lib:/opt/ros/humble/lib/x86_64-linux-gnu:/opt/ros/humble/lib'), ('HOME', '/home/xc2204'), ('TERM_PROGRAM_VERSION', '1.122.1'), ('VSCODE_IPC_HOOK_CLI', '/run/user/1000/vscode-ipc-544457f5-9234-4635-8115-91864fbc5be9.sock'), ('ROS_PYTHON_VERSION', '3'), ('VSCODE_GIT_ASKPASS_MAIN', '/home/xc2204/.vscode-server/bin/8761a5560cfd65fdd19ce7e2bd18dab5c0a4d84e/extensions/git/dist/askpass-main.js'), ('VSCODE_GIT_ASKPASS_NODE', '/home/xc2204/.vscode-server/bin/8761a5560cfd65fdd19ce7e2bd18dab5c0a4d84e/node'), ('VSCODE_PYTHON_AUTOACTIVATE_GUARD', '1'), ('DBUS_SESSION_BUS_ADDRESS', 'unix:path=/run/user/1000/bus'), ('COLORTERM', 'truecolor'), ('WSL_DISTRO_NAME', 'Ubuntu-22.04'), ('WAYLAND_DISPLAY', 'wayland-0'), ('ROS_DISTRO', 'humble'), ('LOGNAME', 'xc2204'), ('NAME', 'DESKTOP-LOL67EV'), ('WSL_INTEROP', '/run/WSL/899_interop'), ('PULSE_SERVER', 'unix:/mnt/wslg/PulseServer'), ('_', '/usr/bin/colcon'), ('ROS_VERSION', '2'), ('TERM', 'xterm-256color'), ('ROS_LOCALHOST_ONLY', '0'), ('PATH', '/usr/local/cuda-12.4/bin:/home/xc2204/.local/bin:/home/xc2204/.vscode-server/data/User/globalStorage/github.copilot-chat/debugCommand:/home/xc2204/.vscode-server/data/User/globalStorage/github.copilot-chat/copilotCli:/home/xc2204/.vscode-server/bin/8761a5560cfd65fdd19ce7e2bd18dab5c0a4d84e/bin/remote-cli:/home/xc2204/.local/bin:/usr/local/cuda-12.4/bin:/home/xc2204/.local/bin:/opt/ros/humble/bin:/usr/local/sbin:/usr/local/bin:/usr/sbin:/usr/bin:/sbin:/bin:/usr/games:/usr/local/games:/usr/lib/wsl/lib:/mnt/c/app/vmware station/bin/:/mnt/c/app/python3.13.2/Scripts/:/mnt/c/app/python3.13.2/:/mnt/c/WINDOWS/system32:/mnt/c/WINDOWS:/mnt/c/WINDOWS/System32/Wbem:/mnt/c/WINDOWS/System32/WindowsPowerShell/v1.0/:/mnt/c/WINDOWS/System32/OpenSSH/:/mnt/c/Users/Administrator/AppData/Local/Microsoft/WindowsApps:/mnt/c/Recovery/OEM/Backup/:/mnt/c/Program Files/dotnet/:/mnt/c/Program Files (x86)/NVIDIA Corporation/PhysX/Common:/mnt/c/Windows Kits/10/Windows Performance Toolkit/:/mnt/c/WINDOWS/system32:/mnt/c/WINDOWS:/mnt/c/WINDOWS/System32/Wbem:/mnt/c/WINDOWS/System32/WindowsPowerShell/v1.0/:/mnt/c/WINDOWS/System32/OpenSSH/:/mnt/c/app/MySQL/MySQL/MySQL Server 8.0/bin:/mnt/c/Program Files/nvm:/mnt/c/nvm4w/nodejs:/mnt/c/ProgramData/chocolatey/bin:/mnt/c/Program Files/nvm/v16.18.0:/mnt/c/app/web_study/Java11.0.30/bin:/mnt/c/Program Files (x86)/Microsoft SQL Server/160/Tools/Binn/:/mnt/c/Program Files/Microsoft SQL Server/160/Tools/Binn/:/mnt/c/Program Files/Microsoft SQL Server/Client SDK/ODBC/170/Tools/Binn/:/mnt/c/Program Files/Microsoft SQL Server/160/DTS/Binn/:/mnt/c/Program Files (x86)/Windows Kits/8.1/Windows Performance Toolkit/:/mnt/c/Program Files/NVIDIA Corporation/NVIDIA App/NvDLISR:/mnt/c/app/git/git/Git/cmd:/mnt/c/app/git/git/Git/mingw64/bin:/mnt/c/app/git/git/Git/usr/bin:/mnt/d/app/Matlab/matlab/runtime/win64:/mnt/d/app/Matlab/matlab/bin:/mnt/c/Program Files/Docker/Docker/resources/bin:/mnt/c/Program Files (x86)/Go/bin:/mnt/c/Program Files/usbipd-win/:/mnt/c/app/MySQL/MySQL/MySQL Shell 8.0/bin/:/mnt/c/Users/xc/AppData/Local/Microsoft/WindowsApps:/mnt/c/app/vscode/Microsoft VS Code/bin:/mnt/c/app/idea/IntelliJ IDEA Community Edition 2025.1.1.1/bin:/mnt/c/Program Files/nvm:/mnt/c/nvm4w/nodejs:/mnt/b/app/anaconda:/mnt/b/app/anaconda/Scripts:/mnt/b/app/anaconda/Library/bin:/mnt/b/opencv/opencv/build/x64/vc16/bin:/mnt/c/Users/xc/.dotnet/tools:/mnt/c/Users/xc/AppData/Local/Programs/Ollama:/mnt/c/Users/xc/.local/bin/:/mnt/c/Users/xc/go/bin:/snap/bin'), ('XDG_RUNTIME_DIR', '/run/user/1000/'), ('DISPLAY', ':0'), ('LANG', 'C.UTF-8'), ('LS_COLORS', 'rs=0:di=01;34:ln=01;36:mh=00:pi=40;33:so=01;35:do=01;35:bd=40;33;01:cd=40;33;01:or=40;31;01:mi=00:su=37;41:sg=30;43:ca=30;41:tw=30;42:ow=34;42:st=37;44:ex=01;32:*.tar=01;31:*.tgz=01;31:*.arc=01;31:*.arj=01;31:*.taz=01;31:*.lha=01;31:*.lz4=01;31:*.lzh=01;31:*.lzma=01;31:*.tlz=01;31:*.txz=01;31:*.tzo=01;31:*.t7z=01;31:*.zip=01;31:*.z=01;31:*.dz=01;31:*.gz=01;31:*.lrz=01;31:*.lz=01;31:*.lzo=01;31:*.xz=01;31:*.zst=01;31:*.tzst=01;31:*.bz2=01;31:*.bz=01;31:*.tbz=01;31:*.tbz2=01;31:*.tz=01;31:*.deb=01;31:*.rpm=01;31:*.jar=01;31:*.war=01;31:*.ear=01;31:*.sar=01;31:*.rar=01;31:*.alz=01;31:*.ace=01;31:*.zoo=01;31:*.cpio=01;31:*.7z=01;31:*.rz=01;31:*.cab=01;31:*.wim=01;31:*.swm=01;31:*.dwm=01;31:*.esd=01;31:*.jpg=01;35:*.jpeg=01;35:*.mjpg=01;35:*.mjpeg=01;35:*.gif=01;35:*.bmp=01;35:*.pbm=01;35:*.pgm=01;35:*.ppm=01;35:*.tga=01;35:*.xbm=01;35:*.xpm=01;35:*.tif=01;35:*.tiff=01;35:*.png=01;35:*.svg=01;35:*.svgz=01;35:*.mng=01;35:*.pcx=01;35:*.mov=01;35:*.mpg=01;35:*.mpeg=01;35:*.m2v=01;35:*.mkv=01;35:*.webm=01;35:*.webp=01;35:*.ogm=01;35:*.mp4=01;35:*.m4v=01;35:*.mp4v=01;35:*.vob=01;35:*.qt=01;35:*.nuv=01;35:*.wmv=01;35:*.asf=01;35:*.rm=01;35:*.rmvb=01;35:*.flc=01;35:*.avi=01;35:*.fli=01;35:*.flv=01;35:*.gl=01;35:*.dl=01;35:*.xcf=01;35:*.xwd=01;35:*.yuv=01;35:*.cgm=01;35:*.emf=01;35:*.ogv=01;35:*.ogx=01;35:*.aac=00;36:*.au=00;36:*.flac=00;36:*.m4a=00;36:*.mid=00;36:*.midi=00;36:*.mka=00;36:*.mp3=00;36:*.mpc=00;36:*.ogg=00;36:*.ra=00;36:*.wav=00;36:*.oga=00;36:*.opus=00;36:*.spx=00;36:*.xspf=00;36:'), ('VSCODE_GIT_IPC_HANDLE', '/run/user/1000/vscode-git-0900024275.sock'), ('TERM_PROGRAM', 'vscode'), ('AMENT_PREFIX_PATH', '/opt/ros/humble'), ('SHELL', '/bin/bash'), ('LESSCLOSE', '/usr/bin/lesspipe %s %s'), ('VSCODE_GIT_ASKPASS_EXTRA_ARGS', ''), ('PWD', '/home/xc2204/ros2_new_study/build/urdf_study'), ('COPILOT_DEBUG_NONCE', 'b978874a506181b6f4863615adb6c962'), ('XDG_DATA_DIRS', '/usr/local/share:/usr/share:/var/lib/snapd/desktop'), ('PYTHONPATH', '/opt/ros/humble/lib/python3.10/site-packages:/opt/ros/humble/local/lib/python3.10/dist-packages'), ('COLCON', '1'), ('WSL2_GUI_APPS_ENABLED', '1'), ('HOSTTYPE', 'x86_64'), ('WSLENV', 'VSCODE_WSL_EXT_LOCATION/up'), ('CMAKE_PREFIX_PATH', '/opt/ros/humble')]), 'shell': False}
[0.506985] (msg_interfaces) CommandEnded: {'returncode': 0}
[0.507684] (msg_interfaces) JobProgress: {'identifier': 'msg_interfaces', 'progress': 'install'}
[0.515237] (msg_interfaces) Command: {'cmd': ['/usr/bin/cmake', '--install', '/home/xc2204/ros2_new_study/build/msg_interfaces'], 'cwd': '/home/xc2204/ros2_new_study/build/msg_interfaces', 'env': OrderedDict([('LESSOPEN', '| /usr/bin/lesspipe %s'), ('USER', 'xc2204'), ('GIT_ASKPASS', '/home/xc2204/.vscode-server/bin/8761a5560cfd65fdd19ce7e2bd18dab5c0a4d84e/extensions/git/dist/askpass.sh'), ('SHLVL', '1'), ('RCUTILS_CONSOLE_OUTPUT_FORMAT', '[{function_name}:{line_number}]: {message}'), ('LD_LIBRARY_PATH', '/usr/local/cuda-12.4/lib64:/usr/local/cuda-12.4/lib64:/usr/lib/x86_64-linux-gnu/gazebo-11/plugins:/opt/ros/humble/opt/rviz_ogre_vendor/lib:/opt/ros/humble/lib/x86_64-linux-gnu:/opt/ros/humble/lib'), ('HOME', '/home/xc2204'), ('TERM_PROGRAM_VERSION', '1.122.1'), ('VSCODE_IPC_HOOK_CLI', '/run/user/1000/vscode-ipc-544457f5-9234-4635-8115-91864fbc5be9.sock'), ('ROS_PYTHON_VERSION', '3'), ('VSCODE_GIT_ASKPASS_MAIN', '/home/xc2204/.vscode-server/bin/8761a5560cfd65fdd19ce7e2bd18dab5c0a4d84e/extensions/git/dist/askpass-main.js'), ('VSCODE_GIT_ASKPASS_NODE', '/home/xc2204/.vscode-server/bin/8761a5560cfd65fdd19ce7e2bd18dab5c0a4d84e/node'), ('VSCODE_PYTHON_AUTOACTIVATE_GUARD', '1'), ('DBUS_SESSION_BUS_ADDRESS', 'unix:path=/run/user/1000/bus'), ('COLORTERM', 'truecolor'), ('WSL_DISTRO_NAME', 'Ubuntu-22.04'), ('WAYLAND_DISPLAY', 'wayland-0'), ('ROS_DISTRO', 'humble'), ('LOGNAME', 'xc2204'), ('NAME', 'DESKTOP-LOL67EV'), ('WSL_INTEROP', '/run/WSL/899_interop'), ('PULSE_SERVER', 'unix:/mnt/wslg/PulseServer'), ('_', '/usr/bin/colcon'), ('ROS_VERSION', '2'), ('TERM', 'xterm-256color'), ('ROS_LOCALHOST_ONLY', '0'), ('PATH', '/usr/local/cuda-12.4/bin:/home/xc2204/.local/bin:/home/xc2204/.vscode-server/data/User/globalStorage/github.copilot-chat/debugCommand:/home/xc2204/.vscode-server/data/User/globalStorage/github.copilot-chat/copilotCli:/home/xc2204/.vscode-server/bin/8761a5560cfd65fdd19ce7e2bd18dab5c0a4d84e/bin/remote-cli:/home/xc2204/.local/bin:/usr/local/cuda-12.4/bin:/home/xc2204/.local/bin:/opt/ros/humble/bin:/usr/local/sbin:/usr/local/bin:/usr/sbin:/usr/bin:/sbin:/bin:/usr/games:/usr/local/games:/usr/lib/wsl/lib:/mnt/c/app/vmware station/bin/:/mnt/c/app/python3.13.2/Scripts/:/mnt/c/app/python3.13.2/:/mnt/c/WINDOWS/system32:/mnt/c/WINDOWS:/mnt/c/WINDOWS/System32/Wbem:/mnt/c/WINDOWS/System32/WindowsPowerShell/v1.0/:/mnt/c/WINDOWS/System32/OpenSSH/:/mnt/c/Users/Administrator/AppData/Local/Microsoft/WindowsApps:/mnt/c/Recovery/OEM/Backup/:/mnt/c/Program Files/dotnet/:/mnt/c/Program Files (x86)/NVIDIA Corporation/PhysX/Common:/mnt/c/Windows Kits/10/Windows Performance Toolkit/:/mnt/c/WINDOWS/system32:/mnt/c/WINDOWS:/mnt/c/WINDOWS/System32/Wbem:/mnt/c/WINDOWS/System32/WindowsPowerShell/v1.0/:/mnt/c/WINDOWS/System32/OpenSSH/:/mnt/c/app/MySQL/MySQL/MySQL Server 8.0/bin:/mnt/c/Program Files/nvm:/mnt/c/nvm4w/nodejs:/mnt/c/ProgramData/chocolatey/bin:/mnt/c/Program Files/nvm/v16.18.0:/mnt/c/app/web_study/Java11.0.30/bin:/mnt/c/Program Files (x86)/Microsoft SQL Server/160/Tools/Binn/:/mnt/c/Program Files/Microsoft SQL Server/160/Tools/Binn/:/mnt/c/Program Files/Microsoft SQL Server/Client SDK/ODBC/170/Tools/Binn/:/mnt/c/Program Files/Microsoft SQL Server/160/DTS/Binn/:/mnt/c/Program Files (x86)/Windows Kits/8.1/Windows Performance Toolkit/:/mnt/c/Program Files/NVIDIA Corporation/NVIDIA App/NvDLISR:/mnt/c/app/git/git/Git/cmd:/mnt/c/app/git/git/Git/mingw64/bin:/mnt/c/app/git/git/Git/usr/bin:/mnt/d/app/Matlab/matlab/runtime/win64:/mnt/d/app/Matlab/matlab/bin:/mnt/c/Program Files/Docker/Docker/resources/bin:/mnt/c/Program Files (x86)/Go/bin:/mnt/c/Program Files/usbipd-win/:/mnt/c/app/MySQL/MySQL/MySQL Shell 8.0/bin/:/mnt/c/Users/xc/AppData/Local/Microsoft/WindowsApps:/mnt/c/app/vscode/Microsoft VS Code/bin:/mnt/c/app/idea/IntelliJ IDEA Community Edition 2025.1.1.1/bin:/mnt/c/Program Files/nvm:/mnt/c/nvm4w/nodejs:/mnt/b/app/anaconda:/mnt/b/app/anaconda/Scripts:/mnt/b/app/anaconda/Library/bin:/mnt/b/opencv/opencv/build/x64/vc16/bin:/mnt/c/Users/xc/.dotnet/tools:/mnt/c/Users/xc/AppData/Local/Programs/Ollama:/mnt/c/Users/xc/.local/bin/:/mnt/c/Users/xc/go/bin:/snap/bin'), ('XDG_RUNTIME_DIR', '/run/user/1000/'), ('DISPLAY', ':0'), ('LANG', 'C.UTF-8'), ('LS_COLORS', 'rs=0:di=01;34:ln=01;36:mh=00:pi=40;33:so=01;35:do=01;35:bd=40;33;01:cd=40;33;01:or=40;31;01:mi=00:su=37;41:sg=30;43:ca=30;41:tw=30;42:ow=34;42:st=37;44:ex=01;32:*.tar=01;31:*.tgz=01;31:*.arc=01;31:*.arj=01;31:*.taz=01;31:*.lha=01;31:*.lz4=01;31:*.lzh=01;31:*.lzma=01;31:*.tlz=01;31:*.txz=01;31:*.tzo=01;31:*.t7z=01;31:*.zip=01;31:*.z=01;31:*.dz=01;31:*.gz=01;31:*.lrz=01;31:*.lz=01;31:*.lzo=01;31:*.xz=01;31:*.zst=01;31:*.tzst=01;31:*.bz2=01;31:*.bz=01;31:*.tbz=01;31:*.tbz2=01;31:*.tz=01;31:*.deb=01;31:*.rpm=01;31:*.jar=01;31:*.war=01;31:*.ear=01;31:*.sar=01;31:*.rar=01;31:*.alz=01;31:*.ace=01;31:*.zoo=01;31:*.cpio=01;31:*.7z=01;31:*.rz=01;31:*.cab=01;31:*.wim=01;31:*.swm=01;31:*.dwm=01;31:*.esd=01;31:*.jpg=01;35:*.jpeg=01;35:*.mjpg=01;35:*.mjpeg=01;35:*.gif=01;35:*.bmp=01;35:*.pbm=01;35:*.pgm=01;35:*.ppm=01;35:*.tga=01;35:*.xbm=01;35:*.xpm=01;35:*.tif=01;35:*.tiff=01;35:*.png=01;35:*.svg=01;35:*.svgz=01;35:*.mng=01;35:*.pcx=01;35:*.mov=01;35:*.mpg=01;35:*.mpeg=01;35:*.m2v=01;35:*.mkv=01;35:*.webm=01;35:*.webp=01;35:*.ogm=01;35:*.mp4=01;35:*.m4v=01;35:*.mp4v=01;35:*.vob=01;35:*.qt=01;35:*.nuv=01;35:*.wmv=01;35:*.asf=01;35:*.rm=01;35:*.rmvb=01;35:*.flc=01;35:*.avi=01;35:*.fli=01;35:*.flv=01;35:*.gl=01;35:*.dl=01;35:*.xcf=01;35:*.xwd=01;35:*.yuv=01;35:*.cgm=01;35:*.emf=01;35:*.ogv=01;35:*.ogx=01;35:*.aac=00;36:*.au=00;36:*.flac=00;36:*.m4a=00;36:*.mid=00;36:*.midi=00;36:*.mka=00;36:*.mp3=00;36:*.mpc=00;36:*.ogg=00;36:*.ra=00;36:*.wav=00;36:*.oga=00;36:*.opus=00;36:*.spx=00;36:*.xspf=00;36:'), ('VSCODE_GIT_IPC_HANDLE', '/run/user/1000/vscode-git-0900024275.sock'), ('TERM_PROGRAM', 'vscode'), ('AMENT_PREFIX_PATH', '/opt/ros/humble'), ('SHELL', '/bin/bash'), ('LESSCLOSE', '/usr/bin/lesspipe %s %s'), ('VSCODE_GIT_ASKPASS_EXTRA_ARGS', ''), ('PWD', '/home/xc2204/ros2_new_study/build/msg_interfaces'), ('COPILOT_DEBUG_NONCE', 'b978874a506181b6f4863615adb6c962'), ('XDG_DATA_DIRS', '/usr/local/share:/usr/share:/var/lib/snapd/desktop'), ('PYTHONPATH', '/opt/ros/humble/lib/python3.10/site-packages:/opt/ros/humble/local/lib/python3.10/dist-packages'), ('COLCON', '1'), ('WSL2_GUI_APPS_ENABLED', '1'), ('HOSTTYPE', 'x86_64'), ('WSLENV', 'VSCODE_WSL_EXT_LOCATION/up'), ('CMAKE_PREFIX_PATH', '/opt/ros/humble')]), 'shell': False}
[0.523614] (msg_interfaces) StdoutLine: {'line': b'-- Install configuration: ""\n'}
[0.524091] (msg_interfaces) StdoutLine: {'line': b'-- Up-to-date: /home/xc2204/ros2_new_study/install/msg_interfaces/share/ament_index/resource_index/rosidl_interfaces/msg_interfaces\n'}
[0.524660] (msg_interfaces) StdoutLine: {'line': b'-- Up-to-date: /home/xc2204/ros2_new_study/install/msg_interfaces/include/msg_interfaces/msg_interfaces\n'}
[0.525012] (msg_interfaces) StdoutLine: {'line': b'-- Up-to-date: /home/xc2204/ros2_new_study/install/msg_interfaces/include/msg_interfaces/msg_interfaces/msg\n'}
[0.525186] (msg_interfaces) StdoutLine: {'line': b'-- Up-to-date: /home/xc2204/ros2_new_study/install/msg_interfaces/include/msg_interfaces/msg_interfaces/msg/rosidl_generator_c__visibility_control.h\n'}
[0.525236] (msg_interfaces) StdoutLine: {'line': b'-- Up-to-date: /home/xc2204/ros2_new_study/install/msg_interfaces/include/msg_interfaces/msg_interfaces/msg/detail\n'}
[0.525307] (msg_interfaces) StdoutLine: {'line': b'-- Up-to-date: /home/xc2204/ros2_new_study/install/msg_interfaces/include/msg_interfaces/msg_interfaces/msg/detail/system_status__functions.h\n'}
[0.525369] (msg_interfaces) StdoutLine: {'line': b'-- Up-to-date: /home/xc2204/ros2_new_study/install/msg_interfaces/include/msg_interfaces/msg_interfaces/msg/detail/system_status__struct.h\n'}
[0.525406] (msg_interfaces) StdoutLine: {'line': b'-- Up-to-date: /home/xc2204/ros2_new_study/install/msg_interfaces/include/msg_interfaces/msg_interfaces/msg/detail/system_status__type_support.h\n'}
[0.525437] (msg_interfaces) StdoutLine: {'line': b'-- Up-to-date: /home/xc2204/ros2_new_study/install/msg_interfaces/include/msg_interfaces/msg_interfaces/msg/detail/system_status__functions.c\n'}
[0.525466] (msg_interfaces) StdoutLine: {'line': b'-- Up-to-date: /home/xc2204/ros2_new_study/install/msg_interfaces/include/msg_interfaces/msg_interfaces/msg/system_status.h\n'}
[0.525495] (msg_interfaces) StdoutLine: {'line': b'-- Up-to-date: /home/xc2204/ros2_new_study/install/msg_interfaces/include/msg_interfaces/msg_interfaces/srv\n'}
[0.525522] (msg_interfaces) StdoutLine: {'line': b'-- Up-to-date: /home/xc2204/ros2_new_study/install/msg_interfaces/include/msg_interfaces/msg_interfaces/srv/face_detector.h\n'}
[0.525550] (msg_interfaces) StdoutLine: {'line': b'-- Up-to-date: /home/xc2204/ros2_new_study/install/msg_interfaces/include/msg_interfaces/msg_interfaces/srv/detail\n'}
[0.525578] (msg_interfaces) StdoutLine: {'line': b'-- Up-to-date: /home/xc2204/ros2_new_study/install/msg_interfaces/include/msg_interfaces/msg_interfaces/srv/detail/face_detector__functions.h\n'}
[0.525606] (msg_interfaces) StdoutLine: {'line': b'-- Up-to-date: /home/xc2204/ros2_new_study/install/msg_interfaces/include/msg_interfaces/msg_interfaces/srv/detail/face_detector__struct.h\n'}
[0.525642] (msg_interfaces) StdoutLine: {'line': b'-- Up-to-date: /home/xc2204/ros2_new_study/install/msg_interfaces/include/msg_interfaces/msg_interfaces/srv/detail/face_detector__functions.c\n'}
[0.525713] (msg_interfaces) StdoutLine: {'line': b'-- Up-to-date: /home/xc2204/ros2_new_study/install/msg_interfaces/include/msg_interfaces/msg_interfaces/srv/detail/face_detector__type_support.h\n'}
[0.526076] (msg_interfaces) StdoutLine: {'line': b'-- Up-to-date: /home/xc2204/ros2_new_study/install/msg_interfaces/share/msg_interfaces/environment/library_path.sh\n'}
[0.526307] (msg_interfaces) StdoutLine: {'line': b'-- Up-to-date: /home/xc2204/ros2_new_study/install/msg_interfaces/share/msg_interfaces/environment/library_path.dsv\n'}
[0.526527] (msg_interfaces) StdoutLine: {'line': b'-- Up-to-date: /home/xc2204/ros2_new_study/install/msg_interfaces/lib/libmsg_interfaces__rosidl_generator_c.so\n'}
[0.526582] (msg_interfaces) StdoutLine: {'line': b'-- Up-to-date: /home/xc2204/ros2_new_study/install/msg_interfaces/include/msg_interfaces/msg_interfaces\n'}
[0.526614] (msg_interfaces) StdoutLine: {'line': b'-- Up-to-date: /home/xc2204/ros2_new_study/install/msg_interfaces/include/msg_interfaces/msg_interfaces/msg\n'}
[0.526651] (msg_interfaces) StdoutLine: {'line': b'-- Up-to-date: /home/xc2204/ros2_new_study/install/msg_interfaces/include/msg_interfaces/msg_interfaces/msg/rosidl_typesupport_fastrtps_c__visibility_control.h\n'}
[0.526686] (msg_interfaces) StdoutLine: {'line': b'-- Up-to-date: /home/xc2204/ros2_new_study/install/msg_interfaces/include/msg_interfaces/msg_interfaces/msg/detail\n'}
[0.526830] (msg_interfaces) StdoutLine: {'line': b'-- Up-to-date: /home/xc2204/ros2_new_study/install/msg_interfaces/include/msg_interfaces/msg_interfaces/msg/detail/system_status__rosidl_typesupport_fastrtps_c.h\n'}
[0.526868] (msg_interfaces) StdoutLine: {'line': b'-- Up-to-date: /home/xc2204/ros2_new_study/install/msg_interfaces/include/msg_interfaces/msg_interfaces/srv\n'}
[0.527157] (msg_interfaces) StdoutLine: {'line': b'-- Up-to-date: /home/xc2204/ros2_new_study/install/msg_interfaces/include/msg_interfaces/msg_interfaces/srv/detail\n'}
[0.527461] (msg_interfaces) StdoutLine: {'line': b'-- Up-to-date: /home/xc2204/ros2_new_study/install/msg_interfaces/include/msg_interfaces/msg_interfaces/srv/detail/face_detector__rosidl_typesupport_fastrtps_c.h\n'}
[0.527582] (msg_interfaces) StdoutLine: {'line': b'-- Up-to-date: /home/xc2204/ros2_new_study/install/msg_interfaces/lib/libmsg_interfaces__rosidl_typesupport_fastrtps_c.so\n'}
[0.527865] (msg_interfaces) StdoutLine: {'line': b'-- Up-to-date: /home/xc2204/ros2_new_study/install/msg_interfaces/include/msg_interfaces/msg_interfaces\n'}
[0.528279] (msg_interfaces) StdoutLine: {'line': b'-- Up-to-date: /home/xc2204/ros2_new_study/install/msg_interfaces/include/msg_interfaces/msg_interfaces/msg\n'}
[0.528485] (msg_interfaces) StdoutLine: {'line': b'-- Up-to-date: /home/xc2204/ros2_new_study/install/msg_interfaces/include/msg_interfaces/msg_interfaces/msg/rosidl_typesupport_introspection_c__visibility_control.h\n'}
[0.528792] (msg_interfaces) StdoutLine: {'line': b'-- Up-to-date: /home/xc2204/ros2_new_study/install/msg_interfaces/include/msg_interfaces/msg_interfaces/msg/detail\n'}
[0.528932] (msg_interfaces) StdoutLine: {'line': b'-- Up-to-date: /home/xc2204/ros2_new_study/install/msg_interfaces/include/msg_interfaces/msg_interfaces/msg/detail/system_status__type_support.c\n'}
[0.529187] (msg_interfaces) StdoutLine: {'line': b'-- Up-to-date: /home/xc2204/ros2_new_study/install/msg_interfaces/include/msg_interfaces/msg_interfaces/msg/detail/system_status__rosidl_typesupport_introspection_c.h\n'}
[0.529379] (msg_interfaces) StdoutLine: {'line': b'-- Up-to-date: /home/xc2204/ros2_new_study/install/msg_interfaces/include/msg_interfaces/msg_interfaces/srv\n'}
[0.529537] (msg_interfaces) StdoutLine: {'line': b'-- Up-to-date: /home/xc2204/ros2_new_study/install/msg_interfaces/include/msg_interfaces/msg_interfaces/srv/detail\n'}
[0.529676] (msg_interfaces) StdoutLine: {'line': b'-- Up-to-date: /home/xc2204/ros2_new_study/install/msg_interfaces/include/msg_interfaces/msg_interfaces/srv/detail/face_detector__rosidl_typesupport_introspection_c.h\n'}
[0.529934] (msg_interfaces) StdoutLine: {'line': b'-- Up-to-date: /home/xc2204/ros2_new_study/install/msg_interfaces/include/msg_interfaces/msg_interfaces/srv/detail/face_detector__type_support.c\n'}
[0.530183] (msg_interfaces) StdoutLine: {'line': b'-- Up-to-date: /home/xc2204/ros2_new_study/install/msg_interfaces/lib/libmsg_interfaces__rosidl_typesupport_introspection_c.so\n'}
[0.530292] (msg_interfaces) StdoutLine: {'line': b'-- Up-to-date: /home/xc2204/ros2_new_study/install/msg_interfaces/lib/libmsg_interfaces__rosidl_typesupport_c.so\n'}
[0.530383] (msg_interfaces) StdoutLine: {'line': b'-- Up-to-date: /home/xc2204/ros2_new_study/install/msg_interfaces/include/msg_interfaces/msg_interfaces\n'}
[0.530467] (msg_interfaces) StdoutLine: {'line': b'-- Up-to-date: /home/xc2204/ros2_new_study/install/msg_interfaces/include/msg_interfaces/msg_interfaces/msg\n'}
[0.530549] (msg_interfaces) StdoutLine: {'line': b'-- Up-to-date: /home/xc2204/ros2_new_study/install/msg_interfaces/include/msg_interfaces/msg_interfaces/msg/detail\n'}
[0.530633] (msg_interfaces) StdoutLine: {'line': b'-- Up-to-date: /home/xc2204/ros2_new_study/install/msg_interfaces/include/msg_interfaces/msg_interfaces/msg/detail/system_status__traits.hpp\n'}
[0.530980] (msg_interfaces) StdoutLine: {'line': b'-- Up-to-date: /home/xc2204/ros2_new_study/install/msg_interfaces/include/msg_interfaces/msg_interfaces/msg/detail/system_status__struct.hpp\n'}
[0.531325] (msg_interfaces) StdoutLine: {'line': b'-- Up-to-date: /home/xc2204/ros2_new_study/install/msg_interfaces/include/msg_interfaces/msg_interfaces/msg/detail/system_status__type_support.hpp\n'}
[0.531377] (msg_interfaces) StdoutLine: {'line': b'-- Up-to-date: /home/xc2204/ros2_new_study/install/msg_interfaces/include/msg_interfaces/msg_interfaces/msg/detail/system_status__builder.hpp\n'}
[0.531412] (msg_interfaces) StdoutLine: {'line': b'-- Up-to-date: /home/xc2204/ros2_new_study/install/msg_interfaces/include/msg_interfaces/msg_interfaces/msg/rosidl_generator_cpp__visibility_control.hpp\n'}
[0.531454] (msg_interfaces) StdoutLine: {'line': b'-- Up-to-date: /home/xc2204/ros2_new_study/install/msg_interfaces/include/msg_interfaces/msg_interfaces/msg/system_status.hpp\n'}
[0.531485] (msg_interfaces) StdoutLine: {'line': b'-- Up-to-date: /home/xc2204/ros2_new_study/install/msg_interfaces/include/msg_interfaces/msg_interfaces/srv\n'}
[0.531519] (msg_interfaces) StdoutLine: {'line': b'-- Up-to-date: /home/xc2204/ros2_new_study/install/msg_interfaces/include/msg_interfaces/msg_interfaces/srv/detail\n'}
[0.531556] (msg_interfaces) StdoutLine: {'line': b'-- Up-to-date: /home/xc2204/ros2_new_study/install/msg_interfaces/include/msg_interfaces/msg_interfaces/srv/detail/face_detector__traits.hpp\n'}
[0.531588] (msg_interfaces) StdoutLine: {'line': b'-- Up-to-date: /home/xc2204/ros2_new_study/install/msg_interfaces/include/msg_interfaces/msg_interfaces/srv/detail/face_detector__builder.hpp\n'}
[0.531624] (msg_interfaces) StdoutLine: {'line': b'-- Up-to-date: /home/xc2204/ros2_new_study/install/msg_interfaces/include/msg_interfaces/msg_interfaces/srv/detail/face_detector__type_support.hpp\n'}
[0.531658] (msg_interfaces) StdoutLine: {'line': b'-- Up-to-date: /home/xc2204/ros2_new_study/install/msg_interfaces/include/msg_interfaces/msg_interfaces/srv/detail/face_detector__struct.hpp\n'}
[0.531689] (msg_interfaces) StdoutLine: {'line': b'-- Up-to-date: /home/xc2204/ros2_new_study/install/msg_interfaces/include/msg_interfaces/msg_interfaces/srv/face_detector.hpp\n'}
[0.531723] (msg_interfaces) StdoutLine: {'line': b'-- Up-to-date: /home/xc2204/ros2_new_study/install/msg_interfaces/include/msg_interfaces/msg_interfaces\n'}
[0.531753] (msg_interfaces) StdoutLine: {'line': b'-- Up-to-date: /home/xc2204/ros2_new_study/install/msg_interfaces/include/msg_interfaces/msg_interfaces/msg\n'}
[0.531783] (msg_interfaces) StdoutLine: {'line': b'-- Up-to-date: /home/xc2204/ros2_new_study/install/msg_interfaces/include/msg_interfaces/msg_interfaces/msg/rosidl_typesupport_fastrtps_cpp__visibility_control.h\n'}
[0.531814] (msg_interfaces) StdoutLine: {'line': b'-- Up-to-date: /home/xc2204/ros2_new_study/install/msg_interfaces/include/msg_interfaces/msg_interfaces/msg/detail\n'}
[0.531854] (msg_interfaces) StdoutLine: {'line': b'-- Up-to-date: /home/xc2204/ros2_new_study/install/msg_interfaces/include/msg_interfaces/msg_interfaces/msg/detail/system_status__rosidl_typesupport_fastrtps_cpp.hpp\n'}
[0.531914] (msg_interfaces) StdoutLine: {'line': b'-- Up-to-date: /home/xc2204/ros2_new_study/install/msg_interfaces/include/msg_interfaces/msg_interfaces/msg/detail/dds_fastrtps\n'}
[0.531981] (msg_interfaces) StdoutLine: {'line': b'-- Up-to-date: /home/xc2204/ros2_new_study/install/msg_interfaces/include/msg_interfaces/msg_interfaces/srv\n'}
[0.532041] (msg_interfaces) StdoutLine: {'line': b'-- Up-to-date: /home/xc2204/ros2_new_study/install/msg_interfaces/include/msg_interfaces/msg_interfaces/srv/detail\n'}
[0.532079] (msg_interfaces) StdoutLine: {'line': b'-- Up-to-date: /home/xc2204/ros2_new_study/install/msg_interfaces/include/msg_interfaces/msg_interfaces/srv/detail/dds_fastrtps\n'}
[0.532115] (msg_interfaces) StdoutLine: {'line': b'-- Up-to-date: /home/xc2204/ros2_new_study/install/msg_interfaces/include/msg_interfaces/msg_interfaces/srv/detail/face_detector__rosidl_typesupport_fastrtps_cpp.hpp\n'}
[0.532183] (msg_interfaces) StdoutLine: {'line': b'-- Up-to-date: /home/xc2204/ros2_new_study/install/msg_interfaces/lib/libmsg_interfaces__rosidl_typesupport_fastrtps_cpp.so\n'}
[0.532218] (msg_interfaces) StdoutLine: {'line': b'-- Up-to-date: /home/xc2204/ros2_new_study/install/msg_interfaces/include/msg_interfaces/msg_interfaces\n'}
[0.532295] (msg_interfaces) StdoutLine: {'line': b'-- Up-to-date: /home/xc2204/ros2_new_study/install/msg_interfaces/include/msg_interfaces/msg_interfaces/msg\n'}
[0.532334] (msg_interfaces) StdoutLine: {'line': b'-- Up-to-date: /home/xc2204/ros2_new_study/install/msg_interfaces/include/msg_interfaces/msg_interfaces/msg/detail\n'}
[0.532371] (msg_interfaces) StdoutLine: {'line': b'-- Up-to-date: /home/xc2204/ros2_new_study/install/msg_interfaces/include/msg_interfaces/msg_interfaces/msg/detail/system_status__type_support.cpp\n'}
[0.532407] (msg_interfaces) StdoutLine: {'line': b'-- Up-to-date: /home/xc2204/ros2_new_study/install/msg_interfaces/include/msg_interfaces/msg_interfaces/msg/detail/system_status__rosidl_typesupport_introspection_cpp.hpp\n'}
[0.532445] (msg_interfaces) StdoutLine: {'line': b'-- Up-to-date: /home/xc2204/ros2_new_study/install/msg_interfaces/include/msg_interfaces/msg_interfaces/srv\n'}
[0.532483] (msg_interfaces) StdoutLine: {'line': b'-- Up-to-date: /home/xc2204/ros2_new_study/install/msg_interfaces/include/msg_interfaces/msg_interfaces/srv/detail\n'}
[0.532544] (msg_interfaces) StdoutLine: {'line': b'-- Up-to-date: /home/xc2204/ros2_new_study/install/msg_interfaces/include/msg_interfaces/msg_interfaces/srv/detail/face_detector__type_support.cpp\n'}
[0.532591] (msg_interfaces) StdoutLine: {'line': b'-- Up-to-date: /home/xc2204/ros2_new_study/install/msg_interfaces/include/msg_interfaces/msg_interfaces/srv/detail/face_detector__rosidl_typesupport_introspection_cpp.hpp\n'}
[0.532629] (msg_interfaces) StdoutLine: {'line': b'-- Up-to-date: /home/xc2204/ros2_new_study/install/msg_interfaces/lib/libmsg_interfaces__rosidl_typesupport_introspection_cpp.so\n'}
[0.532666] (msg_interfaces) StdoutLine: {'line': b'-- Up-to-date: /home/xc2204/ros2_new_study/install/msg_interfaces/lib/libmsg_interfaces__rosidl_typesupport_cpp.so\n'}
[0.532702] (msg_interfaces) StdoutLine: {'line': b'-- Up-to-date: /home/xc2204/ros2_new_study/install/msg_interfaces/share/msg_interfaces/environment/pythonpath.sh\n'}
[0.532734] (msg_interfaces) StdoutLine: {'line': b'-- Up-to-date: /home/xc2204/ros2_new_study/install/msg_interfaces/share/msg_interfaces/environment/pythonpath.dsv\n'}
[0.532771] (msg_interfaces) StdoutLine: {'line': b'-- Up-to-date: /home/xc2204/ros2_new_study/install/msg_interfaces/local/lib/python3.10/dist-packages/msg_interfaces-0.0.0-py3.10.egg-info\n'}
[0.532807] (msg_interfaces) StdoutLine: {'line': b'-- Installing: /home/xc2204/ros2_new_study/install/msg_interfaces/local/lib/python3.10/dist-packages/msg_interfaces-0.0.0-py3.10.egg-info/top_level.txt\n'}
[0.532840] (msg_interfaces) StdoutLine: {'line': b'-- Installing: /home/xc2204/ros2_new_study/install/msg_interfaces/local/lib/python3.10/dist-packages/msg_interfaces-0.0.0-py3.10.egg-info/SOURCES.txt\n'}
[0.532883] (msg_interfaces) StdoutLine: {'line': b'-- Installing: /home/xc2204/ros2_new_study/install/msg_interfaces/local/lib/python3.10/dist-packages/msg_interfaces-0.0.0-py3.10.egg-info/dependency_links.txt\n'}
[0.532924] (msg_interfaces) StdoutLine: {'line': b'-- Installing: /home/xc2204/ros2_new_study/install/msg_interfaces/local/lib/python3.10/dist-packages/msg_interfaces-0.0.0-py3.10.egg-info/PKG-INFO\n'}
[0.532962] (msg_interfaces) StdoutLine: {'line': b'-- Up-to-date: /home/xc2204/ros2_new_study/install/msg_interfaces/local/lib/python3.10/dist-packages/msg_interfaces\n'}
[0.532995] (msg_interfaces) StdoutLine: {'line': b'-- Up-to-date: /home/xc2204/ros2_new_study/install/msg_interfaces/local/lib/python3.10/dist-packages/msg_interfaces/_msg_interfaces_s.ep.rosidl_typesupport_c.c\n'}
[0.533025] (msg_interfaces) StdoutLine: {'line': b'-- Up-to-date: /home/xc2204/ros2_new_study/install/msg_interfaces/local/lib/python3.10/dist-packages/msg_interfaces/msg\n'}
[0.533060] (msg_interfaces) StdoutLine: {'line': b'-- Up-to-date: /home/xc2204/ros2_new_study/install/msg_interfaces/local/lib/python3.10/dist-packages/msg_interfaces/msg/_system_status.py\n'}
[0.533090] (msg_interfaces) StdoutLine: {'line': b'-- Up-to-date: /home/xc2204/ros2_new_study/install/msg_interfaces/local/lib/python3.10/dist-packages/msg_interfaces/msg/_system_status_s.c\n'}
[0.533159] (msg_interfaces) StdoutLine: {'line': b'-- Up-to-date: /home/xc2204/ros2_new_study/install/msg_interfaces/local/lib/python3.10/dist-packages/msg_interfaces/msg/__init__.py\n'}
[0.533217] (msg_interfaces) StdoutLine: {'line': b'-- Up-to-date: /home/xc2204/ros2_new_study/install/msg_interfaces/local/lib/python3.10/dist-packages/msg_interfaces/libmsg_interfaces__rosidl_generator_py.so\n'}
[0.533290] (msg_interfaces) StdoutLine: {'line': b'-- Up-to-date: /home/xc2204/ros2_new_study/install/msg_interfaces/local/lib/python3.10/dist-packages/msg_interfaces/_msg_interfaces_s.ep.rosidl_typesupport_fastrtps_c.c\n'}
[0.533329] (msg_interfaces) StdoutLine: {'line': b'-- Up-to-date: /home/xc2204/ros2_new_study/install/msg_interfaces/local/lib/python3.10/dist-packages/msg_interfaces/srv\n'}
[0.533369] (msg_interfaces) StdoutLine: {'line': b'-- Up-to-date: /home/xc2204/ros2_new_study/install/msg_interfaces/local/lib/python3.10/dist-packages/msg_interfaces/srv/_face_detector.py\n'}
[0.533401] (msg_interfaces) StdoutLine: {'line': b'-- Up-to-date: /home/xc2204/ros2_new_study/install/msg_interfaces/local/lib/python3.10/dist-packages/msg_interfaces/srv/_face_detector_s.c\n'}
[0.533436] (msg_interfaces) StdoutLine: {'line': b'-- Up-to-date: /home/xc2204/ros2_new_study/install/msg_interfaces/local/lib/python3.10/dist-packages/msg_interfaces/srv/__init__.py\n'}
[0.533477] (msg_interfaces) StdoutLine: {'line': b'-- Up-to-date: /home/xc2204/ros2_new_study/install/msg_interfaces/local/lib/python3.10/dist-packages/msg_interfaces/_msg_interfaces_s.ep.rosidl_typesupport_introspection_c.c\n'}
[0.533519] (msg_interfaces) StdoutLine: {'line': b'-- Up-to-date: /home/xc2204/ros2_new_study/install/msg_interfaces/local/lib/python3.10/dist-packages/msg_interfaces/msg_interfaces_s__rosidl_typesupport_fastrtps_c.cpython-310-x86_64-linux-gnu.so\n'}
[0.533552] (msg_interfaces) StdoutLine: {'line': b'-- Up-to-date: /home/xc2204/ros2_new_study/install/msg_interfaces/local/lib/python3.10/dist-packages/msg_interfaces/msg_interfaces_s__rosidl_typesupport_c.cpython-310-x86_64-linux-gnu.so\n'}
[0.533590] (msg_interfaces) StdoutLine: {'line': b'-- Up-to-date: /home/xc2204/ros2_new_study/install/msg_interfaces/local/lib/python3.10/dist-packages/msg_interfaces/msg_interfaces_s__rosidl_typesupport_introspection_c.cpython-310-x86_64-linux-gnu.so\n'}
[0.533621] (msg_interfaces) StdoutLine: {'line': b'-- Up-to-date: /home/xc2204/ros2_new_study/install/msg_interfaces/local/lib/python3.10/dist-packages/msg_interfaces/__init__.py\n'}
[0.538848] (urdf_study) CommandEnded: {'returncode': 0}
[0.540795] (urdf_study) JobProgress: {'identifier': 'urdf_study', 'progress': 'install'}
[0.541084] (urdf_study) Command: {'cmd': ['/usr/bin/cmake', '--install', '/home/xc2204/ros2_new_study/build/urdf_study'], 'cwd': '/home/xc2204/ros2_new_study/build/urdf_study', 'env': OrderedDict([('LESSOPEN', '| /usr/bin/lesspipe %s'), ('USER', 'xc2204'), ('GIT_ASKPASS', '/home/xc2204/.vscode-server/bin/8761a5560cfd65fdd19ce7e2bd18dab5c0a4d84e/extensions/git/dist/askpass.sh'), ('SHLVL', '1'), ('RCUTILS_CONSOLE_OUTPUT_FORMAT', '[{function_name}:{line_number}]: {message}'), ('LD_LIBRARY_PATH', '/usr/local/cuda-12.4/lib64:/usr/local/cuda-12.4/lib64:/usr/lib/x86_64-linux-gnu/gazebo-11/plugins:/opt/ros/humble/opt/rviz_ogre_vendor/lib:/opt/ros/humble/lib/x86_64-linux-gnu:/opt/ros/humble/lib'), ('HOME', '/home/xc2204'), ('TERM_PROGRAM_VERSION', '1.122.1'), ('VSCODE_IPC_HOOK_CLI', '/run/user/1000/vscode-ipc-544457f5-9234-4635-8115-91864fbc5be9.sock'), ('ROS_PYTHON_VERSION', '3'), ('VSCODE_GIT_ASKPASS_MAIN', '/home/xc2204/.vscode-server/bin/8761a5560cfd65fdd19ce7e2bd18dab5c0a4d84e/extensions/git/dist/askpass-main.js'), ('VSCODE_GIT_ASKPASS_NODE', '/home/xc2204/.vscode-server/bin/8761a5560cfd65fdd19ce7e2bd18dab5c0a4d84e/node'), ('VSCODE_PYTHON_AUTOACTIVATE_GUARD', '1'), ('DBUS_SESSION_BUS_ADDRESS', 'unix:path=/run/user/1000/bus'), ('COLORTERM', 'truecolor'), ('WSL_DISTRO_NAME', 'Ubuntu-22.04'), ('WAYLAND_DISPLAY', 'wayland-0'), ('ROS_DISTRO', 'humble'), ('LOGNAME', 'xc2204'), ('NAME', 'DESKTOP-LOL67EV'), ('WSL_INTEROP', '/run/WSL/899_interop'), ('PULSE_SERVER', 'unix:/mnt/wslg/PulseServer'), ('_', '/usr/bin/colcon'), ('ROS_VERSION', '2'), ('TERM', 'xterm-256color'), ('ROS_LOCALHOST_ONLY', '0'), ('PATH', '/usr/local/cuda-12.4/bin:/home/xc2204/.local/bin:/home/xc2204/.vscode-server/data/User/globalStorage/github.copilot-chat/debugCommand:/home/xc2204/.vscode-server/data/User/globalStorage/github.copilot-chat/copilotCli:/home/xc2204/.vscode-server/bin/8761a5560cfd65fdd19ce7e2bd18dab5c0a4d84e/bin/remote-cli:/home/xc2204/.local/bin:/usr/local/cuda-12.4/bin:/home/xc2204/.local/bin:/opt/ros/humble/bin:/usr/local/sbin:/usr/local/bin:/usr/sbin:/usr/bin:/sbin:/bin:/usr/games:/usr/local/games:/usr/lib/wsl/lib:/mnt/c/app/vmware station/bin/:/mnt/c/app/python3.13.2/Scripts/:/mnt/c/app/python3.13.2/:/mnt/c/WINDOWS/system32:/mnt/c/WINDOWS:/mnt/c/WINDOWS/System32/Wbem:/mnt/c/WINDOWS/System32/WindowsPowerShell/v1.0/:/mnt/c/WINDOWS/System32/OpenSSH/:/mnt/c/Users/Administrator/AppData/Local/Microsoft/WindowsApps:/mnt/c/Recovery/OEM/Backup/:/mnt/c/Program Files/dotnet/:/mnt/c/Program Files (x86)/NVIDIA Corporation/PhysX/Common:/mnt/c/Windows Kits/10/Windows Performance Toolkit/:/mnt/c/WINDOWS/system32:/mnt/c/WINDOWS:/mnt/c/WINDOWS/System32/Wbem:/mnt/c/WINDOWS/System32/WindowsPowerShell/v1.0/:/mnt/c/WINDOWS/System32/OpenSSH/:/mnt/c/app/MySQL/MySQL/MySQL Server 8.0/bin:/mnt/c/Program Files/nvm:/mnt/c/nvm4w/nodejs:/mnt/c/ProgramData/chocolatey/bin:/mnt/c/Program Files/nvm/v16.18.0:/mnt/c/app/web_study/Java11.0.30/bin:/mnt/c/Program Files (x86)/Microsoft SQL Server/160/Tools/Binn/:/mnt/c/Program Files/Microsoft SQL Server/160/Tools/Binn/:/mnt/c/Program Files/Microsoft SQL Server/Client SDK/ODBC/170/Tools/Binn/:/mnt/c/Program Files/Microsoft SQL Server/160/DTS/Binn/:/mnt/c/Program Files (x86)/Windows Kits/8.1/Windows Performance Toolkit/:/mnt/c/Program Files/NVIDIA Corporation/NVIDIA App/NvDLISR:/mnt/c/app/git/git/Git/cmd:/mnt/c/app/git/git/Git/mingw64/bin:/mnt/c/app/git/git/Git/usr/bin:/mnt/d/app/Matlab/matlab/runtime/win64:/mnt/d/app/Matlab/matlab/bin:/mnt/c/Program Files/Docker/Docker/resources/bin:/mnt/c/Program Files (x86)/Go/bin:/mnt/c/Program Files/usbipd-win/:/mnt/c/app/MySQL/MySQL/MySQL Shell 8.0/bin/:/mnt/c/Users/xc/AppData/Local/Microsoft/WindowsApps:/mnt/c/app/vscode/Microsoft VS Code/bin:/mnt/c/app/idea/IntelliJ IDEA Community Edition 2025.1.1.1/bin:/mnt/c/Program Files/nvm:/mnt/c/nvm4w/nodejs:/mnt/b/app/anaconda:/mnt/b/app/anaconda/Scripts:/mnt/b/app/anaconda/Library/bin:/mnt/b/opencv/opencv/build/x64/vc16/bin:/mnt/c/Users/xc/.dotnet/tools:/mnt/c/Users/xc/AppData/Local/Programs/Ollama:/mnt/c/Users/xc/.local/bin/:/mnt/c/Users/xc/go/bin:/snap/bin'), ('XDG_RUNTIME_DIR', '/run/user/1000/'), ('DISPLAY', ':0'), ('LANG', 'C.UTF-8'), ('LS_COLORS', 'rs=0:di=01;34:ln=01;36:mh=00:pi=40;33:so=01;35:do=01;35:bd=40;33;01:cd=40;33;01:or=40;31;01:mi=00:su=37;41:sg=30;43:ca=30;41:tw=30;42:ow=34;42:st=37;44:ex=01;32:*.tar=01;31:*.tgz=01;31:*.arc=01;31:*.arj=01;31:*.taz=01;31:*.lha=01;31:*.lz4=01;31:*.lzh=01;31:*.lzma=01;31:*.tlz=01;31:*.txz=01;31:*.tzo=01;31:*.t7z=01;31:*.zip=01;31:*.z=01;31:*.dz=01;31:*.gz=01;31:*.lrz=01;31:*.lz=01;31:*.lzo=01;31:*.xz=01;31:*.zst=01;31:*.tzst=01;31:*.bz2=01;31:*.bz=01;31:*.tbz=01;31:*.tbz2=01;31:*.tz=01;31:*.deb=01;31:*.rpm=01;31:*.jar=01;31:*.war=01;31:*.ear=01;31:*.sar=01;31:*.rar=01;31:*.alz=01;31:*.ace=01;31:*.zoo=01;31:*.cpio=01;31:*.7z=01;31:*.rz=01;31:*.cab=01;31:*.wim=01;31:*.swm=01;31:*.dwm=01;31:*.esd=01;31:*.jpg=01;35:*.jpeg=01;35:*.mjpg=01;35:*.mjpeg=01;35:*.gif=01;35:*.bmp=01;35:*.pbm=01;35:*.pgm=01;35:*.ppm=01;35:*.tga=01;35:*.xbm=01;35:*.xpm=01;35:*.tif=01;35:*.tiff=01;35:*.png=01;35:*.svg=01;35:*.svgz=01;35:*.mng=01;35:*.pcx=01;35:*.mov=01;35:*.mpg=01;35:*.mpeg=01;35:*.m2v=01;35:*.mkv=01;35:*.webm=01;35:*.webp=01;35:*.ogm=01;35:*.mp4=01;35:*.m4v=01;35:*.mp4v=01;35:*.vob=01;35:*.qt=01;35:*.nuv=01;35:*.wmv=01;35:*.asf=01;35:*.rm=01;35:*.rmvb=01;35:*.flc=01;35:*.avi=01;35:*.fli=01;35:*.flv=01;35:*.gl=01;35:*.dl=01;35:*.xcf=01;35:*.xwd=01;35:*.yuv=01;35:*.cgm=01;35:*.emf=01;35:*.ogv=01;35:*.ogx=01;35:*.aac=00;36:*.au=00;36:*.flac=00;36:*.m4a=00;36:*.mid=00;36:*.midi=00;36:*.mka=00;36:*.mp3=00;36:*.mpc=00;36:*.ogg=00;36:*.ra=00;36:*.wav=00;36:*.oga=00;36:*.opus=00;36:*.spx=00;36:*.xspf=00;36:'), ('VSCODE_GIT_IPC_HANDLE', '/run/user/1000/vscode-git-0900024275.sock'), ('TERM_PROGRAM', 'vscode'), ('AMENT_PREFIX_PATH', '/opt/ros/humble'), ('SHELL', '/bin/bash'), ('LESSCLOSE', '/usr/bin/lesspipe %s %s'), ('VSCODE_GIT_ASKPASS_EXTRA_ARGS', ''), ('PWD', '/home/xc2204/ros2_new_study/build/urdf_study'), ('COPILOT_DEBUG_NONCE', 'b978874a506181b6f4863615adb6c962'), ('XDG_DATA_DIRS', '/usr/local/share:/usr/share:/var/lib/snapd/desktop'), ('PYTHONPATH', '/opt/ros/humble/lib/python3.10/site-packages:/opt/ros/humble/local/lib/python3.10/dist-packages'), ('COLCON', '1'), ('WSL2_GUI_APPS_ENABLED', '1'), ('HOSTTYPE', 'x86_64'), ('WSLENV', 'VSCODE_WSL_EXT_LOCATION/up'), ('CMAKE_PREFIX_PATH', '/opt/ros/humble')]), 'shell': False}
[0.549628] (urdf_study) StdoutLine: {'line': b'-- Install configuration: ""\n'}
[0.549878] (urdf_study) StdoutLine: {'line': b'-- Up-to-date: /home/xc2204/ros2_new_study/install/urdf_study/share/urdf_study//launch\n'}
[0.549993] (urdf_study) StdoutLine: {'line': b'-- Up-to-date: /home/xc2204/ros2_new_study/install/urdf_study/share/urdf_study//launch/J_L_S_publisher.launch.py\n'}
[0.550086] (urdf_study) StdoutLine: {'line': b'-- Up-to-date: /home/xc2204/ros2_new_study/install/urdf_study/share/urdf_study//URDF\n'}
[0.550259] (urdf_study) StdoutLine: {'line': b'-- Up-to-date: /home/xc2204/ros2_new_study/install/urdf_study/share/urdf_study//URDF/sensro\n'}
[0.550641] (urdf_study) StdoutLine: {'line': b'-- Up-to-date: /home/xc2204/ros2_new_study/install/urdf_study/share/urdf_study//URDF/sensro/camera.urdf.xacro\n'}
[0.550938] (urdf_study) StdoutLine: {'line': b'-- Up-to-date: /home/xc2204/ros2_new_study/install/urdf_study/share/urdf_study//URDF/sensro/lader.urdf.xacro\n'}
[0.551048] (urdf_study) StdoutLine: {'line': b'-- Up-to-date: /home/xc2204/ros2_new_study/install/urdf_study/share/urdf_study//URDF/sensro/imu.urdf.xacro\n'}
[0.551139] (urdf_study) StdoutLine: {'line': b'-- Up-to-date: /home/xc2204/ros2_new_study/install/urdf_study/share/urdf_study//URDF/study_urdf_processed.urdf\n'}
[0.551220] (urdf_study) StdoutLine: {'line': b'-- Up-to-date: /home/xc2204/ros2_new_study/install/urdf_study/share/urdf_study//URDF/study_urdf.urdf\n'}
[0.551369] (urdf_study) StdoutLine: {'line': b'-- Up-to-date: /home/xc2204/ros2_new_study/install/urdf_study/share/urdf_study//rviz\n'}
[0.551455] (urdf_study) StdoutLine: {'line': b'-- Up-to-date: /home/xc2204/ros2_new_study/install/urdf_study/share/urdf_study//rviz/urdf_study.rviz\n'}
[0.551551] (urdf_study) StdoutLine: {'line': b'-- Up-to-date: /home/xc2204/ros2_new_study/install/urdf_study/share/urdf_study//rviz/urdf_study.rviz:Zone.Identifier\n'}
[0.551636] (urdf_study) StdoutLine: {'line': b'-- Up-to-date: /home/xc2204/ros2_new_study/install/urdf_study/share/urdf_study//world\n'}
[0.551678] (urdf_study) StdoutLine: {'line': b'-- Up-to-date: /home/xc2204/ros2_new_study/install/urdf_study/share/ament_index/resource_index/package_run_dependencies/urdf_study\n'}
[0.551966] (urdf_study) StdoutLine: {'line': b'-- Up-to-date: /home/xc2204/ros2_new_study/install/urdf_study/share/ament_index/resource_index/parent_prefix_path/urdf_study\n'}
[0.552122] (urdf_study) StdoutLine: {'line': b'-- Up-to-date: /home/xc2204/ros2_new_study/install/urdf_study/share/urdf_study/environment/ament_prefix_path.sh\n'}
[0.552159] (urdf_study) StdoutLine: {'line': b'-- Up-to-date: /home/xc2204/ros2_new_study/install/urdf_study/share/urdf_study/environment/ament_prefix_path.dsv\n'}
[0.552192] (urdf_study) StdoutLine: {'line': b'-- Up-to-date: /home/xc2204/ros2_new_study/install/urdf_study/share/urdf_study/environment/path.sh\n'}
[0.552223] (urdf_study) StdoutLine: {'line': b'-- Up-to-date: /home/xc2204/ros2_new_study/install/urdf_study/share/urdf_study/environment/path.dsv\n'}
[0.552255] (urdf_study) StdoutLine: {'line': b'-- Up-to-date: /home/xc2204/ros2_new_study/install/urdf_study/share/urdf_study/local_setup.bash\n'}
[0.552372] (urdf_study) StdoutLine: {'line': b'-- Up-to-date: /home/xc2204/ros2_new_study/install/urdf_study/share/urdf_study/local_setup.sh\n'}
[0.552511] (urdf_study) StdoutLine: {'line': b'-- Up-to-date: /home/xc2204/ros2_new_study/install/urdf_study/share/urdf_study/local_setup.zsh\n'}
[0.552655] (urdf_study) StdoutLine: {'line': b'-- Up-to-date: /home/xc2204/ros2_new_study/install/urdf_study/share/urdf_study/local_setup.dsv\n'}
[0.552794] (urdf_study) StdoutLine: {'line': b'-- Installing: /home/xc2204/ros2_new_study/install/urdf_study/share/urdf_study/package.dsv\n'}
[0.553026] (urdf_study) StdoutLine: {'line': b'-- Up-to-date: /home/xc2204/ros2_new_study/install/urdf_study/share/ament_index/resource_index/packages/urdf_study\n'}
[0.553200] (urdf_study) StdoutLine: {'line': b'-- Up-to-date: /home/xc2204/ros2_new_study/install/urdf_study/share/urdf_study/cmake/urdf_studyConfig.cmake\n'}
[0.553248] (urdf_study) StdoutLine: {'line': b'-- Up-to-date: /home/xc2204/ros2_new_study/install/urdf_study/share/urdf_study/cmake/urdf_studyConfig-version.cmake\n'}
[0.553283] (urdf_study) StdoutLine: {'line': b'-- Up-to-date: /home/xc2204/ros2_new_study/install/urdf_study/share/urdf_study/package.xml\n'}
[0.554640] (urdf_study) CommandEnded: {'returncode': 0}
[0.560743] (msg_interfaces) StdoutLine: {'line': b"Listing '/home/xc2204/ros2_new_study/install/msg_interfaces/local/lib/python3.10/dist-packages/msg_interfaces'...\n"}
[0.560896] (msg_interfaces) StdoutLine: {'line': b"Listing '/home/xc2204/ros2_new_study/install/msg_interfaces/local/lib/python3.10/dist-packages/msg_interfaces/msg'...\n"}
[0.560935] (msg_interfaces) StdoutLine: {'line': b"Listing '/home/xc2204/ros2_new_study/install/msg_interfaces/local/lib/python3.10/dist-packages/msg_interfaces/srv'...\n"}
[0.565148] (msg_interfaces) StdoutLine: {'line': b'-- Up-to-date: /home/xc2204/ros2_new_study/install/msg_interfaces/local/lib/python3.10/dist-packages/msg_interfaces/msg_interfaces_s__rosidl_typesupport_fastrtps_c.cpython-310-x86_64-linux-gnu.so\n'}
[0.565868] (msg_interfaces) StdoutLine: {'line': b'-- Up-to-date: /home/xc2204/ros2_new_study/install/msg_interfaces/local/lib/python3.10/dist-packages/msg_interfaces/msg_interfaces_s__rosidl_typesupport_introspection_c.cpython-310-x86_64-linux-gnu.so\n'}
[0.567061] (msg_interfaces) StdoutLine: {'line': b'-- Up-to-date: /home/xc2204/ros2_new_study/install/msg_interfaces/local/lib/python3.10/dist-packages/msg_interfaces/msg_interfaces_s__rosidl_typesupport_c.cpython-310-x86_64-linux-gnu.so\n'}
[0.567395] (msg_interfaces) StdoutLine: {'line': b'-- Up-to-date: /home/xc2204/ros2_new_study/install/msg_interfaces/lib/libmsg_interfaces__rosidl_generator_py.so\n'}
[0.568249] (msg_interfaces) StdoutLine: {'line': b'-- Up-to-date: /home/xc2204/ros2_new_study/install/msg_interfaces/share/ament_index/resource_index/rust_packages/msg_interfaces\n'}
[0.568689] (msg_interfaces) StdoutLine: {'line': b'-- Up-to-date: /home/xc2204/ros2_new_study/install/msg_interfaces/share/msg_interfaces/rust\n'}
[0.569141] (msg_interfaces) StdoutLine: {'line': b'-- Up-to-date: /home/xc2204/ros2_new_study/install/msg_interfaces/share/msg_interfaces/rust/build.rs\n'}
[0.569240] (msg_interfaces) StdoutLine: {'line': b'-- Up-to-date: /home/xc2204/ros2_new_study/install/msg_interfaces/share/msg_interfaces/rust/src\n'}
[0.569595] (msg_interfaces) StdoutLine: {'line': b'-- Up-to-date: /home/xc2204/ros2_new_study/install/msg_interfaces/share/msg_interfaces/rust/src/srv.rs\n'}
[0.570068] (msg_interfaces) StdoutLine: {'line': b'-- Up-to-date: /home/xc2204/ros2_new_study/install/msg_interfaces/share/msg_interfaces/rust/src/msg\n'}
[0.570724] (msg_interfaces) StdoutLine: {'line': b'-- Up-to-date: /home/xc2204/ros2_new_study/install/msg_interfaces/share/msg_interfaces/rust/src/msg/rmw.rs\n'}
[0.570884] (msg_interfaces) StdoutLine: {'line': b'-- Up-to-date: /home/xc2204/ros2_new_study/install/msg_interfaces/share/msg_interfaces/rust/src/lib.rs\n'}
[0.571071] (msg_interfaces) StdoutLine: {'line': b'-- Up-to-date: /home/xc2204/ros2_new_study/install/msg_interfaces/share/msg_interfaces/rust/src/srv\n'}
[0.571152] (msg_interfaces) StdoutLine: {'line': b'-- Up-to-date: /home/xc2204/ros2_new_study/install/msg_interfaces/share/msg_interfaces/rust/src/srv/rmw.rs\n'}
[0.571452] (msg_interfaces) StdoutLine: {'line': b'-- Up-to-date: /home/xc2204/ros2_new_study/install/msg_interfaces/share/msg_interfaces/rust/src/msg.rs\n'}
[0.571857] (msg_interfaces) StdoutLine: {'line': b'-- Up-to-date: /home/xc2204/ros2_new_study/install/msg_interfaces/share/msg_interfaces/rust/Cargo.toml\n'}
[0.572364] (msg_interfaces) StdoutLine: {'line': b'-- Up-to-date: /home/xc2204/ros2_new_study/install/msg_interfaces/share/msg_interfaces/msg/SystemStatus.idl\n'}
[0.572646] (msg_interfaces) StdoutLine: {'line': b'-- Up-to-date: /home/xc2204/ros2_new_study/install/msg_interfaces/share/msg_interfaces/srv/FaceDetector.idl\n'}
[0.573289] (msg_interfaces) StdoutLine: {'line': b'-- Up-to-date: /home/xc2204/ros2_new_study/install/msg_interfaces/share/msg_interfaces/msg/SystemStatus.msg\n'}
[0.573726] (msg_interfaces) StdoutLine: {'line': b'-- Up-to-date: /home/xc2204/ros2_new_study/install/msg_interfaces/share/msg_interfaces/srv/FaceDetector.srv\n'}
[0.574416] (msg_interfaces) StdoutLine: {'line': b'-- Up-to-date: /home/xc2204/ros2_new_study/install/msg_interfaces/share/msg_interfaces/srv/FaceDetector_Request.msg\n'}
[0.574589] (msg_interfaces) StdoutLine: {'line': b'-- Up-to-date: /home/xc2204/ros2_new_study/install/msg_interfaces/share/msg_interfaces/srv/FaceDetector_Response.msg\n'}
[0.574683] (msg_interfaces) StdoutLine: {'line': b'-- Up-to-date: /home/xc2204/ros2_new_study/install/msg_interfaces/share/ament_index/resource_index/package_run_dependencies/msg_interfaces\n'}
[0.574752] (msg_interfaces) StdoutLine: {'line': b'-- Up-to-date: /home/xc2204/ros2_new_study/install/msg_interfaces/share/ament_index/resource_index/parent_prefix_path/msg_interfaces\n'}
[0.574832] (msg_interfaces) StdoutLine: {'line': b'-- Up-to-date: /home/xc2204/ros2_new_study/install/msg_interfaces/share/msg_interfaces/environment/ament_prefix_path.sh\n'}
[0.574919] (msg_interfaces) StdoutLine: {'line': b'-- Up-to-date: /home/xc2204/ros2_new_study/install/msg_interfaces/share/msg_interfaces/environment/ament_prefix_path.dsv\n'}
[0.575831] (msg_interfaces) StdoutLine: {'line': b'-- Up-to-date: /home/xc2204/ros2_new_study/install/msg_interfaces/share/msg_interfaces/environment/path.sh\n'}
[0.575938] (msg_interfaces) StdoutLine: {'line': b'-- Up-to-date: /home/xc2204/ros2_new_study/install/msg_interfaces/share/msg_interfaces/environment/path.dsv\n'}
[0.576017] (msg_interfaces) StdoutLine: {'line': b'-- Up-to-date: /home/xc2204/ros2_new_study/install/msg_interfaces/share/msg_interfaces/local_setup.bash\n'}
[0.576096] (msg_interfaces) StdoutLine: {'line': b'-- Up-to-date: /home/xc2204/ros2_new_study/install/msg_interfaces/share/msg_interfaces/local_setup.sh\n'}
[0.576186] (msg_interfaces) StdoutLine: {'line': b'-- Up-to-date: /home/xc2204/ros2_new_study/install/msg_interfaces/share/msg_interfaces/local_setup.zsh\n'}
[0.576268] (msg_interfaces) StdoutLine: {'line': b'-- Up-to-date: /home/xc2204/ros2_new_study/install/msg_interfaces/share/msg_interfaces/local_setup.dsv\n'}
[0.576354] (msg_interfaces) StdoutLine: {'line': b'-- Installing: /home/xc2204/ros2_new_study/install/msg_interfaces/share/msg_interfaces/package.dsv\n'}
[0.576443] (msg_interfaces) StdoutLine: {'line': b'-- Up-to-date: /home/xc2204/ros2_new_study/install/msg_interfaces/share/ament_index/resource_index/packages/msg_interfaces\n'}
[0.576561] (msg_interfaces) StdoutLine: {'line': b'-- Up-to-date: /home/xc2204/ros2_new_study/install/msg_interfaces/share/msg_interfaces/cmake/export_msg_interfaces__rosidl_generator_cExport.cmake\n'}
[0.576650] (msg_interfaces) StdoutLine: {'line': b'-- Up-to-date: /home/xc2204/ros2_new_study/install/msg_interfaces/share/msg_interfaces/cmake/export_msg_interfaces__rosidl_generator_cExport-noconfig.cmake\n'}
[0.576979] (msg_interfaces) StdoutLine: {'line': b'-- Up-to-date: /home/xc2204/ros2_new_study/install/msg_interfaces/share/msg_interfaces/cmake/export_msg_interfaces__rosidl_typesupport_fastrtps_cExport.cmake\n'}
[0.577342] (msg_interfaces) StdoutLine: {'line': b'-- Up-to-date: /home/xc2204/ros2_new_study/install/msg_interfaces/share/msg_interfaces/cmake/export_msg_interfaces__rosidl_typesupport_fastrtps_cExport-noconfig.cmake\n'}
[0.577595] (msg_interfaces) StdoutLine: {'line': b'-- Up-to-date: /home/xc2204/ros2_new_study/install/msg_interfaces/share/msg_interfaces/cmake/msg_interfaces__rosidl_typesupport_introspection_cExport.cmake\n'}
[0.577721] (msg_interfaces) StdoutLine: {'line': b'-- Up-to-date: /home/xc2204/ros2_new_study/install/msg_interfaces/share/msg_interfaces/cmake/msg_interfaces__rosidl_typesupport_introspection_cExport-noconfig.cmake\n'}
[0.577794] (msg_interfaces) StdoutLine: {'line': b'-- Up-to-date: /home/xc2204/ros2_new_study/install/msg_interfaces/share/msg_interfaces/cmake/msg_interfaces__rosidl_typesupport_cExport.cmake\n'}
[0.577872] (msg_interfaces) StdoutLine: {'line': b'-- Up-to-date: /home/xc2204/ros2_new_study/install/msg_interfaces/share/msg_interfaces/cmake/msg_interfaces__rosidl_typesupport_cExport-noconfig.cmake\n'}
[0.577950] (msg_interfaces) StdoutLine: {'line': b'-- Up-to-date: /home/xc2204/ros2_new_study/install/msg_interfaces/share/msg_interfaces/cmake/export_msg_interfaces__rosidl_generator_cppExport.cmake\n'}
[0.578054] (msg_interfaces) StdoutLine: {'line': b'-- Up-to-date: /home/xc2204/ros2_new_study/install/msg_interfaces/share/msg_interfaces/cmake/export_msg_interfaces__rosidl_typesupport_fastrtps_cppExport.cmake\n'}
[0.578149] (msg_interfaces) StdoutLine: {'line': b'-- Up-to-date: /home/xc2204/ros2_new_study/install/msg_interfaces/share/msg_interfaces/cmake/export_msg_interfaces__rosidl_typesupport_fastrtps_cppExport-noconfig.cmake\n'}
[0.578238] (msg_interfaces) StdoutLine: {'line': b'-- Up-to-date: /home/xc2204/ros2_new_study/install/msg_interfaces/share/msg_interfaces/cmake/msg_interfaces__rosidl_typesupport_introspection_cppExport.cmake\n'}
[0.578355] (msg_interfaces) StdoutLine: {'line': b'-- Up-to-date: /home/xc2204/ros2_new_study/install/msg_interfaces/share/msg_interfaces/cmake/msg_interfaces__rosidl_typesupport_introspection_cppExport-noconfig.cmake\n'}
[0.578478] (msg_interfaces) StdoutLine: {'line': b'-- Up-to-date: /home/xc2204/ros2_new_study/install/msg_interfaces/share/msg_interfaces/cmake/msg_interfaces__rosidl_typesupport_cppExport.cmake\n'}
[0.578627] (msg_interfaces) StdoutLine: {'line': b'-- Up-to-date: /home/xc2204/ros2_new_study/install/msg_interfaces/share/msg_interfaces/cmake/msg_interfaces__rosidl_typesupport_cppExport-noconfig.cmake\n'}
[0.578719] (msg_interfaces) StdoutLine: {'line': b'-- Up-to-date: /home/xc2204/ros2_new_study/install/msg_interfaces/share/msg_interfaces/cmake/export_msg_interfaces__rosidl_generator_pyExport.cmake\n'}
[0.578800] (msg_interfaces) StdoutLine: {'line': b'-- Up-to-date: /home/xc2204/ros2_new_study/install/msg_interfaces/share/msg_interfaces/cmake/export_msg_interfaces__rosidl_generator_pyExport-noconfig.cmake\n'}
[0.578865] (msg_interfaces) StdoutLine: {'line': b'-- Up-to-date: /home/xc2204/ros2_new_study/install/msg_interfaces/share/msg_interfaces/cmake/rosidl_cmake-extras.cmake\n'}
[0.578958] (msg_interfaces) StdoutLine: {'line': b'-- Up-to-date: /home/xc2204/ros2_new_study/install/msg_interfaces/share/msg_interfaces/cmake/ament_cmake_export_dependencies-extras.cmake\n'}
[0.579105] (msg_interfaces) StdoutLine: {'line': b'-- Up-to-date: /home/xc2204/ros2_new_study/install/msg_interfaces/share/msg_interfaces/cmake/ament_cmake_export_include_directories-extras.cmake\n'}
[0.579383] (msg_interfaces) StdoutLine: {'line': b'-- Up-to-date: /home/xc2204/ros2_new_study/install/msg_interfaces/share/msg_interfaces/cmake/ament_cmake_export_libraries-extras.cmake\n'}
[0.580156] (msg_interfaces) StdoutLine: {'line': b'-- Up-to-date: /home/xc2204/ros2_new_study/install/msg_interfaces/share/msg_interfaces/cmake/ament_cmake_export_targets-extras.cmake\n'}
[0.580291] (msg_interfaces) StdoutLine: {'line': b'-- Up-to-date: /home/xc2204/ros2_new_study/install/msg_interfaces/share/msg_interfaces/cmake/rosidl_cmake_export_typesupport_targets-extras.cmake\n'}
[0.580361] (msg_interfaces) StdoutLine: {'line': b'-- Up-to-date: /home/xc2204/ros2_new_study/install/msg_interfaces/share/msg_interfaces/cmake/rosidl_cmake_export_typesupport_libraries-extras.cmake\n'}
[0.580441] (msg_interfaces) StdoutLine: {'line': b'-- Up-to-date: /home/xc2204/ros2_new_study/install/msg_interfaces/share/msg_interfaces/cmake/msg_interfacesConfig.cmake\n'}
[0.580677] (msg_interfaces) StdoutLine: {'line': b'-- Up-to-date: /home/xc2204/ros2_new_study/install/msg_interfaces/share/msg_interfaces/cmake/msg_interfacesConfig-version.cmake\n'}
[0.580892] (msg_interfaces) StdoutLine: {'line': b'-- Up-to-date: /home/xc2204/ros2_new_study/install/msg_interfaces/share/msg_interfaces/package.xml\n'}
[0.598099] (urdf_study) JobEnded: {'identifier': 'urdf_study', 'rc': 0}
[0.600216] (msg_interfaces) CommandEnded: {'returncode': 0}
[0.601290] (-) TimerEvent: {}
[0.624966] (msg_interfaces) JobEnded: {'identifier': 'msg_interfaces', 'rc': 0}
[0.626838] (pc_stuts) JobStarted: {'identifier': 'pc_stuts'}
[0.630849] (test_pkg) JobStarted: {'identifier': 'test_pkg'}
[0.704058] (-) TimerEvent: {}
[0.804475] (-) TimerEvent: {}
[0.906943] (-) TimerEvent: {}
[1.013473] (-) TimerEvent: {}
[1.120058] (-) TimerEvent: {}
[1.171397] (TF_study) Command: {'cmd': ['/usr/bin/python3', '-W', 'ignore:setup.py install is deprecated', '-W', 'ignore:easy_install command is deprecated', 'setup.py', 'egg_info', '--egg-base', '../../build/TF_study', 'build', '--build-base', '/home/xc2204/ros2_new_study/build/TF_study/build', 'install', '--record', '/home/xc2204/ros2_new_study/build/TF_study/install.log', '--single-version-externally-managed', 'install_data'], 'cwd': '/home/xc2204/ros2_new_study/src/TF_study', 'env': {'LESSOPEN': '| /usr/bin/lesspipe %s', 'USER': 'xc2204', 'GIT_ASKPASS': '/home/xc2204/.vscode-server/bin/8761a5560cfd65fdd19ce7e2bd18dab5c0a4d84e/extensions/git/dist/askpass.sh', 'SHLVL': '1', 'RCUTILS_CONSOLE_OUTPUT_FORMAT': '[{function_name}:{line_number}]: {message}', 'LD_LIBRARY_PATH': '/usr/local/cuda-12.4/lib64:/usr/local/cuda-12.4/lib64:/usr/lib/x86_64-linux-gnu/gazebo-11/plugins:/opt/ros/humble/opt/rviz_ogre_vendor/lib:/opt/ros/humble/lib/x86_64-linux-gnu:/opt/ros/humble/lib', 'HOME': '/home/xc2204', 'TERM_PROGRAM_VERSION': '1.122.1', 'VSCODE_IPC_HOOK_CLI': '/run/user/1000/vscode-ipc-544457f5-9234-4635-8115-91864fbc5be9.sock', 'ROS_PYTHON_VERSION': '3', 'VSCODE_GIT_ASKPASS_MAIN': '/home/xc2204/.vscode-server/bin/8761a5560cfd65fdd19ce7e2bd18dab5c0a4d84e/extensions/git/dist/askpass-main.js', 'VSCODE_GIT_ASKPASS_NODE': '/home/xc2204/.vscode-server/bin/8761a5560cfd65fdd19ce7e2bd18dab5c0a4d84e/node', 'VSCODE_PYTHON_AUTOACTIVATE_GUARD': '1', 'DBUS_SESSION_BUS_ADDRESS': 'unix:path=/run/user/1000/bus', 'COLORTERM': 'truecolor', 'WSL_DISTRO_NAME': 'Ubuntu-22.04', 'WAYLAND_DISPLAY': 'wayland-0', 'ROS_DISTRO': 'humble', 'LOGNAME': 'xc2204', 'NAME': 'DESKTOP-LOL67EV', 'WSL_INTEROP': '/run/WSL/899_interop', 'PULSE_SERVER': 'unix:/mnt/wslg/PulseServer', '_': '/usr/bin/colcon', 'ROS_VERSION': '2', 'TERM': 'xterm-256color', 'ROS_LOCALHOST_ONLY': '0', 'PATH': '/usr/local/cuda-12.4/bin:/home/xc2204/.local/bin:/home/xc2204/.vscode-server/data/User/globalStorage/github.copilot-chat/debugCommand:/home/xc2204/.vscode-server/data/User/globalStorage/github.copilot-chat/copilotCli:/home/xc2204/.vscode-server/bin/8761a5560cfd65fdd19ce7e2bd18dab5c0a4d84e/bin/remote-cli:/home/xc2204/.local/bin:/usr/local/cuda-12.4/bin:/home/xc2204/.local/bin:/opt/ros/humble/bin:/usr/local/sbin:/usr/local/bin:/usr/sbin:/usr/bin:/sbin:/bin:/usr/games:/usr/local/games:/usr/lib/wsl/lib:/mnt/c/app/vmware station/bin/:/mnt/c/app/python3.13.2/Scripts/:/mnt/c/app/python3.13.2/:/mnt/c/WINDOWS/system32:/mnt/c/WINDOWS:/mnt/c/WINDOWS/System32/Wbem:/mnt/c/WINDOWS/System32/WindowsPowerShell/v1.0/:/mnt/c/WINDOWS/System32/OpenSSH/:/mnt/c/Users/Administrator/AppData/Local/Microsoft/WindowsApps:/mnt/c/Recovery/OEM/Backup/:/mnt/c/Program Files/dotnet/:/mnt/c/Program Files (x86)/NVIDIA Corporation/PhysX/Common:/mnt/c/Windows Kits/10/Windows Performance Toolkit/:/mnt/c/WINDOWS/system32:/mnt/c/WINDOWS:/mnt/c/WINDOWS/System32/Wbem:/mnt/c/WINDOWS/System32/WindowsPowerShell/v1.0/:/mnt/c/WINDOWS/System32/OpenSSH/:/mnt/c/app/MySQL/MySQL/MySQL Server 8.0/bin:/mnt/c/Program Files/nvm:/mnt/c/nvm4w/nodejs:/mnt/c/ProgramData/chocolatey/bin:/mnt/c/Program Files/nvm/v16.18.0:/mnt/c/app/web_study/Java11.0.30/bin:/mnt/c/Program Files (x86)/Microsoft SQL Server/160/Tools/Binn/:/mnt/c/Program Files/Microsoft SQL Server/160/Tools/Binn/:/mnt/c/Program Files/Microsoft SQL Server/Client SDK/ODBC/170/Tools/Binn/:/mnt/c/Program Files/Microsoft SQL Server/160/DTS/Binn/:/mnt/c/Program Files (x86)/Windows Kits/8.1/Windows Performance Toolkit/:/mnt/c/Program Files/NVIDIA Corporation/NVIDIA App/NvDLISR:/mnt/c/app/git/git/Git/cmd:/mnt/c/app/git/git/Git/mingw64/bin:/mnt/c/app/git/git/Git/usr/bin:/mnt/d/app/Matlab/matlab/runtime/win64:/mnt/d/app/Matlab/matlab/bin:/mnt/c/Program Files/Docker/Docker/resources/bin:/mnt/c/Program Files (x86)/Go/bin:/mnt/c/Program Files/usbipd-win/:/mnt/c/app/MySQL/MySQL/MySQL Shell 8.0/bin/:/mnt/c/Users/xc/AppData/Local/Microsoft/WindowsApps:/mnt/c/app/vscode/Microsoft VS Code/bin:/mnt/c/app/idea/IntelliJ IDEA Community Edition 2025.1.1.1/bin:/mnt/c/Program Files/nvm:/mnt/c/nvm4w/nodejs:/mnt/b/app/anaconda:/mnt/b/app/anaconda/Scripts:/mnt/b/app/anaconda/Library/bin:/mnt/b/opencv/opencv/build/x64/vc16/bin:/mnt/c/Users/xc/.dotnet/tools:/mnt/c/Users/xc/AppData/Local/Programs/Ollama:/mnt/c/Users/xc/.local/bin/:/mnt/c/Users/xc/go/bin:/snap/bin', 'XDG_RUNTIME_DIR': '/run/user/1000/', 'DISPLAY': ':0', 'LANG': 'C.UTF-8', 'LS_COLORS': 'rs=0:di=01;34:ln=01;36:mh=00:pi=40;33:so=01;35:do=01;35:bd=40;33;01:cd=40;33;01:or=40;31;01:mi=00:su=37;41:sg=30;43:ca=30;41:tw=30;42:ow=34;42:st=37;44:ex=01;32:*.tar=01;31:*.tgz=01;31:*.arc=01;31:*.arj=01;31:*.taz=01;31:*.lha=01;31:*.lz4=01;31:*.lzh=01;31:*.lzma=01;31:*.tlz=01;31:*.txz=01;31:*.tzo=01;31:*.t7z=01;31:*.zip=01;31:*.z=01;31:*.dz=01;31:*.gz=01;31:*.lrz=01;31:*.lz=01;31:*.lzo=01;31:*.xz=01;31:*.zst=01;31:*.tzst=01;31:*.bz2=01;31:*.bz=01;31:*.tbz=01;31:*.tbz2=01;31:*.tz=01;31:*.deb=01;31:*.rpm=01;31:*.jar=01;31:*.war=01;31:*.ear=01;31:*.sar=01;31:*.rar=01;31:*.alz=01;31:*.ace=01;31:*.zoo=01;31:*.cpio=01;31:*.7z=01;31:*.rz=01;31:*.cab=01;31:*.wim=01;31:*.swm=01;31:*.dwm=01;31:*.esd=01;31:*.jpg=01;35:*.jpeg=01;35:*.mjpg=01;35:*.mjpeg=01;35:*.gif=01;35:*.bmp=01;35:*.pbm=01;35:*.pgm=01;35:*.ppm=01;35:*.tga=01;35:*.xbm=01;35:*.xpm=01;35:*.tif=01;35:*.tiff=01;35:*.png=01;35:*.svg=01;35:*.svgz=01;35:*.mng=01;35:*.pcx=01;35:*.mov=01;35:*.mpg=01;35:*.mpeg=01;35:*.m2v=01;35:*.mkv=01;35:*.webm=01;35:*.webp=01;35:*.ogm=01;35:*.mp4=01;35:*.m4v=01;35:*.mp4v=01;35:*.vob=01;35:*.qt=01;35:*.nuv=01;35:*.wmv=01;35:*.asf=01;35:*.rm=01;35:*.rmvb=01;35:*.flc=01;35:*.avi=01;35:*.fli=01;35:*.flv=01;35:*.gl=01;35:*.dl=01;35:*.xcf=01;35:*.xwd=01;35:*.yuv=01;35:*.cgm=01;35:*.emf=01;35:*.ogv=01;35:*.ogx=01;35:*.aac=00;36:*.au=00;36:*.flac=00;36:*.m4a=00;36:*.mid=00;36:*.midi=00;36:*.mka=00;36:*.mp3=00;36:*.mpc=00;36:*.ogg=00;36:*.ra=00;36:*.wav=00;36:*.oga=00;36:*.opus=00;36:*.spx=00;36:*.xspf=00;36:', 'VSCODE_GIT_IPC_HANDLE': '/run/user/1000/vscode-git-0900024275.sock', 'TERM_PROGRAM': 'vscode', 'AMENT_PREFIX_PATH': '/opt/ros/humble', 'SHELL': '/bin/bash', 'LESSCLOSE': '/usr/bin/lesspipe %s %s', 'VSCODE_GIT_ASKPASS_EXTRA_ARGS': '', 'PWD': '/home/xc2204/ros2_new_study/build/TF_study', 'COPILOT_DEBUG_NONCE': 'b978874a506181b6f4863615adb6c962', 'XDG_DATA_DIRS': '/usr/local/share:/usr/share:/var/lib/snapd/desktop', 'PYTHONPATH': '/home/xc2204/ros2_new_study/build/TF_study/prefix_override:/usr/lib/python3/dist-packages/colcon_core/task/python/colcon_distutils_commands:/home/xc2204/ros2_new_study/install/TF_study/lib/python3.10/site-packages:/opt/ros/humble/lib/python3.10/site-packages:/opt/ros/humble/local/lib/python3.10/dist-packages', 'COLCON': '1', 'WSL2_GUI_APPS_ENABLED': '1', 'HOSTTYPE': 'x86_64', 'WSLENV': 'VSCODE_WSL_EXT_LOCATION/up'}, 'shell': False}
[1.174584] (face_detect) Command: {'cmd': ['/usr/bin/python3', '-W', 'ignore:setup.py install is deprecated', '-W', 'ignore:easy_install command is deprecated', 'setup.py', 'egg_info', '--egg-base', '../../build/face_detect', 'build', '--build-base', '/home/xc2204/ros2_new_study/build/face_detect/build', 'install', '--record', '/home/xc2204/ros2_new_study/build/face_detect/install.log', '--single-version-externally-managed', 'install_data'], 'cwd': '/home/xc2204/ros2_new_study/src/face_detect', 'env': {'LESSOPEN': '| /usr/bin/lesspipe %s', 'USER': 'xc2204', 'GIT_ASKPASS': '/home/xc2204/.vscode-server/bin/8761a5560cfd65fdd19ce7e2bd18dab5c0a4d84e/extensions/git/dist/askpass.sh', 'SHLVL': '1', 'RCUTILS_CONSOLE_OUTPUT_FORMAT': '[{function_name}:{line_number}]: {message}', 'LD_LIBRARY_PATH': '/usr/local/cuda-12.4/lib64:/usr/local/cuda-12.4/lib64:/usr/lib/x86_64-linux-gnu/gazebo-11/plugins:/opt/ros/humble/opt/rviz_ogre_vendor/lib:/opt/ros/humble/lib/x86_64-linux-gnu:/opt/ros/humble/lib', 'HOME': '/home/xc2204', 'TERM_PROGRAM_VERSION': '1.122.1', 'VSCODE_IPC_HOOK_CLI': '/run/user/1000/vscode-ipc-544457f5-9234-4635-8115-91864fbc5be9.sock', 'ROS_PYTHON_VERSION': '3', 'VSCODE_GIT_ASKPASS_MAIN': '/home/xc2204/.vscode-server/bin/8761a5560cfd65fdd19ce7e2bd18dab5c0a4d84e/extensions/git/dist/askpass-main.js', 'VSCODE_GIT_ASKPASS_NODE': '/home/xc2204/.vscode-server/bin/8761a5560cfd65fdd19ce7e2bd18dab5c0a4d84e/node', 'VSCODE_PYTHON_AUTOACTIVATE_GUARD': '1', 'DBUS_SESSION_BUS_ADDRESS': 'unix:path=/run/user/1000/bus', 'COLORTERM': 'truecolor', 'WSL_DISTRO_NAME': 'Ubuntu-22.04', 'WAYLAND_DISPLAY': 'wayland-0', 'ROS_DISTRO': 'humble', 'LOGNAME': 'xc2204', 'NAME': 'DESKTOP-LOL67EV', 'WSL_INTEROP': '/run/WSL/899_interop', 'PULSE_SERVER': 'unix:/mnt/wslg/PulseServer', '_': '/usr/bin/colcon', 'ROS_VERSION': '2', 'TERM': 'xterm-256color', 'ROS_LOCALHOST_ONLY': '0', 'PATH': '/usr/local/cuda-12.4/bin:/home/xc2204/.local/bin:/home/xc2204/.vscode-server/data/User/globalStorage/github.copilot-chat/debugCommand:/home/xc2204/.vscode-server/data/User/globalStorage/github.copilot-chat/copilotCli:/home/xc2204/.vscode-server/bin/8761a5560cfd65fdd19ce7e2bd18dab5c0a4d84e/bin/remote-cli:/home/xc2204/.local/bin:/usr/local/cuda-12.4/bin:/home/xc2204/.local/bin:/opt/ros/humble/bin:/usr/local/sbin:/usr/local/bin:/usr/sbin:/usr/bin:/sbin:/bin:/usr/games:/usr/local/games:/usr/lib/wsl/lib:/mnt/c/app/vmware station/bin/:/mnt/c/app/python3.13.2/Scripts/:/mnt/c/app/python3.13.2/:/mnt/c/WINDOWS/system32:/mnt/c/WINDOWS:/mnt/c/WINDOWS/System32/Wbem:/mnt/c/WINDOWS/System32/WindowsPowerShell/v1.0/:/mnt/c/WINDOWS/System32/OpenSSH/:/mnt/c/Users/Administrator/AppData/Local/Microsoft/WindowsApps:/mnt/c/Recovery/OEM/Backup/:/mnt/c/Program Files/dotnet/:/mnt/c/Program Files (x86)/NVIDIA Corporation/PhysX/Common:/mnt/c/Windows Kits/10/Windows Performance Toolkit/:/mnt/c/WINDOWS/system32:/mnt/c/WINDOWS:/mnt/c/WINDOWS/System32/Wbem:/mnt/c/WINDOWS/System32/WindowsPowerShell/v1.0/:/mnt/c/WINDOWS/System32/OpenSSH/:/mnt/c/app/MySQL/MySQL/MySQL Server 8.0/bin:/mnt/c/Program Files/nvm:/mnt/c/nvm4w/nodejs:/mnt/c/ProgramData/chocolatey/bin:/mnt/c/Program Files/nvm/v16.18.0:/mnt/c/app/web_study/Java11.0.30/bin:/mnt/c/Program Files (x86)/Microsoft SQL Server/160/Tools/Binn/:/mnt/c/Program Files/Microsoft SQL Server/160/Tools/Binn/:/mnt/c/Program Files/Microsoft SQL Server/Client SDK/ODBC/170/Tools/Binn/:/mnt/c/Program Files/Microsoft SQL Server/160/DTS/Binn/:/mnt/c/Program Files (x86)/Windows Kits/8.1/Windows Performance Toolkit/:/mnt/c/Program Files/NVIDIA Corporation/NVIDIA App/NvDLISR:/mnt/c/app/git/git/Git/cmd:/mnt/c/app/git/git/Git/mingw64/bin:/mnt/c/app/git/git/Git/usr/bin:/mnt/d/app/Matlab/matlab/runtime/win64:/mnt/d/app/Matlab/matlab/bin:/mnt/c/Program Files/Docker/Docker/resources/bin:/mnt/c/Program Files (x86)/Go/bin:/mnt/c/Program Files/usbipd-win/:/mnt/c/app/MySQL/MySQL/MySQL Shell 8.0/bin/:/mnt/c/Users/xc/AppData/Local/Microsoft/WindowsApps:/mnt/c/app/vscode/Microsoft VS Code/bin:/mnt/c/app/idea/IntelliJ IDEA Community Edition 2025.1.1.1/bin:/mnt/c/Program Files/nvm:/mnt/c/nvm4w/nodejs:/mnt/b/app/anaconda:/mnt/b/app/anaconda/Scripts:/mnt/b/app/anaconda/Library/bin:/mnt/b/opencv/opencv/build/x64/vc16/bin:/mnt/c/Users/xc/.dotnet/tools:/mnt/c/Users/xc/AppData/Local/Programs/Ollama:/mnt/c/Users/xc/.local/bin/:/mnt/c/Users/xc/go/bin:/snap/bin', 'XDG_RUNTIME_DIR': '/run/user/1000/', 'DISPLAY': ':0', 'LANG': 'C.UTF-8', 'LS_COLORS': 'rs=0:di=01;34:ln=01;36:mh=00:pi=40;33:so=01;35:do=01;35:bd=40;33;01:cd=40;33;01:or=40;31;01:mi=00:su=37;41:sg=30;43:ca=30;41:tw=30;42:ow=34;42:st=37;44:ex=01;32:*.tar=01;31:*.tgz=01;31:*.arc=01;31:*.arj=01;31:*.taz=01;31:*.lha=01;31:*.lz4=01;31:*.lzh=01;31:*.lzma=01;31:*.tlz=01;31:*.txz=01;31:*.tzo=01;31:*.t7z=01;31:*.zip=01;31:*.z=01;31:*.dz=01;31:*.gz=01;31:*.lrz=01;31:*.lz=01;31:*.lzo=01;31:*.xz=01;31:*.zst=01;31:*.tzst=01;31:*.bz2=01;31:*.bz=01;31:*.tbz=01;31:*.tbz2=01;31:*.tz=01;31:*.deb=01;31:*.rpm=01;31:*.jar=01;31:*.war=01;31:*.ear=01;31:*.sar=01;31:*.rar=01;31:*.alz=01;31:*.ace=01;31:*.zoo=01;31:*.cpio=01;31:*.7z=01;31:*.rz=01;31:*.cab=01;31:*.wim=01;31:*.swm=01;31:*.dwm=01;31:*.esd=01;31:*.jpg=01;35:*.jpeg=01;35:*.mjpg=01;35:*.mjpeg=01;35:*.gif=01;35:*.bmp=01;35:*.pbm=01;35:*.pgm=01;35:*.ppm=01;35:*.tga=01;35:*.xbm=01;35:*.xpm=01;35:*.tif=01;35:*.tiff=01;35:*.png=01;35:*.svg=01;35:*.svgz=01;35:*.mng=01;35:*.pcx=01;35:*.mov=01;35:*.mpg=01;35:*.mpeg=01;35:*.m2v=01;35:*.mkv=01;35:*.webm=01;35:*.webp=01;35:*.ogm=01;35:*.mp4=01;35:*.m4v=01;35:*.mp4v=01;35:*.vob=01;35:*.qt=01;35:*.nuv=01;35:*.wmv=01;35:*.asf=01;35:*.rm=01;35:*.rmvb=01;35:*.flc=01;35:*.avi=01;35:*.fli=01;35:*.flv=01;35:*.gl=01;35:*.dl=01;35:*.xcf=01;35:*.xwd=01;35:*.yuv=01;35:*.cgm=01;35:*.emf=01;35:*.ogv=01;35:*.ogx=01;35:*.aac=00;36:*.au=00;36:*.flac=00;36:*.m4a=00;36:*.mid=00;36:*.midi=00;36:*.mka=00;36:*.mp3=00;36:*.mpc=00;36:*.ogg=00;36:*.ra=00;36:*.wav=00;36:*.oga=00;36:*.opus=00;36:*.spx=00;36:*.xspf=00;36:', 'VSCODE_GIT_IPC_HANDLE': '/run/user/1000/vscode-git-0900024275.sock', 'TERM_PROGRAM': 'vscode', 'AMENT_PREFIX_PATH': '/opt/ros/humble', 'SHELL': '/bin/bash', 'LESSCLOSE': '/usr/bin/lesspipe %s %s', 'VSCODE_GIT_ASKPASS_EXTRA_ARGS': '', 'PWD': '/home/xc2204/ros2_new_study/build/face_detect', 'COPILOT_DEBUG_NONCE': 'b978874a506181b6f4863615adb6c962', 'XDG_DATA_DIRS': '/usr/local/share:/usr/share:/var/lib/snapd/desktop', 'PYTHONPATH': '/home/xc2204/ros2_new_study/build/face_detect/prefix_override:/usr/lib/python3/dist-packages/colcon_core/task/python/colcon_distutils_commands:/home/xc2204/ros2_new_study/install/face_detect/lib/python3.10/site-packages:/opt/ros/humble/lib/python3.10/site-packages:/opt/ros/humble/local/lib/python3.10/dist-packages', 'COLCON': '1', 'WSL2_GUI_APPS_ENABLED': '1', 'HOSTTYPE': 'x86_64', 'WSLENV': 'VSCODE_WSL_EXT_LOCATION/up'}, 'shell': False}
[1.220236] (-) TimerEvent: {}
[1.320688] (-) TimerEvent: {}
[1.376473] (face_detect) StdoutLine: {'line': b'running egg_info\n'}
[1.377060] (face_detect) StdoutLine: {'line': b'writing ../../build/face_detect/face_detect.egg-info/PKG-INFO\n'}
[1.377434] (face_detect) StdoutLine: {'line': b'writing dependency_links to ../../build/face_detect/face_detect.egg-info/dependency_links.txt\n'}
[1.377682] (face_detect) StdoutLine: {'line': b'writing entry points to ../../build/face_detect/face_detect.egg-info/entry_points.txt\n'}
[1.377777] (face_detect) StdoutLine: {'line': b'writing requirements to ../../build/face_detect/face_detect.egg-info/requires.txt\n'}
[1.378010] (face_detect) StdoutLine: {'line': b'writing top-level names to ../../build/face_detect/face_detect.egg-info/top_level.txt\n'}
[1.379101] (face_detect) StdoutLine: {'line': b"reading manifest file '../../build/face_detect/face_detect.egg-info/SOURCES.txt'\n"}
[1.379985] (face_detect) StdoutLine: {'line': b"writing manifest file '../../build/face_detect/face_detect.egg-info/SOURCES.txt'\n"}
[1.380251] (face_detect) StdoutLine: {'line': b'running build\n'}
[1.380447] (face_detect) StdoutLine: {'line': b'running build_py\n'}
[1.380535] (face_detect) StdoutLine: {'line': b'running install\n'}
[1.380760] (face_detect) StdoutLine: {'line': b'running install_lib\n'}
[1.381694] (face_detect) StdoutLine: {'line': b'running install_data\n'}
[1.382020] (face_detect) StdoutLine: {'line': b'running install_egg_info\n'}
[1.382400] (TF_study) StdoutLine: {'line': b'running egg_info\n'}
[1.383192] (TF_study) StdoutLine: {'line': b'writing ../../build/TF_study/TF_study.egg-info/PKG-INFO\n'}
[1.383593] (TF_study) StdoutLine: {'line': b'writing dependency_links to ../../build/TF_study/TF_study.egg-info/dependency_links.txt\n'}
[1.383688] (face_detect) StdoutLine: {'line': b"removing '/home/xc2204/ros2_new_study/install/face_detect/lib/python3.10/site-packages/face_detect-0.0.0-py3.10.egg-info' (and everything under it)\n"}
[1.384156] (TF_study) StdoutLine: {'line': b'writing entry points to ../../build/TF_study/TF_study.egg-info/entry_points.txt\n'}
[1.384238] (face_detect) StdoutLine: {'line': b'Copying ../../build/face_detect/face_detect.egg-info to /home/xc2204/ros2_new_study/install/face_detect/lib/python3.10/site-packages/face_detect-0.0.0-py3.10.egg-info\n'}
[1.384280] (TF_study) StdoutLine: {'line': b'writing requirements to ../../build/TF_study/TF_study.egg-info/requires.txt\n'}
[1.384313] (TF_study) StdoutLine: {'line': b'writing top-level names to ../../build/TF_study/TF_study.egg-info/top_level.txt\n'}
[1.384829] (face_detect) StdoutLine: {'line': b'running install_scripts\n'}
[1.386311] (TF_study) StdoutLine: {'line': b"reading manifest file '../../build/TF_study/TF_study.egg-info/SOURCES.txt'\n"}
[1.386589] (TF_study) StdoutLine: {'line': b"adding license file 'LICENSE'\n"}
[1.387106] (TF_study) StdoutLine: {'line': b"writing manifest file '../../build/TF_study/TF_study.egg-info/SOURCES.txt'\n"}
[1.387354] (TF_study) StdoutLine: {'line': b'running build\n'}
[1.387503] (TF_study) StdoutLine: {'line': b'running build_py\n'}
[1.388172] (TF_study) StdoutLine: {'line': b'running install\n'}
[1.388519] (TF_study) StdoutLine: {'line': b'running install_lib\n'}
[1.390156] (TF_study) StdoutLine: {'line': b'running install_data\n'}
[1.390333] (TF_study) StdoutLine: {'line': b'running install_egg_info\n'}
[1.391766] (TF_study) StdoutLine: {'line': b"removing '/home/xc2204/ros2_new_study/install/TF_study/lib/python3.10/site-packages/TF_study-0.0.0-py3.10.egg-info' (and everything under it)\n"}
[1.392141] (TF_study) StdoutLine: {'line': b'Copying ../../build/TF_study/TF_study.egg-info to /home/xc2204/ros2_new_study/install/TF_study/lib/python3.10/site-packages/TF_study-0.0.0-py3.10.egg-info\n'}
[1.393368] (TF_study) StdoutLine: {'line': b'running install_scripts\n'}
[1.404336] (face_detect) StdoutLine: {'line': b'Installing client_face_detect script to /home/xc2204/ros2_new_study/install/face_detect/lib/face_detect\n'}
[1.404693] (face_detect) StdoutLine: {'line': b'Installing srv_face_detect script to /home/xc2204/ros2_new_study/install/face_detect/lib/face_detect\n'}
[1.404823] (face_detect) StdoutLine: {'line': b'Installing video_detect script to /home/xc2204/ros2_new_study/install/face_detect/lib/face_detect\n'}
[1.405118] (face_detect) StdoutLine: {'line': b"writing list of installed files to '/home/xc2204/ros2_new_study/build/face_detect/install.log'\n"}
[1.412823] (TF_study) StdoutLine: {'line': b'Installing dynamic_tf_broadcaster script to /home/xc2204/ros2_new_study/install/TF_study/lib/TF_study\n'}
[1.413223] (TF_study) StdoutLine: {'line': b'Installing static_tf_broadcaster script to /home/xc2204/ros2_new_study/install/TF_study/lib/TF_study\n'}
[1.413284] (TF_study) StdoutLine: {'line': b'Installing tf_listen script to /home/xc2204/ros2_new_study/install/TF_study/lib/TF_study\n'}
[1.413486] (TF_study) StdoutLine: {'line': b"writing list of installed files to '/home/xc2204/ros2_new_study/build/TF_study/install.log'\n"}
[1.420980] (-) TimerEvent: {}
[1.436932] (face_detect) CommandEnded: {'returncode': 0}
[1.443893] (face_detect) JobEnded: {'identifier': 'face_detect', 'rc': 0}
[1.445618] (TF_study) CommandEnded: {'returncode': 0}
[1.452454] (TF_study) JobEnded: {'identifier': 'TF_study', 'rc': 0}
[1.496213] (test_pkg) Command: {'cmd': ['/usr/bin/python3', '-W', 'ignore:setup.py install is deprecated', '-W', 'ignore:easy_install command is deprecated', 'setup.py', 'egg_info', '--egg-base', '../../build/test_pkg', 'build', '--build-base', '/home/xc2204/ros2_new_study/build/test_pkg/build', 'install', '--record', '/home/xc2204/ros2_new_study/build/test_pkg/install.log', '--single-version-externally-managed', 'install_data'], 'cwd': '/home/xc2204/ros2_new_study/src/test_pkg', 'env': {'LESSOPEN': '| /usr/bin/lesspipe %s', 'USER': 'xc2204', 'GIT_ASKPASS': '/home/xc2204/.vscode-server/bin/8761a5560cfd65fdd19ce7e2bd18dab5c0a4d84e/extensions/git/dist/askpass.sh', 'SHLVL': '1', 'RCUTILS_CONSOLE_OUTPUT_FORMAT': '[{function_name}:{line_number}]: {message}', 'LD_LIBRARY_PATH': '/home/xc2204/ros2_new_study/install/msg_interfaces/lib:/usr/local/cuda-12.4/lib64:/usr/local/cuda-12.4/lib64:/usr/lib/x86_64-linux-gnu/gazebo-11/plugins:/opt/ros/humble/opt/rviz_ogre_vendor/lib:/opt/ros/humble/lib/x86_64-linux-gnu:/opt/ros/humble/lib', 'HOME': '/home/xc2204', 'TERM_PROGRAM_VERSION': '1.122.1', 'VSCODE_IPC_HOOK_CLI': '/run/user/1000/vscode-ipc-544457f5-9234-4635-8115-91864fbc5be9.sock', 'ROS_PYTHON_VERSION': '3', 'VSCODE_GIT_ASKPASS_MAIN': '/home/xc2204/.vscode-server/bin/8761a5560cfd65fdd19ce7e2bd18dab5c0a4d84e/extensions/git/dist/askpass-main.js', 'VSCODE_GIT_ASKPASS_NODE': '/home/xc2204/.vscode-server/bin/8761a5560cfd65fdd19ce7e2bd18dab5c0a4d84e/node', 'VSCODE_PYTHON_AUTOACTIVATE_GUARD': '1', 'DBUS_SESSION_BUS_ADDRESS': 'unix:path=/run/user/1000/bus', 'COLORTERM': 'truecolor', 'WSL_DISTRO_NAME': 'Ubuntu-22.04', 'WAYLAND_DISPLAY': 'wayland-0', 'ROS_DISTRO': 'humble', 'LOGNAME': 'xc2204', 'NAME': 'DESKTOP-LOL67EV', 'WSL_INTEROP': '/run/WSL/899_interop', 'PULSE_SERVER': 'unix:/mnt/wslg/PulseServer', '_': '/usr/bin/colcon', 'ROS_VERSION': '2', 'TERM': 'xterm-256color', 'ROS_LOCALHOST_ONLY': '0', 'PATH': '/usr/local/cuda-12.4/bin:/home/xc2204/.local/bin:/home/xc2204/.vscode-server/data/User/globalStorage/github.copilot-chat/debugCommand:/home/xc2204/.vscode-server/data/User/globalStorage/github.copilot-chat/copilotCli:/home/xc2204/.vscode-server/bin/8761a5560cfd65fdd19ce7e2bd18dab5c0a4d84e/bin/remote-cli:/home/xc2204/.local/bin:/usr/local/cuda-12.4/bin:/home/xc2204/.local/bin:/opt/ros/humble/bin:/usr/local/sbin:/usr/local/bin:/usr/sbin:/usr/bin:/sbin:/bin:/usr/games:/usr/local/games:/usr/lib/wsl/lib:/mnt/c/app/vmware station/bin/:/mnt/c/app/python3.13.2/Scripts/:/mnt/c/app/python3.13.2/:/mnt/c/WINDOWS/system32:/mnt/c/WINDOWS:/mnt/c/WINDOWS/System32/Wbem:/mnt/c/WINDOWS/System32/WindowsPowerShell/v1.0/:/mnt/c/WINDOWS/System32/OpenSSH/:/mnt/c/Users/Administrator/AppData/Local/Microsoft/WindowsApps:/mnt/c/Recovery/OEM/Backup/:/mnt/c/Program Files/dotnet/:/mnt/c/Program Files (x86)/NVIDIA Corporation/PhysX/Common:/mnt/c/Windows Kits/10/Windows Performance Toolkit/:/mnt/c/WINDOWS/system32:/mnt/c/WINDOWS:/mnt/c/WINDOWS/System32/Wbem:/mnt/c/WINDOWS/System32/WindowsPowerShell/v1.0/:/mnt/c/WINDOWS/System32/OpenSSH/:/mnt/c/app/MySQL/MySQL/MySQL Server 8.0/bin:/mnt/c/Program Files/nvm:/mnt/c/nvm4w/nodejs:/mnt/c/ProgramData/chocolatey/bin:/mnt/c/Program Files/nvm/v16.18.0:/mnt/c/app/web_study/Java11.0.30/bin:/mnt/c/Program Files (x86)/Microsoft SQL Server/160/Tools/Binn/:/mnt/c/Program Files/Microsoft SQL Server/160/Tools/Binn/:/mnt/c/Program Files/Microsoft SQL Server/Client SDK/ODBC/170/Tools/Binn/:/mnt/c/Program Files/Microsoft SQL Server/160/DTS/Binn/:/mnt/c/Program Files (x86)/Windows Kits/8.1/Windows Performance Toolkit/:/mnt/c/Program Files/NVIDIA Corporation/NVIDIA App/NvDLISR:/mnt/c/app/git/git/Git/cmd:/mnt/c/app/git/git/Git/mingw64/bin:/mnt/c/app/git/git/Git/usr/bin:/mnt/d/app/Matlab/matlab/runtime/win64:/mnt/d/app/Matlab/matlab/bin:/mnt/c/Program Files/Docker/Docker/resources/bin:/mnt/c/Program Files (x86)/Go/bin:/mnt/c/Program Files/usbipd-win/:/mnt/c/app/MySQL/MySQL/MySQL Shell 8.0/bin/:/mnt/c/Users/xc/AppData/Local/Microsoft/WindowsApps:/mnt/c/app/vscode/Microsoft VS Code/bin:/mnt/c/app/idea/IntelliJ IDEA Community Edition 2025.1.1.1/bin:/mnt/c/Program Files/nvm:/mnt/c/nvm4w/nodejs:/mnt/b/app/anaconda:/mnt/b/app/anaconda/Scripts:/mnt/b/app/anaconda/Library/bin:/mnt/b/opencv/opencv/build/x64/vc16/bin:/mnt/c/Users/xc/.dotnet/tools:/mnt/c/Users/xc/AppData/Local/Programs/Ollama:/mnt/c/Users/xc/.local/bin/:/mnt/c/Users/xc/go/bin:/snap/bin', 'XDG_RUNTIME_DIR': '/run/user/1000/', 'DISPLAY': ':0', 'LANG': 'C.UTF-8', 'LS_COLORS': 'rs=0:di=01;34:ln=01;36:mh=00:pi=40;33:so=01;35:do=01;35:bd=40;33;01:cd=40;33;01:or=40;31;01:mi=00:su=37;41:sg=30;43:ca=30;41:tw=30;42:ow=34;42:st=37;44:ex=01;32:*.tar=01;31:*.tgz=01;31:*.arc=01;31:*.arj=01;31:*.taz=01;31:*.lha=01;31:*.lz4=01;31:*.lzh=01;31:*.lzma=01;31:*.tlz=01;31:*.txz=01;31:*.tzo=01;31:*.t7z=01;31:*.zip=01;31:*.z=01;31:*.dz=01;31:*.gz=01;31:*.lrz=01;31:*.lz=01;31:*.lzo=01;31:*.xz=01;31:*.zst=01;31:*.tzst=01;31:*.bz2=01;31:*.bz=01;31:*.tbz=01;31:*.tbz2=01;31:*.tz=01;31:*.deb=01;31:*.rpm=01;31:*.jar=01;31:*.war=01;31:*.ear=01;31:*.sar=01;31:*.rar=01;31:*.alz=01;31:*.ace=01;31:*.zoo=01;31:*.cpio=01;31:*.7z=01;31:*.rz=01;31:*.cab=01;31:*.wim=01;31:*.swm=01;31:*.dwm=01;31:*.esd=01;31:*.jpg=01;35:*.jpeg=01;35:*.mjpg=01;35:*.mjpeg=01;35:*.gif=01;35:*.bmp=01;35:*.pbm=01;35:*.pgm=01;35:*.ppm=01;35:*.tga=01;35:*.xbm=01;35:*.xpm=01;35:*.tif=01;35:*.tiff=01;35:*.png=01;35:*.svg=01;35:*.svgz=01;35:*.mng=01;35:*.pcx=01;35:*.mov=01;35:*.mpg=01;35:*.mpeg=01;35:*.m2v=01;35:*.mkv=01;35:*.webm=01;35:*.webp=01;35:*.ogm=01;35:*.mp4=01;35:*.m4v=01;35:*.mp4v=01;35:*.vob=01;35:*.qt=01;35:*.nuv=01;35:*.wmv=01;35:*.asf=01;35:*.rm=01;35:*.rmvb=01;35:*.flc=01;35:*.avi=01;35:*.fli=01;35:*.flv=01;35:*.gl=01;35:*.dl=01;35:*.xcf=01;35:*.xwd=01;35:*.yuv=01;35:*.cgm=01;35:*.emf=01;35:*.ogv=01;35:*.ogx=01;35:*.aac=00;36:*.au=00;36:*.flac=00;36:*.m4a=00;36:*.mid=00;36:*.midi=00;36:*.mka=00;36:*.mp3=00;36:*.mpc=00;36:*.ogg=00;36:*.ra=00;36:*.wav=00;36:*.oga=00;36:*.opus=00;36:*.spx=00;36:*.xspf=00;36:', 'VSCODE_GIT_IPC_HANDLE': '/run/user/1000/vscode-git-0900024275.sock', 'TERM_PROGRAM': 'vscode', 'AMENT_PREFIX_PATH': '/home/xc2204/ros2_new_study/install/msg_interfaces:/opt/ros/humble', 'SHELL': '/bin/bash', 'LESSCLOSE': '/usr/bin/lesspipe %s %s', 'VSCODE_GIT_ASKPASS_EXTRA_ARGS': '', 'PWD': '/home/xc2204/ros2_new_study/build/test_pkg', 'COPILOT_DEBUG_NONCE': 'b978874a506181b6f4863615adb6c962', 'XDG_DATA_DIRS': '/usr/local/share:/usr/share:/var/lib/snapd/desktop', 'PYTHONPATH': '/home/xc2204/ros2_new_study/build/test_pkg/prefix_override:/usr/lib/python3/dist-packages/colcon_core/task/python/colcon_distutils_commands:/home/xc2204/ros2_new_study/install/test_pkg/lib/python3.10/site-packages:/home/xc2204/ros2_new_study/install/msg_interfaces/local/lib/python3.10/dist-packages:/opt/ros/humble/lib/python3.10/site-packages:/opt/ros/humble/local/lib/python3.10/dist-packages', 'COLCON': '1', 'WSL2_GUI_APPS_ENABLED': '1', 'HOSTTYPE': 'x86_64', 'WSLENV': 'VSCODE_WSL_EXT_LOCATION/up', 'CMAKE_PREFIX_PATH': '/home/xc2204/ros2_new_study/install/msg_interfaces'}, 'shell': False}
[1.521583] (-) TimerEvent: {}
[1.622155] (-) TimerEvent: {}
[1.629830] (pc_stuts) Command: {'cmd': ['/usr/bin/python3', '-W', 'ignore:setup.py install is deprecated', '-W', 'ignore:easy_install command is deprecated', 'setup.py', 'egg_info', '--egg-base', '../../build/pc_stuts', 'build', '--build-base', '/home/xc2204/ros2_new_study/build/pc_stuts/build', 'install', '--record', '/home/xc2204/ros2_new_study/build/pc_stuts/install.log', '--single-version-externally-managed', 'install_data'], 'cwd': '/home/xc2204/ros2_new_study/src/pc_stuts', 'env': {'LESSOPEN': '| /usr/bin/lesspipe %s', 'USER': 'xc2204', 'GIT_ASKPASS': '/home/xc2204/.vscode-server/bin/8761a5560cfd65fdd19ce7e2bd18dab5c0a4d84e/extensions/git/dist/askpass.sh', 'SHLVL': '1', 'RCUTILS_CONSOLE_OUTPUT_FORMAT': '[{function_name}:{line_number}]: {message}', 'LD_LIBRARY_PATH': '/home/xc2204/ros2_new_study/install/msg_interfaces/lib:/usr/local/cuda-12.4/lib64:/usr/local/cuda-12.4/lib64:/usr/lib/x86_64-linux-gnu/gazebo-11/plugins:/opt/ros/humble/opt/rviz_ogre_vendor/lib:/opt/ros/humble/lib/x86_64-linux-gnu:/opt/ros/humble/lib', 'HOME': '/home/xc2204', 'TERM_PROGRAM_VERSION': '1.122.1', 'VSCODE_IPC_HOOK_CLI': '/run/user/1000/vscode-ipc-544457f5-9234-4635-8115-91864fbc5be9.sock', 'ROS_PYTHON_VERSION': '3', 'VSCODE_GIT_ASKPASS_MAIN': '/home/xc2204/.vscode-server/bin/8761a5560cfd65fdd19ce7e2bd18dab5c0a4d84e/extensions/git/dist/askpass-main.js', 'VSCODE_GIT_ASKPASS_NODE': '/home/xc2204/.vscode-server/bin/8761a5560cfd65fdd19ce7e2bd18dab5c0a4d84e/node', 'VSCODE_PYTHON_AUTOACTIVATE_GUARD': '1', 'DBUS_SESSION_BUS_ADDRESS': 'unix:path=/run/user/1000/bus', 'COLORTERM': 'truecolor', 'WSL_DISTRO_NAME': 'Ubuntu-22.04', 'WAYLAND_DISPLAY': 'wayland-0', 'ROS_DISTRO': 'humble', 'LOGNAME': 'xc2204', 'NAME': 'DESKTOP-LOL67EV', 'WSL_INTEROP': '/run/WSL/899_interop', 'PULSE_SERVER': 'unix:/mnt/wslg/PulseServer', '_': '/usr/bin/colcon', 'ROS_VERSION': '2', 'TERM': 'xterm-256color', 'ROS_LOCALHOST_ONLY': '0', 'PATH': '/usr/local/cuda-12.4/bin:/home/xc2204/.local/bin:/home/xc2204/.vscode-server/data/User/globalStorage/github.copilot-chat/debugCommand:/home/xc2204/.vscode-server/data/User/globalStorage/github.copilot-chat/copilotCli:/home/xc2204/.vscode-server/bin/8761a5560cfd65fdd19ce7e2bd18dab5c0a4d84e/bin/remote-cli:/home/xc2204/.local/bin:/usr/local/cuda-12.4/bin:/home/xc2204/.local/bin:/opt/ros/humble/bin:/usr/local/sbin:/usr/local/bin:/usr/sbin:/usr/bin:/sbin:/bin:/usr/games:/usr/local/games:/usr/lib/wsl/lib:/mnt/c/app/vmware station/bin/:/mnt/c/app/python3.13.2/Scripts/:/mnt/c/app/python3.13.2/:/mnt/c/WINDOWS/system32:/mnt/c/WINDOWS:/mnt/c/WINDOWS/System32/Wbem:/mnt/c/WINDOWS/System32/WindowsPowerShell/v1.0/:/mnt/c/WINDOWS/System32/OpenSSH/:/mnt/c/Users/Administrator/AppData/Local/Microsoft/WindowsApps:/mnt/c/Recovery/OEM/Backup/:/mnt/c/Program Files/dotnet/:/mnt/c/Program Files (x86)/NVIDIA Corporation/PhysX/Common:/mnt/c/Windows Kits/10/Windows Performance Toolkit/:/mnt/c/WINDOWS/system32:/mnt/c/WINDOWS:/mnt/c/WINDOWS/System32/Wbem:/mnt/c/WINDOWS/System32/WindowsPowerShell/v1.0/:/mnt/c/WINDOWS/System32/OpenSSH/:/mnt/c/app/MySQL/MySQL/MySQL Server 8.0/bin:/mnt/c/Program Files/nvm:/mnt/c/nvm4w/nodejs:/mnt/c/ProgramData/chocolatey/bin:/mnt/c/Program Files/nvm/v16.18.0:/mnt/c/app/web_study/Java11.0.30/bin:/mnt/c/Program Files (x86)/Microsoft SQL Server/160/Tools/Binn/:/mnt/c/Program Files/Microsoft SQL Server/160/Tools/Binn/:/mnt/c/Program Files/Microsoft SQL Server/Client SDK/ODBC/170/Tools/Binn/:/mnt/c/Program Files/Microsoft SQL Server/160/DTS/Binn/:/mnt/c/Program Files (x86)/Windows Kits/8.1/Windows Performance Toolkit/:/mnt/c/Program Files/NVIDIA Corporation/NVIDIA App/NvDLISR:/mnt/c/app/git/git/Git/cmd:/mnt/c/app/git/git/Git/mingw64/bin:/mnt/c/app/git/git/Git/usr/bin:/mnt/d/app/Matlab/matlab/runtime/win64:/mnt/d/app/Matlab/matlab/bin:/mnt/c/Program Files/Docker/Docker/resources/bin:/mnt/c/Program Files (x86)/Go/bin:/mnt/c/Program Files/usbipd-win/:/mnt/c/app/MySQL/MySQL/MySQL Shell 8.0/bin/:/mnt/c/Users/xc/AppData/Local/Microsoft/WindowsApps:/mnt/c/app/vscode/Microsoft VS Code/bin:/mnt/c/app/idea/IntelliJ IDEA Community Edition 2025.1.1.1/bin:/mnt/c/Program Files/nvm:/mnt/c/nvm4w/nodejs:/mnt/b/app/anaconda:/mnt/b/app/anaconda/Scripts:/mnt/b/app/anaconda/Library/bin:/mnt/b/opencv/opencv/build/x64/vc16/bin:/mnt/c/Users/xc/.dotnet/tools:/mnt/c/Users/xc/AppData/Local/Programs/Ollama:/mnt/c/Users/xc/.local/bin/:/mnt/c/Users/xc/go/bin:/snap/bin', 'XDG_RUNTIME_DIR': '/run/user/1000/', 'DISPLAY': ':0', 'LANG': 'C.UTF-8', 'LS_COLORS': 'rs=0:di=01;34:ln=01;36:mh=00:pi=40;33:so=01;35:do=01;35:bd=40;33;01:cd=40;33;01:or=40;31;01:mi=00:su=37;41:sg=30;43:ca=30;41:tw=30;42:ow=34;42:st=37;44:ex=01;32:*.tar=01;31:*.tgz=01;31:*.arc=01;31:*.arj=01;31:*.taz=01;31:*.lha=01;31:*.lz4=01;31:*.lzh=01;31:*.lzma=01;31:*.tlz=01;31:*.txz=01;31:*.tzo=01;31:*.t7z=01;31:*.zip=01;31:*.z=01;31:*.dz=01;31:*.gz=01;31:*.lrz=01;31:*.lz=01;31:*.lzo=01;31:*.xz=01;31:*.zst=01;31:*.tzst=01;31:*.bz2=01;31:*.bz=01;31:*.tbz=01;31:*.tbz2=01;31:*.tz=01;31:*.deb=01;31:*.rpm=01;31:*.jar=01;31:*.war=01;31:*.ear=01;31:*.sar=01;31:*.rar=01;31:*.alz=01;31:*.ace=01;31:*.zoo=01;31:*.cpio=01;31:*.7z=01;31:*.rz=01;31:*.cab=01;31:*.wim=01;31:*.swm=01;31:*.dwm=01;31:*.esd=01;31:*.jpg=01;35:*.jpeg=01;35:*.mjpg=01;35:*.mjpeg=01;35:*.gif=01;35:*.bmp=01;35:*.pbm=01;35:*.pgm=01;35:*.ppm=01;35:*.tga=01;35:*.xbm=01;35:*.xpm=01;35:*.tif=01;35:*.tiff=01;35:*.png=01;35:*.svg=01;35:*.svgz=01;35:*.mng=01;35:*.pcx=01;35:*.mov=01;35:*.mpg=01;35:*.mpeg=01;35:*.m2v=01;35:*.mkv=01;35:*.webm=01;35:*.webp=01;35:*.ogm=01;35:*.mp4=01;35:*.m4v=01;35:*.mp4v=01;35:*.vob=01;35:*.qt=01;35:*.nuv=01;35:*.wmv=01;35:*.asf=01;35:*.rm=01;35:*.rmvb=01;35:*.flc=01;35:*.avi=01;35:*.fli=01;35:*.flv=01;35:*.gl=01;35:*.dl=01;35:*.xcf=01;35:*.xwd=01;35:*.yuv=01;35:*.cgm=01;35:*.emf=01;35:*.ogv=01;35:*.ogx=01;35:*.aac=00;36:*.au=00;36:*.flac=00;36:*.m4a=00;36:*.mid=00;36:*.midi=00;36:*.mka=00;36:*.mp3=00;36:*.mpc=00;36:*.ogg=00;36:*.ra=00;36:*.wav=00;36:*.oga=00;36:*.opus=00;36:*.spx=00;36:*.xspf=00;36:', 'VSCODE_GIT_IPC_HANDLE': '/run/user/1000/vscode-git-0900024275.sock', 'TERM_PROGRAM': 'vscode', 'AMENT_PREFIX_PATH': '/home/xc2204/ros2_new_study/install/msg_interfaces:/opt/ros/humble', 'SHELL': '/bin/bash', 'LESSCLOSE': '/usr/bin/lesspipe %s %s', 'VSCODE_GIT_ASKPASS_EXTRA_ARGS': '', 'PWD': '/home/xc2204/ros2_new_study/build/pc_stuts', 'COPILOT_DEBUG_NONCE': 'b978874a506181b6f4863615adb6c962', 'XDG_DATA_DIRS': '/usr/local/share:/usr/share:/var/lib/snapd/desktop', 'PYTHONPATH': '/home/xc2204/ros2_new_study/build/pc_stuts/prefix_override:/usr/lib/python3/dist-packages/colcon_core/task/python/colcon_distutils_commands:/home/xc2204/ros2_new_study/install/pc_stuts/lib/python3.10/site-packages:/home/xc2204/ros2_new_study/install/msg_interfaces/local/lib/python3.10/dist-packages:/opt/ros/humble/lib/python3.10/site-packages:/opt/ros/humble/local/lib/python3.10/dist-packages', 'COLCON': '1', 'WSL2_GUI_APPS_ENABLED': '1', 'HOSTTYPE': 'x86_64', 'WSLENV': 'VSCODE_WSL_EXT_LOCATION/up', 'CMAKE_PREFIX_PATH': '/home/xc2204/ros2_new_study/install/msg_interfaces'}, 'shell': False}
[1.683344] (test_pkg) StdoutLine: {'line': b'running egg_info\n'}
[1.683953] (test_pkg) StdoutLine: {'line': b'writing ../../build/test_pkg/test_pkg.egg-info/PKG-INFO\n'}
[1.684275] (test_pkg) StdoutLine: {'line': b'writing dependency_links to ../../build/test_pkg/test_pkg.egg-info/dependency_links.txt\n'}
[1.684485] (test_pkg) StdoutLine: {'line': b'writing entry points to ../../build/test_pkg/test_pkg.egg-info/entry_points.txt\n'}
[1.684796] (test_pkg) StdoutLine: {'line': b'writing requirements to ../../build/test_pkg/test_pkg.egg-info/requires.txt\n'}
[1.684868] (test_pkg) StdoutLine: {'line': b'writing top-level names to ../../build/test_pkg/test_pkg.egg-info/top_level.txt\n'}
[1.685871] (test_pkg) StdoutLine: {'line': b"reading manifest file '../../build/test_pkg/test_pkg.egg-info/SOURCES.txt'\n"}
[1.686079] (test_pkg) StdoutLine: {'line': b"adding license file 'LICENSE'\n"}
[1.686654] (test_pkg) StdoutLine: {'line': b"writing manifest file '../../build/test_pkg/test_pkg.egg-info/SOURCES.txt'\n"}
[1.686822] (test_pkg) StdoutLine: {'line': b'running build\n'}
[1.686894] (test_pkg) StdoutLine: {'line': b'running build_py\n'}
[1.687048] (test_pkg) StdoutLine: {'line': b'running install\n'}
[1.687345] (test_pkg) StdoutLine: {'line': b'running install_lib\n'}
[1.688430] (test_pkg) StdoutLine: {'line': b'running install_data\n'}
[1.688617] (test_pkg) StdoutLine: {'line': b'running install_egg_info\n'}
[1.690077] (test_pkg) StdoutLine: {'line': b"removing '/home/xc2204/ros2_new_study/install/test_pkg/lib/python3.10/site-packages/test_pkg-0.0.0-py3.10.egg-info' (and everything under it)\n"}
[1.690406] (test_pkg) StdoutLine: {'line': b'Copying ../../build/test_pkg/test_pkg.egg-info to /home/xc2204/ros2_new_study/install/test_pkg/lib/python3.10/site-packages/test_pkg-0.0.0-py3.10.egg-info\n'}
[1.691047] (test_pkg) StdoutLine: {'line': b'running install_scripts\n'}
[1.710915] (test_pkg) StdoutLine: {'line': b'Installing download_node script to /home/xc2204/ros2_new_study/install/test_pkg/lib/test_pkg\n'}
[1.711343] (test_pkg) StdoutLine: {'line': b'Installing name_node script to /home/xc2204/ros2_new_study/install/test_pkg/lib/test_pkg\n'}
[1.711479] (test_pkg) StdoutLine: {'line': b'Installing publisher_node script to /home/xc2204/ros2_new_study/install/test_pkg/lib/test_pkg\n'}
[1.711728] (test_pkg) StdoutLine: {'line': b'Installing subscriber_node script to /home/xc2204/ros2_new_study/install/test_pkg/lib/test_pkg\n'}
[1.711777] (test_pkg) StdoutLine: {'line': b"writing list of installed files to '/home/xc2204/ros2_new_study/build/test_pkg/install.log'\n"}
[1.722858] (-) TimerEvent: {}
[1.733491] (test_pkg) CommandEnded: {'returncode': 0}
[1.739136] (test_pkg) JobEnded: {'identifier': 'test_pkg', 'rc': 0}
[1.823590] (-) TimerEvent: {}
[1.827194] (pc_stuts) StdoutLine: {'line': b'running egg_info\n'}
[1.828021] (pc_stuts) StdoutLine: {'line': b'writing ../../build/pc_stuts/pc_stuts.egg-info/PKG-INFO\n'}
[1.828283] (pc_stuts) StdoutLine: {'line': b'writing dependency_links to ../../build/pc_stuts/pc_stuts.egg-info/dependency_links.txt\n'}
[1.828525] (pc_stuts) StdoutLine: {'line': b'writing entry points to ../../build/pc_stuts/pc_stuts.egg-info/entry_points.txt\n'}
[1.828756] (pc_stuts) StdoutLine: {'line': b'writing requirements to ../../build/pc_stuts/pc_stuts.egg-info/requires.txt\n'}
[1.828918] (pc_stuts) StdoutLine: {'line': b'writing top-level names to ../../build/pc_stuts/pc_stuts.egg-info/top_level.txt\n'}
[1.831073] (pc_stuts) StdoutLine: {'line': b"reading manifest file '../../build/pc_stuts/pc_stuts.egg-info/SOURCES.txt'\n"}
[1.832241] (pc_stuts) StdoutLine: {'line': b"writing manifest file '../../build/pc_stuts/pc_stuts.egg-info/SOURCES.txt'\n"}
[1.832506] (pc_stuts) StdoutLine: {'line': b'running build\n'}
[1.832592] (pc_stuts) StdoutLine: {'line': b'running build_py\n'}
[1.833069] (pc_stuts) StdoutLine: {'line': b'running install\n'}
[1.833526] (pc_stuts) StdoutLine: {'line': b'running install_lib\n'}
[1.835023] (pc_stuts) StdoutLine: {'line': b'running install_data\n'}
[1.835132] (pc_stuts) StdoutLine: {'line': b'running install_egg_info\n'}
[1.837001] (pc_stuts) StdoutLine: {'line': b"removing '/home/xc2204/ros2_new_study/install/pc_stuts/lib/python3.10/site-packages/pc_stuts-0.0.0-py3.10.egg-info' (and everything under it)\n"}
[1.837363] (pc_stuts) StdoutLine: {'line': b'Copying ../../build/pc_stuts/pc_stuts.egg-info to /home/xc2204/ros2_new_study/install/pc_stuts/lib/python3.10/site-packages/pc_stuts-0.0.0-py3.10.egg-info\n'}
[1.838118] (pc_stuts) StdoutLine: {'line': b'running install_scripts\n'}
[1.857186] (pc_stuts) StdoutLine: {'line': b'Installing qt_ui script to /home/xc2204/ros2_new_study/install/pc_stuts/lib/pc_stuts\n'}
[1.857638] (pc_stuts) StdoutLine: {'line': b'Installing stuts_pub script to /home/xc2204/ros2_new_study/install/pc_stuts/lib/pc_stuts\n'}
[1.857873] (pc_stuts) StdoutLine: {'line': b'Installing stuts_sub script to /home/xc2204/ros2_new_study/install/pc_stuts/lib/pc_stuts\n'}
[1.857966] (pc_stuts) StdoutLine: {'line': b"writing list of installed files to '/home/xc2204/ros2_new_study/build/pc_stuts/install.log'\n"}
[1.881182] (pc_stuts) CommandEnded: {'returncode': 0}
[1.887490] (pc_stuts) JobEnded: {'identifier': 'pc_stuts', 'rc': 0}
[1.888637] (-) EventReactorShutdown: {}
